00001GCF_000001735.3_TAIR10.fna,48405.00,1281.00,0.03,20268.00,9636.00,17220.00,0.43,0.20,0.37,0.44,1461428.00,607431.00,774048.00,0.51,0.21,0.27,15071437.00,12669337.00,18315213.00,17198430.00,63300000.00,00001GCF_000001735.3_TAIR10.fna,7.00,0.39,1241255.00,1932547.00,1960487.00,18323713.00,18320942.00,28386515.00,28366864.00,TRUE,#REF!,#REF!,#REF!,#REF!,#REF!,#REF!,#REF!,#REF!,#REF!,#REF!,#REF!,#REF!
00002GCF_000002425.3_V1.1.fna,39849.00,8127.00,0.20,13028.00,8786.00,9908.00,0.41,0.28,0.31,0.47,809718.00,324088.00,364344.00,0.54,0.22,0.24,10265501.00,8286344.00,11008620.00,9810903.00,39400000.00,00002GCF_000002425.3_V1.1.fna,1990.00,0.39,3058725.00,4417540.00,4528806.00,43077553.00,43076853.00,67402515.00,67316893.00,TRUE,93398034.00,54026666.00,0.24,0.38,0.38,0.58,18092810.00,35933856.00,0.33,917167.00,1122829.00,1596143.00
00003GCF_000002595.1_v3.0.fna,17447.00,7202.00,0.41,4177.00,3404.00,2664.00,0.41,0.33,0.26,0.68,204415.00,43783.00,31372.00,0.73,0.16,0.11,6953064.00,6476091.00,3335096.00,3047281.00,19800000.00,00003GCF_000002595.1_v3.0.fna,1558.00,0.60,500657.00,930610.00,368127.00,21083198.00,21087062.00,14260138.00,14271902.00,TRUE,220873814.00,201062282.00,0.25,0.37,0.38,0.91,72725251.00,128337031.00,0.36,3014942.00,4213125.00,4497434.00
00004GCF_000002775.3_Poptr2_0.fna,50048.00,7595.00,0.15,18133.00,10443.00,13877.00,0.43,0.25,0.33,0.43,1263546.00,499360.00,632294.00,0.53,0.21,0.26,12279429.00,10322440.00,14967483.00,14467298.00,52000000.00,00004GCF_000002775.3_Poptr2_0.fna,2514.00,0.39,3622004.00,5493294.00,5646912.00,50400445.00,50470265.00,80035687.00,79953028.00,TRUE,70702300.00,18665650.00,0.28,0.52,0.20,0.26,19568391.00,-902741.00,1.05,1297.00,-332936.00,-264167.00
00005GCF_000003195.2_Sorbi1.fna,37366.00,9310.00,0.25,13477.00,8692.00,5887.00,0.48,0.31,0.21,0.55,691689.00,230860.00,249201.00,0.59,0.20,0.21,10742552.00,10100094.00,9025308.00,8319952.00,38200000.00,00005GCF_000003195.2_Sorbi1.fna,3306.00,0.45,4707875.00,6062499.00,5304179.00,77078472.00,77086335.00,93855386.00,93797329.00,TRUE,260859425.00,222671519.00,0.25,0.37,0.38,0.85,80028064.00,142643455.00,0.36,3391144.00,4801605.00,5397711.00
00006GCF_000003195.3_Sorghum_bicolor_NCBIv3.fna,39311.00,1116.00,0.03,18757.00,11522.00,7916.00,0.49,0.30,0.21,0.53,1059913.00,350691.00,389757.00,0.59,0.19,0.22,15148827.00,14205185.00,13371666.00,12396367.00,55100000.00,00006GCF_000003195.3_Sorghum_bicolor_NCBIv3.fna,869.00,0.45,4675456.00,6022800.00,5264398.00,76640221.00,76654019.00,93202162.00,93146046.00,TRUE,341817522.00,286695477.00,0.29,0.38,0.33,0.84,124810795.00,161884682.00,0.44,4357184.00,5002586.00,4914422.00
00007GCF_000003745.3_12X.fna,41760.00,1898.00,0.05,18564.00,9613.00,11685.00,0.47,0.24,0.29,0.44,1500786.00,547867.00,686758.00,0.55,0.20,0.25,14846775.00,12536580.00,17459098.00,16788344.00,61600000.00,00007GCF_000003745.3_12X.fna,1907.00,0.39,4436398.00,6546543.00,6343759.00,59509620.00,59518121.00,94033732.00,93963005.00,TRUE,339642448.00,278011651.00,0.29,0.38,0.33,0.82,125910885.00,152100766.00,0.45,4127589.00,4522014.00,4577640.00
00008GCF_000004075.2_ASM407v2.fna,25729.00,746.00,0.03,10947.00,5435.00,8601.00,0.44,0.22,0.34,0.43,855783.00,340828.00,452246.00,0.52,0.21,0.27,8552367.00,7300880.00,10555773.00,10212296.00,36600000.00,00008GCF_000004075.2_ASM407v2.fna,190.00,0.38,1882663.00,2750049.00,2935913.00,24919350.00,24933201.00,40991734.00,40955382.00,TRUE,307024478.00,270403162.00,0.26,0.38,0.37,0.88,103174494.00,167228668.00,0.38,4095570.00,5690760.00,5891513.00
00009GCF_000004255.1_v.1.0.fna,33467.00,2489.00,0.07,13122.00,6487.00,11369.00,0.42,0.21,0.37,0.44,805016.00,329991.00,431563.00,0.51,0.21,0.28,8466161.00,7199280.00,10225657.00,9639012.00,35500000.00,00009GCF_000004255.1_v.1.0.fna,695.00,0.39,1754192.00,2741072.00,2843040.00,26262800.00,26272884.00,40958400.00,41005653.00,TRUE,131799667.00,96269557.00,0.25,0.36,0.39,0.73,34187110.00,62082447.00,0.36,1552672.00,1945033.00,2504350.00
00010GCF_000004255.2_v.1.0.fna,33552.00,2491.00,0.07,13133.00,6507.00,11421.00,0.42,0.21,0.37,0.44,806403.00,331163.00,433073.00,0.51,0.21,0.28,8481923.00,7245759.00,10250358.00,9664411.00,35600000.00,00010GCF_000004255.2_v.1.0.fna,696.00,0.39,1756483.00,2743849.00,2846821.00,26290475.00,26301525.00,41007055.00,41055608.00,TRUE,134499737.00,98857286.00,0.24,0.37,0.39,0.73,36808002.00,62049284.00,0.37,1423029.00,1934669.00,2409967.00
00011GCF_000004515.4_Glycine_max_v2.0.fna,71846.00,2509.00,0.03,29657.00,17565.00,22115.00,0.43,0.25,0.32,0.44,2433966.00,935554.00,1205672.00,0.53,0.20,0.26,23336977.00,19924598.00,28674928.00,27123736.00,99100000.00,00011GCF_000004515.4_Glycine_max_v2.0.fna,1191.00,0.38,7491753.00,11049066.00,11963190.00,98065838.00,98087273.00,163018648.00,163088646.00,TRUE,134654663.00,35594424.00,0.24,0.37,0.39,0.26,9330425.00,26263999.00,0.26,820929.00,309883.00,1641149.00
00012GCF_000005005.1_B73_RefGen_v3.fna,59227.00,2920.00,0.05,27182.00,17699.00,11426.00,0.48,0.31,0.20,0.54,1298559.00,446044.00,489107.00,0.58,0.20,0.22,19479873.00,18151898.00,16838698.00,15517440.00,70000000.00,00012GCF_000005005.1_B73_RefGen_v3.fna,523.00,0.45,8913195.00,11288450.00,10813906.00,150643782.00,150681069.00,181256264.00,181331552.00,TRUE,522260405.00,452272496.00,0.25,0.36,0.39,0.87,158521340.00,293751156.00,0.35,7045709.00,9750507.00,11474083.00
00013GCF_000005005.2_B73_RefGen_v4.fna,58464.00,1789.00,0.03,27535.00,17553.00,11587.00,0.49,0.31,0.20,0.53,1422957.00,486226.00,543878.00,0.58,0.20,0.22,20657532.00,19212892.00,18208825.00,16792079.00,74900000.00,00013GCF_000005005.2_B73_RefGen_v4.fna,267.00,0.45,9011122.00,11402206.00,10912862.00,151781149.00,151719537.00,182561753.00,182756234.00,TRUE,663912667.00,589041339.00,0.29,0.36,0.35,0.89,261454427.00,327586912.00,0.44,8426969.00,9865493.00,10270028.00
00014GCF_000005505.2_Brachypodium_distachyon_v2.0.fna,33993.00,881.00,0.03,16255.00,9752.00,7105.00,0.49,0.29,0.21,0.53,926740.00,299310.00,346270.00,0.59,0.19,0.22,13283786.00,12349767.00,11798177.00,10970415.00,48400000.00,00014GCF_000005505.2_Brachypodium_distachyon_v2.0.fna,28.00,0.46,2559796.00,3778158.00,3139843.00,49681782.00,49706232.00,58043615.00,58026469.00,TRUE,668818673.00,620416528.00,0.29,0.36,0.35,0.93,277867133.00,342549395.00,0.45,8711812.00,10475466.00,10566592.00
00015GCF_000090985.2_ASM9098v2.fna,10894.00,1718.00,0.16,5694.00,1895.00,1587.00,0.62,0.21,0.17,0.65,150826.00,22290.00,37670.00,0.72,0.11,0.18,5115551.00,4553570.00,2780018.00,2323590.00,14800000.00,00015GCF_000090985.2_ASM9098v2.fna,19.00,0.60,60251.00,209027.00,69495.00,4697982.00,4683245.00,3126145.00,3130443.00,TRUE,215458098.00,200685369.00,0.27,0.40,0.33,0.93,89718893.00,110966476.00,0.45,2537506.00,3627332.00,3102173.00
00016GCF_000091205.1_ASM9120v1.fna,4805.00,134.00,0.03,2227.00,1435.00,1009.00,0.48,0.31,0.22,0.57,106663.00,37064.00,21796.00,0.64,0.22,0.13,2192433.00,2089017.00,1600239.00,1591647.00,7470000.00,00016GCF_000091205.1_ASM9120v1.fna,20.00,0.55,109089.00,217872.00,75969.00,4138944.00,4137202.00,3447733.00,3442075.00,TRUE,15637815.00,8164479.00,0.18,0.62,0.21,0.52,5099777.00,3064702.00,0.62,23187.00,102364.00,47699.00
00017GCF_000092065.1_ASM9206v1.fna,8747.00,2420.00,0.28,2429.00,2289.00,1609.00,0.38,0.36,0.25,0.59,137937.00,32664.00,36064.00,0.67,0.16,0.17,3056225.00,2428257.00,2028612.00,1768068.00,9280000.00,00017GCF_000092065.1_ASM9206v1.fna,21.00,0.54,41118.00,138142.00,57055.00,2368417.00,2364434.00,2007315.00,2001177.00,TRUE,15165954.00,5884792.00,0.27,0.54,0.19,0.39,2791664.00,3093128.00,0.47,76425.00,79935.00,39905.00
00018GCF_000143415.3_v1.0.fna,40431.00,11031.00,0.27,12986.00,7852.00,8562.00,0.44,0.27,0.29,0.53,615908.00,220709.00,209785.00,0.59,0.21,0.20,11569203.00,10308616.00,10145262.00,9374558.00,41400000.00,00018GCF_000143415.3_v1.0.fna,758.00,0.46,1569213.00,2423747.00,1936517.00,32397698.00,32418218.00,38514598.00,38551159.00,TRUE,8741343.00,-32656296.00,0.17,0.58,0.24,-3.74,-17144968.00,-15511328.00,0.53,-179591.00,-477766.00,-152730.00
00019GCF_000143455.1_v1.0.fna,15881.00,3137.00,0.20,5834.00,3567.00,3343.00,0.46,0.28,0.26,0.63,287269.00,98103.00,86255.00,0.61,0.21,0.18,8120504.00,7432985.00,4738482.00,4428713.00,24700000.00,00019GCF_000143455.1_v1.0.fna,1251.00,0.54,816460.00,1291223.00,892902.00,25693443.00,25702098.00,21503442.00,21514121.00,TRUE,141881673.00,117160989.00,0.26,0.41,0.33,0.83,49262427.00,67898562.00,0.42,1471110.00,2136478.00,1850262.00
00020GCF_000147415.1_v_1.0.fna,10744.00,2098.00,0.20,5920.00,2059.00,667.00,0.68,0.24,0.08,0.69,133902.00,21641.00,8589.00,0.82,0.13,0.05,4810106.00,4434639.00,2238107.00,1964776.00,13400000.00,00020GCF_000147415.1_v_1.0.fna,414.00,0.62,118452.00,325381.00,62080.00,8010074.00,8018476.00,4915351.00,4907155.00,TRUE,94413104.00,80965476.00,0.27,0.43,0.30,0.86,42150796.00,38814680.00,0.52,794819.00,1157321.00,884313.00
00021GCF_000148765.1_MalDomGD1.0.fna,61296.00,2715.00,0.04,25884.00,14524.00,18173.00,0.44,0.25,0.31,0.46,1711720.00,631482.00,813090.00,0.54,0.20,0.26,18560835.00,15906881.00,21159166.00,20052300.00,75700000.00,00021GCF_000148765.1_MalDomGD1.0.fna,1251.00,0.40,5933609.00,9202027.00,9403616.00,92253747.00,92292824.00,140659261.00,140629028.00,TRUE,25851056.00,-49828126.00,0.23,0.64,0.12,-1.93,-18439166.00,-31388960.00,0.37,-513030.00,-1386339.00,-751010.00
00022GCF_000151265.2_Micromonas_pusilla_CCMP1545_v2.0.fna,11271.00,2432.00,0.22,5630.00,1902.00,1307.00,0.64,0.22,0.15,0.67,129877.00,19688.00,27879.00,0.73,0.11,0.16,5028198.00,4328096.00,2491937.00,2031449.00,13900000.00,00022GCF_000151265.2_Micromonas_pusilla_CCMP1545_v2.0.fna,21.00,0.59,47306.00,149554.00,53258.00,3381791.00,3384960.00,2338435.00,2330810.00,TRUE,465834860.00,451955180.00,0.24,0.37,0.38,0.97,175190277.00,276764903.00,0.39,5913921.00,9072150.00,9375737.00
00023GCF_000151685.1_JCVI_RCG_1.1.fna,28350.00,1464.00,0.05,11565.00,6619.00,8702.00,0.43,0.25,0.32,0.43,950785.00,405701.00,530244.00,0.50,0.22,0.28,9092875.00,7525620.00,11385500.00,10944114.00,38900000.00,00023GCF_000151685.1_JCVI_RCG_1.1.fna,25763.00,0.38,2839582.00,3845905.00,4539130.00,35693270.00,35780058.00,59244190.00,59249863.00,TRUE,11435996.00,-27512113.00,0.19,0.60,0.21,-2.41,-9851744.00,-17660369.00,0.36,-358395.00,-801231.00,-476986.00
00024GCF_000184155.1_FraVesHawaii_1.0.fna,31497.00,990.00,0.03,13610.00,7972.00,8925.00,0.45,0.26,0.29,0.45,1052968.00,399783.00,475251.00,0.55,0.21,0.25,10662033.00,9007913.00,12309018.00,11735237.00,43700000.00,00024GCF_000184155.1_FraVesHawaii_1.0.fna,3048.00,0.40,2189631.00,3304137.00,3096118.00,31611509.00,31656501.00,47145374.00,47100250.00,TRUE,189967381.00,146253180.00,0.25,0.34,0.40,0.77,51803382.00,94449798.00,0.35,2439799.00,2792937.00,4063879.00
00025GCF_000188115.3_SL2.50.fna,36141.00,1166.00,0.03,14066.00,8695.00,12214.00,0.40,0.25,0.35,0.42,1285265.00,530419.00,693285.00,0.51,0.21,0.28,11799633.00,9676854.00,15169235.00,14349706.00,51000000.00,00025GCF_000188115.3_SL2.50.fna,3145.00,0.37,7327320.00,9787378.00,11188873.00,84008562.00,83982355.00,145688128.00,145710141.00,TRUE,157513634.00,106518206.00,0.25,0.38,0.36,0.68,41791523.00,64726683.00,0.39,1659212.00,2018872.00,2402833.00
00026GCF_000208745.1_Criollo_cocoa_genome_V2.fna,30891.00,796.00,0.03,13283.00,7295.00,9517.00,0.44,0.24,0.32,0.44,1097934.00,427469.00,555564.00,0.53,0.21,0.27,10652709.00,8914092.00,12902367.00,12436320.00,44900000.00,00026GCF_000208745.1_Criollo_cocoa_genome_V2.fna,431.00,0.38,2892015.00,4226357.00,4643972.00,38151103.00,38174838.00,62742264.00,62749128.00,TRUE,459389186.00,414483698.00,0.26,0.35,0.40,0.90,148424116.00,266059582.00,0.36,6899851.00,8689444.00,10633309.00
00027GCF_000219495.2_MedtrA17_4.0.fna,57898.00,2051.00,0.04,22079.00,13333.00,20435.00,0.40,0.24,0.37,0.41,1497719.00,610233.00,869480.00,0.50,0.20,0.29,13287862.00,11240802.00,18035927.00,17421109.00,60000000.00,00027GCF_000219495.2_MedtrA17_4.0.fna,2186.00,0.37,3611021.00,5598524.00,6140660.00,47859790.00,47906925.00,82156837.00,82082339.00,TRUE,201817333.00,141831633.00,0.25,0.36,0.39,0.70,51797277.00,90034356.00,0.37,2281782.00,2728638.00,3774492.00
00028GCF_000219495.3_MedtrA17_4.0.fna,57974.00,2053.00,0.04,22095.00,13344.00,20482.00,0.40,0.24,0.37,0.41,1498907.00,611233.00,870798.00,0.50,0.21,0.29,13300855.00,11251871.00,18056465.00,17442207.00,60100000.00,00028GCF_000219495.3_MedtrA17_4.0.fna,2187.00,0.37,3612947.00,5600691.00,6144044.00,47880138.00,47928715.00,82197687.00,82123385.00,TRUE,260005891.00,199954493.00,0.24,0.36,0.40,0.77,71213989.00,128740504.00,0.36,2999788.00,4099617.00,5269862.00
00029GCF_000226075.1_SolTub_3.0.fna,38150.00,1264.00,0.03,15013.00,9059.00,12814.00,0.41,0.25,0.35,0.42,1314150.00,537633.00,702738.00,0.51,0.21,0.28,12000397.00,9845341.00,15470239.00,14651102.00,52000000.00,00029GCF_000226075.1_SolTub_3.0.fna,14854.00,0.37,6507386.00,8949577.00,9763834.00,79083546.00,79155700.00,132483822.00,132505147.00,TRUE,260129925.00,208162846.00,0.24,0.36,0.40,0.80,73963115.00,134199731.00,0.36,3075314.00,4286541.00,5441306.00
00030GCF_000231095.1_Oryza_brachyantha.v1.4b.fna,27565.00,1620.00,0.06,12453.00,7394.00,6098.00,0.48,0.28,0.24,0.52,734116.00,237699.00,277884.00,0.59,0.19,0.22,9896636.00,9015419.00,9125210.00,8440604.00,36500000.00,00030GCF_000231095.1_Oryza_brachyantha.v1.4b.fna,2491.00,0.44,2502665.00,3325513.00,2986507.00,40189888.00,40187659.00,50494738.00,50483235.00,TRUE,423228215.00,386750346.00,0.26,0.35,0.39,0.91,139327191.00,247423155.00,0.36,6269687.00,8215461.00,9485950.00
00031GCF_000258705.1_Coccomyxa_subellipsoidae_v2.0.fna,10392.00,1190.00,0.11,6002.00,1983.00,1217.00,0.65,0.22,0.13,0.61,188887.00,34546.00,24201.00,0.76,0.14,0.10,4023520.00,3747711.00,2624400.00,2248660.00,12600000.00,00031GCF_000258705.1_Coccomyxa_subellipsoidae_v2.0.fna,29.00,0.52,313989.00,816713.00,300922.00,10860461.00,10852919.00,10154184.00,10154494.00,TRUE,181355520.00,168711229.00,0.28,0.38,0.34,0.93,72606316.00,96104913.00,0.43,2468119.00,3136626.00,2962306.00
00032GCF_000263155.2_Setaria_italica_v2.0.fna,33120.00,1052.00,0.03,16171.00,9431.00,6466.00,0.50,0.29,0.20,0.54,875188.00,274257.00,313620.00,0.60,0.19,0.21,12853274.00,11982362.00,11020426.00,10220007.00,46100000.00,00032GCF_000263155.2_Setaria_italica_v2.0.fna,337.00,0.46,3617411.00,5124591.00,4081098.00,66065892.00,66024556.00,76825705.00,76775325.00,TRUE,42022058.00,-4054011.00,0.22,0.57,0.21,-0.10,-3122256.00,-931755.00,0.77,39732.00,-58475.00,-12698.00
00033GCF_000309985.1_Brapa_1.0.fna,52802.00,1767.00,0.03,22776.00,10763.00,17496.00,0.45,0.21,0.34,0.46,1488469.00,596490.00,736523.00,0.53,0.21,0.26,16324406.00,14202723.00,18569986.00,17168449.00,66300000.00,00033GCF_000309985.1_Brapa_1.0.fna,40249.00,0.41,2509899.00,3918463.00,3773560.00,39047414.00,39095312.00,57184300.00,57192814.00,TRUE,285691478.00,219425914.00,0.28,0.40,0.32,0.77,101563319.00,117862595.00,0.46,3020921.00,3636122.00,3344575.00
00034GCF_000313045.1_ASM31304v1.fna,29970.00,1070.00,0.04,12777.00,6363.00,9760.00,0.44,0.22,0.34,0.43,973260.00,392543.00,519110.00,0.52,0.21,0.28,9709278.00,8261740.00,12013084.00,11641170.00,41600000.00,00034GCF_000313045.1_ASM31304v1.fna,31464.00,0.37,3120712.00,4408924.00,5046934.00,40043668.00,40075717.00,67656849.00,67733250.00,TRUE,192519840.00,150894568.00,0.25,0.38,0.37,0.78,60171708.00,90722860.00,0.40,2117356.00,2945203.00,3254450.00
00035GCF_000313855.2_ASM31385v2.fna,47984.00,1772.00,0.04,22672.00,11864.00,11676.00,0.49,0.26,0.25,0.49,1389911.00,486159.00,593532.00,0.56,0.20,0.24,17153036.00,15634801.00,17520582.00,16486536.00,66800000.00,00035GCF_000313855.2_ASM31385v2.fna,7259.00,0.41,3263505.00,4995747.00,4784300.00,50329103.00,50396014.00,72797741.00,72725460.00,TRUE,215509484.00,148714529.00,0.25,0.35,0.40,0.69,47331548.00,101382981.00,0.32,2634553.00,3019013.00,4453402.00
00036GCF_000315295.1_Pbr_v1.0.fna,47498.00,1895.00,0.04,20238.00,11393.00,13972.00,0.44,0.25,0.31,0.46,1520964.00,559660.00,715377.00,0.54,0.20,0.26,16405745.00,14003056.00,18637761.00,17551963.00,66600000.00,00036GCF_000315295.1_Pbr_v1.0.fna,2182.00,0.40,4357308.00,6579199.00,6826508.00,64962769.00,64999920.00,99223029.00,99198556.00,TRUE,246248318.00,179649793.00,0.25,0.38,0.37,0.73,70316316.00,109333477.00,0.39,2703845.00,3474783.00,4068923.00
00037GCF_000317415.1_Csi_valencia_1.0.fna,35811.00,1237.00,0.03,14941.00,8310.00,11323.00,0.43,0.24,0.33,0.43,1258350.00,474301.00,646211.00,0.53,0.20,0.27,12078053.00,9962780.00,14654413.00,14092721.00,50800000.00,00037GCF_000317415.1_Csi_valencia_1.0.fna,4844.00,0.39,2780508.00,4345181.00,4482633.00,40191836.00,40136821.00,63351060.00,63349217.00,TRUE,328384274.00,277596307.00,0.25,0.37,0.38,0.85,107921856.00,169674451.00,0.39,3883007.00,5320849.00,6180297.00
00038GCF_000327365.1_Graimondii2_0.fna,59189.00,1630.00,0.03,24225.00,13193.00,20141.00,0.42,0.23,0.35,0.43,1954071.00,800569.00,1074545.00,0.51,0.21,0.28,19233083.00,16056117.00,23689068.00,22549123.00,81500000.00,00038GCF_000327365.1_Graimondii2_0.fna,1034.00,0.38,6507612.00,9098664.00,10372248.00,84332464.00,84333100.00,138509883.00,138421322.00,TRUE,207028934.00,125501543.00,0.24,0.37,0.39,0.61,45039457.00,80462086.00,0.36,1979939.00,2391110.00,3408088.00
00039GCF_000331145.1_ASM33114v1.fna,33307.00,1248.00,0.04,13141.00,7724.00,11194.00,0.41,0.24,0.35,0.41,1154582.00,480364.00,667823.00,0.50,0.21,0.29,10373012.00,8747854.00,13990371.00,13330536.00,46400000.00,00039GCF_000331145.1_ASM33114v1.fna,7127.00,0.35,3720074.00,5632712.00,6535583.00,44953617.00,45004214.00,83709690.00,83669668.00,TRUE,445596769.00,399154996.00,0.25,0.35,0.40,0.90,149544698.00,249610298.00,0.37,6027248.00,7944082.00,9704425.00
00040GCF_000340665.1_C.cajan_V1.0.fna,39391.00,1872.00,0.05,16047.00,9316.00,12156.00,0.43,0.25,0.32,0.44,1299387.00,500828.00,647752.00,0.53,0.20,0.26,12641531.00,10905189.00,15408186.00,14633638.00,53600000.00,00040GCF_000340665.1_C.cajan_V1.0.fna,36536.00,0.38,4829549.00,7038076.00,7528843.00,62948073.00,63019164.00,103473078.00,103470640.00,TRUE,257337189.00,203748645.00,0.23,0.35,0.41,0.79,66411111.00,137337534.00,0.33,3219246.00,4333325.00,5887831.00
00041GCF_000341285.1_ASM34128v1.fna,7243.00,310.00,0.04,2302.00,1671.00,2960.00,0.33,0.24,0.43,0.40,188247.00,106811.00,100313.00,0.48,0.27,0.25,2003218.00,1599473.00,2752068.00,2703340.00,9060000.00,00041GCF_000341285.1_ASM34128v1.fna,433.00,0.39,144460.00,230667.00,197506.00,2278522.00,2303107.00,3633157.00,3621705.00,TRUE,332910955.00,323852856.00,0.25,0.36,0.39,0.97,122364546.00,201488310.00,0.38,4722738.00,6849829.00,7428530.00
00042GCF_000346465.1_Prupe1_0.fna,33774.00,7940.00,0.24,11120.00,6449.00,8265.00,0.43,0.25,0.32,0.45,819599.00,307518.00,392778.00,0.54,0.20,0.26,8351617.00,7121955.00,9863200.00,9388147.00,34700000.00,00042GCF_000346465.1_Prupe1_0.fna,202.00,0.40,2083282.00,3305895.00,3134862.00,32345895.00,32396527.00,48235351.00,48306925.00,TRUE,11836491.00,-22888428.00,0.25,0.40,0.34,-1.93,-10891943.00,-11996485.00,0.48,-163058.00,-588932.00,-195272.00
00043GCF_000346465.2_Prunus_persica_NCBIv2.fna,32627.00,841.00,0.03,14217.00,8088.00,9481.00,0.45,0.25,0.30,0.45,1152144.00,427419.00,543583.00,0.54,0.20,0.26,11589379.00,9888531.00,13698479.00,13007793.00,48200000.00,00043GCF_000346465.2_Prunus_persica_NCBIv2.fna,192.00,0.40,2085207.00,3311538.00,3139540.00,32389348.00,32422573.00,48306454.00,48352071.00,TRUE,161284698.00,113100516.00,0.24,0.39,0.37,0.70,43264512.00,69836004.00,0.38,1655863.00,2153751.00,2591279.00
00044GCF_000346735.1_P.mume_V1.0.fna,29950.00,1200.00,0.04,12776.00,7326.00,8648.00,0.44,0.25,0.30,0.45,985810.00,364940.00,462446.00,0.54,0.20,0.26,9995404.00,8561228.00,11742798.00,11167527.00,41500000.00,00044GCF_000346735.1_P.mume_V1.0.fna,8164.00,0.40,2153638.00,3359184.00,3164851.00,33306521.00,33283162.00,49009910.00,49031420.00,TRUE,161470446.00,120003489.00,0.24,0.39,0.37,0.74,46255289.00,73748200.00,0.39,1720267.00,2325728.00,2677094.00
00045GCF_000350225.1_ASM35022v2.fna,9866.00,346.00,0.04,3855.00,3041.00,2624.00,0.40,0.32,0.28,0.54,164615.00,60429.00,58507.00,0.58,0.21,0.21,2843643.00,2701269.00,2478413.00,2290191.00,10300000.00,00045GCF_000350225.1_ASM35022v2.fna,926.00,0.52,628871.00,1189906.00,635808.00,19965921.00,19911171.00,18399551.00,18421827.00,TRUE,164631013.00,154317497.00,0.25,0.39,0.36,0.94,61044771.00,93272726.00,0.40,2093209.00,3194569.00,3106344.00
00046GCF_000365185.1_Chinese_Lotus_1.1.fna,38326.00,1206.00,0.03,16970.00,9028.00,11122.00,0.46,0.24,0.30,0.44,1308753.00,508841.00,632478.00,0.53,0.21,0.26,13486157.00,11374077.00,15989525.00,15137573.00,56000000.00,00046GCF_000365185.1_Chinese_Lotus_1.1.fna,3603.00,0.41,6901399.00,9361845.00,8868589.00,96179039.00,96235475.00,138734319.00,138851430.00,TRUE,76698470.00,20711138.00,0.26,0.48,0.26,0.27,15016858.00,5694280.00,0.73,120030.00,-118847.00,3330.00
00047GCF_000375325.1_Caprub1_0.fna,31074.00,3950.00,0.13,11656.00,5565.00,9903.00,0.43,0.21,0.37,0.44,816998.00,335091.00,431298.00,0.52,0.21,0.27,8508801.00,7371848.00,10214676.00,9624764.00,35700000.00,00047GCF_000375325.1_Caprub1_0.fna,773.00,0.40,1290346.00,2000273.00,2023486.00,19267968.00,19265267.00,29495577.00,29504609.00,TRUE,470000263.00,434280174.00,0.27,0.37,0.35,0.92,176533865.00,257746309.00,0.41,6566308.00,8544847.00,8437291.00
00048GCF_000390325.1_Ntom_v01.fna,46209.00,2371.00,0.05,17794.00,11300.00,14744.00,0.41,0.26,0.34,0.43,1458501.00,616922.00,801899.00,0.51,0.21,0.28,13873760.00,11414875.00,17584650.00,16531473.00,59400000.00,00048GCF_000390325.1_Ntom_v01.fna,159549.00,0.39,10732887.00,14463725.00,16639981.00,143998074.00,144082634.00,229197564.00,229295129.00,TRUE,97533421.00,38128663.00,0.24,0.38,0.38,0.39,13244600.00,24884063.00,0.35,673424.00,541772.00,1221587.00
00049GCF_000390325.2_Ntom_v01.fna,49449.00,2276.00,0.05,19205.00,12023.00,15945.00,0.41,0.25,0.34,0.43,1622202.00,680656.00,888247.00,0.51,0.21,0.28,15376228.00,12638281.00,19492426.00,18331783.00,65800000.00,00049GCF_000390325.2_Ntom_v01.fna,159548.00,0.39,10732881.00,14463701.00,16639971.00,143997617.00,144082177.00,229197226.00,229294718.00,TRUE,746573401.00,680734683.00,0.26,0.35,0.40,0.91,260066199.00,420668484.00,0.38,10052231.00,12841523.00,15751734.00
00050GCF_000393655.1_Nsyl.fna,48863.00,2592.00,0.05,18800.00,12055.00,15416.00,0.41,0.26,0.33,0.42,1516785.00,643496.00,837491.00,0.51,0.21,0.28,14391551.00,11834628.00,18312254.00,17179863.00,61700000.00,00050GCF_000393655.1_Nsyl.fna,253918.00,0.39,14078630.00,18787494.00,21316776.00,190202946.00,190224052.00,296497942.00,296361023.00,TRUE,746571738.00,684853442.00,0.26,0.35,0.40,0.92,261853615.00,422999827.00,0.38,10089385.00,12946916.00,15802480.00
00051GCF_000403535.1_Theobroma_cacao_20110822.fna,45326.00,3479.00,0.08,18257.00,10268.00,13322.00,0.44,0.25,0.32,0.43,1430669.00,560422.00,725888.00,0.53,0.21,0.27,13908224.00,11578594.00,16842126.00,16344815.00,58700000.00,00051GCF_000403535.1_Theobroma_cacao_20110822.fna,711.00,0.37,2800560.00,4165014.00,4708348.00,36999795.00,37019049.00,62408467.00,62439986.00,TRUE,973285963.00,914612204.00,0.26,0.35,0.39,0.94,354940180.00,559672024.00,0.39,13518208.00,17356825.00,20590888.00
00052GCF_000413155.1_DPV01.fna,39207.00,2335.00,0.06,17584.00,9494.00,9794.00,0.48,0.26,0.27,0.48,1154741.00,417884.00,501718.00,0.56,0.20,0.24,13598241.00,12002856.00,14191151.00,13496317.00,53300000.00,00052GCF_000413155.1_DPV01.fna,80317.00,0.41,5102621.00,7010363.00,6797774.00,74026676.00,74231445.00,105167338.00,105104779.00,TRUE,198867297.00,145578732.00,0.24,0.36,0.40,0.73,48417747.00,97160985.00,0.33,2382676.00,3010273.00,4206630.00
00053GCF_000414095.1_ASM41409v2.fna,26965.00,623.00,0.02,11463.00,6604.00,8275.00,0.44,0.25,0.31,0.46,636303.00,248448.00,309201.00,0.53,0.21,0.26,7304938.00,6304467.00,8087110.00,7678678.00,29400000.00,00053GCF_000414095.1_ASM41409v2.fna,31301.00,0.40,2666941.00,3876813.00,4100794.00,39377953.00,39414419.00,59099092.00,59139971.00,TRUE,358530238.00,329155045.00,0.27,0.37,0.36,0.92,134648716.00,194506329.00,0.41,4854173.00,6374060.00,6488573.00
00054GCF_000442705.1_EG5.fna,43035.00,2987.00,0.07,19060.00,9966.00,11022.00,0.48,0.25,0.28,0.48,1306539.00,469274.00,569549.00,0.56,0.20,0.24,14974075.00,13254659.00,15903935.00,15173293.00,59300000.00,00054GCF_000442705.1_EG5.fna,40061.00,0.40,8804866.00,12294431.00,11596136.00,119162601.00,119131704.00,178412080.00,178332522.00,TRUE,197031435.00,137725473.00,0.25,0.36,0.39,0.70,50563638.00,87161835.00,0.37,2197667.00,2570274.00,3531245.00
00055GCF_000463585.1_ASM46358v1.fna,41316.00,1461.00,0.04,20514.00,8284.00,11057.00,0.51,0.21,0.28,0.48,1176828.00,403927.00,507775.00,0.56,0.19,0.24,14513439.00,12587786.00,15403774.00,14084797.00,56600000.00,00055GCF_000463585.1_ASM46358v1.fna,12249.00,0.42,1490408.00,2767282.00,2421282.00,29796995.00,29800665.00,41361345.00,41381351.00,TRUE,595038907.00,538449111.00,0.27,0.38,0.35,0.90,211193080.00,327256031.00,0.39,8400939.00,11117603.00,11088361.00
00056GCF_000471905.2_AMTR1.0.fna,31620.00,1039.00,0.03,14473.00,7595.00,8513.00,0.47,0.25,0.28,0.45,1087478.00,418246.00,505397.00,0.54,0.21,0.25,11209248.00,9340370.00,12839969.00,12479477.00,45900000.00,00056GCF_000471905.2_AMTR1.0.fna,5746.00,0.41,6101082.00,8400592.00,8068220.00,85393851.00,85272793.00,124542467.00,124952414.00,TRUE,142340356.00,96471292.00,0.22,0.41,0.36,0.68,39048042.00,57423250.00,0.40,1072162.00,1679804.00,1915885.00
00057GCF_000478725.1_Eutsalg1_0.fna,31342.00,3774.00,0.12,12317.00,5550.00,9701.00,0.45,0.20,0.35,0.45,791125.00,314167.00,406017.00,0.52,0.21,0.27,8746749.00,7584654.00,10251552.00,9582096.00,36200000.00,00057GCF_000478725.1_Eutsalg1_0.fna,638.00,0.40,2025649.00,3294179.00,3362346.00,32258217.00,32292084.00,49356739.00,49368673.00,TRUE,420161525.00,383996474.00,0.27,0.37,0.36,0.91,154335241.00,229661233.00,0.40,5786915.00,7609467.00,7662203.00
00058GCF_000493195.1_Citrus_clementina_v1.0.fna,37173.00,5112.00,0.14,13592.00,7463.00,11006.00,0.42,0.23,0.34,0.44,1032733.00,381749.00,526216.00,0.53,0.20,0.27,10007598.00,8435534.00,12032991.00,11693342.00,42200000.00,00058GCF_000493195.1_Citrus_clementina_v1.0.fna,1398.00,0.39,2615697.00,4096176.00,4243509.00,37893551.00,37857577.00,59845028.00,59834379.00,TRUE,163275713.00,121106248.00,0.23,0.38,0.39,0.74,46107169.00,74999079.00,0.38,1643900.00,2261446.00,2836130.00
00059GCF_000495115.1_PopEup_1.0.fna,50002.00,1751.00,0.04,21632.00,11911.00,14708.00,0.45,0.25,0.30,0.44,1834430.00,706851.00,894509.00,0.53,0.21,0.26,17643957.00,14567753.00,21383524.00,20323407.00,73900000.00,00059GCF_000495115.1_PopEup_1.0.fna,9615.00,0.38,3740896.00,5528743.00,5906560.00,49947841.00,49993553.00,81256754.00,81186026.00,TRUE,195430535.00,121511894.00,0.24,0.37,0.39,0.62,43539418.00,77972476.00,0.36,1908846.00,2261746.00,3349000.00
00060GCF_000499845.1_PhaVulg1_0.fna,34593.00,3985.00,0.12,13003.00,7505.00,10100.00,0.42,0.25,0.33,0.44,997568.00,375013.00,489105.00,0.54,0.20,0.26,9744320.00,8372269.00,11880276.00,11332471.00,41300000.00,00060GCF_000499845.1_PhaVulg1_0.fna,708.00,0.38,3808291.00,5936479.00,6553204.00,53648784.00,53543335.00,88858798.00,88846685.00,TRUE,262384174.00,221054838.00,0.25,0.36,0.39,0.84,81824805.00,139230033.00,0.37,3365883.00,4531175.00,5417455.00
00061GCF_000504015.1_Mimgu1_0.fna,32123.00,1254.00,0.04,13279.00,7017.00,10573.00,0.43,0.23,0.34,0.46,851256.00,359658.00,514715.00,0.49,0.21,0.30,10598417.00,9190317.00,12157038.00,11168616.00,43100000.00,00061GCF_000504015.1_Mimgu1_0.fna,2212.00,0.40,2143438.00,3253521.00,3601446.00,34699718.00,34678013.00,52263485.00,52240689.00,TRUE,284897602.00,241783214.00,0.23,0.36,0.40,0.85,87403385.00,154379829.00,0.36,3448633.00,5085223.00,6038489.00
00062GCF_000511025.1_RefBeet-1.2.1.fna,31625.00,1558.00,0.05,11941.00,7909.00,10217.00,0.40,0.26,0.34,0.43,1088113.00,462897.00,614868.00,0.50,0.21,0.28,10287191.00,8438063.00,12817843.00,12288632.00,43800000.00,00062GCF_000511025.1_RefBeet-1.2.1.fna,40269.00,0.39,5224545.00,7107579.00,7939549.00,69131853.00,69075969.00,108229738.00,108307592.00,TRUE,173881905.00,130050176.00,0.24,0.36,0.40,0.75,50652477.00,79397699.00,0.39,1680541.00,2165408.00,2986578.00
00063GCF_000511025.2_RefBeet-1.2.2.fna,33276.00,1680.00,0.05,12629.00,8232.00,10735.00,0.40,0.26,0.34,0.43,1127308.00,478447.00,636368.00,0.50,0.21,0.28,10648858.00,8763429.00,13267209.00,12758317.00,45400000.00,00063GCF_000511025.2_RefBeet-1.2.2.fna,40246.00,0.39,5224609.00,7107270.00,7939631.00,69128603.00,69073543.00,108227999.00,108305938.00,TRUE,354745152.00,309307339.00,0.26,0.35,0.39,0.87,118795535.00,190511804.00,0.38,4746098.00,5980271.00,7303181.00
00064GCF_000512975.1_S_indicum_v1.0.fna,36084.00,1777.00,0.05,16017.00,8498.00,9792.00,0.47,0.25,0.29,0.45,1195643.00,434154.00,552433.00,0.55,0.20,0.25,12265207.00,10346051.00,14098162.00,13315705.00,50000000.00,00064GCF_000512975.1_S_indicum_v1.0.fna,16236.00,0.40,2489522.00,3789963.00,3615897.00,37695825.00,37689094.00,56024729.00,56012760.00,TRUE,354736083.00,304710958.00,0.26,0.35,0.39,0.86,115590888.00,189120070.00,0.38,4790455.00,5911627.00,7387198.00
00065GCF_000611645.1_mono_v1.fna,18059.00,3249.00,0.18,10438.00,2796.00,1576.00,0.70,0.19,0.11,0.70,178521.00,26299.00,16120.00,0.81,0.12,0.07,6493847.00,5859364.00,2768774.00,2424259.00,17500000.00,00065GCF_000611645.1_mono_v1.fna,6720.00,0.59,223896.00,711944.00,164931.00,13724790.00,13779379.00,9367777.00,9356379.00,TRUE,187422408.00,169876164.00,0.25,0.38,0.37,0.91,63031708.00,106844456.00,0.37,2463223.00,3611442.00,3599777.00
00066GCF_000612285.1_Gossypium_arboreum_v1.0.fna,47781.00,1589.00,0.03,19231.00,10598.00,16363.00,0.42,0.23,0.35,0.43,1560817.00,638000.00,860401.00,0.51,0.21,0.28,15420230.00,12968173.00,18937621.00,18059891.00,65400000.00,00066GCF_000612285.1_Gossypium_arboreum_v1.0.fna,75419.00,0.36,9311725.00,13028981.00,16420618.00,116168846.00,116123554.00,203426229.00,203323445.00,TRUE,46228325.00,-19157590.00,0.20,0.65,0.15,-0.41,-884234.00,-18273356.00,0.05,-414104.00,-848873.00,-695470.00
00067GCF_000612305.1_Egrandis1_0.fna,52896.00,2006.00,0.04,25064.00,13094.00,12732.00,0.49,0.26,0.25,0.48,1634918.00,607957.00,719347.00,0.55,0.21,0.24,18960453.00,16313525.00,19946679.00,18986121.00,74200000.00,00067GCF_000612305.1_Egrandis1_0.fna,4951.00,0.42,5983439.00,9202874.00,8270398.00,95733593.00,95755894.00,132259020.00,132225402.00,TRUE,639042074.00,564835296.00,0.24,0.34,0.42,0.88,197018422.00,367816874.00,0.35,8703768.00,11394063.00,15701271.00
00068GCF_000633955.1_Cs.fna,109301.00,5664.00,0.05,45260.00,21546.00,36831.00,0.44,0.21,0.36,0.45,3194742.00,1295813.00,1649531.00,0.52,0.21,0.27,33237304.00,28494533.00,39410434.00,37042959.00,138000000.00,00068GCF_000633955.1_Cs.fna,37212.00,0.40,5519736.00,8659657.00,8602608.00,84867837.00,85040875.00,128069657.00,127977813.00,TRUE,455973909.00,317788679.00,0.26,0.39,0.35,0.70,129757650.00,188031029.00,0.41,4687626.00,6008132.00,6620867.00
00069GCF_000686985.1_Brassica_napus_assembly_v1.0.fna,113513.00,3894.00,0.03,48680.00,23890.00,37049.00,0.44,0.22,0.34,0.46,3183316.00,1269413.00,1570423.00,0.53,0.21,0.26,34974440.00,30212916.00,39757362.00,36459270.00,141000000.00,00069GCF_000686985.1_Brassica_napus_assembly_v1.0.fna,1376.00,0.40,7234753.00,11402226.00,11285112.00,113090127.00,113180393.00,168245818.00,168318116.00,TRUE,425956182.00,284552194.00,0.24,0.38,0.38,0.67,104721356.00,179830838.00,0.37,4250323.00,5476341.00,7032185.00
00070GCF_000695525.1_BOL.fna,57201.00,2354.00,0.04,24318.00,12054.00,18475.00,0.44,0.22,0.34,0.46,1582334.00,634646.00,783913.00,0.53,0.21,0.26,17448527.00,15144254.00,19872025.00,18265675.00,70700000.00,00070GCF_000695525.1_BOL.fna,32886.00,0.40,3818915.00,6014396.00,5929089.00,59852017.00,59856805.00,88875658.00,88892614.00,TRUE,562834454.00,492103973.00,0.24,0.38,0.38,0.87,193677739.00,298426234.00,0.39,6600107.00,9819892.00,10501199.00
00071GCF_000696525.1_JatCur_1.0.fna,32761.00,1192.00,0.04,13228.00,7497.00,10844.00,0.42,0.24,0.34,0.42,1160000.00,492997.00,662255.00,0.50,0.21,0.29,10981272.00,9016870.00,14079197.00,13418912.00,47500000.00,00071GCF_000696525.1_JatCur_1.0.fna,6024.00,0.38,2512486.00,3548061.00,3870191.00,33583638.00,33609761.00,53795422.00,53772102.00,TRUE,297477094.00,249980843.00,0.24,0.38,0.38,0.84,99710680.00,150270163.00,0.40,3325918.00,4854396.00,5266834.00
00072GCF_000710875.1_Pepper_Zunla_1_Ref_v1.0.fna,46124.00,2343.00,0.05,18088.00,11028.00,14665.00,0.41,0.25,0.33,0.42,1443683.00,606308.00,787174.00,0.51,0.21,0.28,13468820.00,11030090.00,17152933.00,16276392.00,57900000.00,00072GCF_000710875.1_Pepper_Zunla_1_Ref_v1.0.fna,1627.00,0.37,25875967.00,31319775.00,37564654.00,276563461.00,276604442.00,477920456.00,477916556.00,TRUE,174760923.00,116832688.00,0.25,0.36,0.39,0.67,42694489.00,74138199.00,0.37,1906178.00,2104378.00,3083017.00
00073GCF_000715135.1_Ntab-TN90.fna,86995.00,7684.00,0.09,32530.00,20388.00,26393.00,0.41,0.26,0.33,0.43,2582268.00,1095603.00,1422418.00,0.51,0.21,0.28,24527395.00,20190362.00,31156525.00,29246480.00,105000000.00,00073GCF_000715135.1_Ntab-TN90.fna,168247.00,0.39,24080316.00,32101110.00,35967308.00,326725149.00,326950687.00,505156245.00,505641248.00,TRUE,1509004915.00,1403884153.00,0.27,0.33,0.40,0.93,508450146.00,895434007.00,0.36,24780364.00,28737507.00,36142236.00
00074GCF_000733215.1_ASM73321v1.fna,7074.00,265.00,0.04,5231.00,1208.00,370.00,0.77,0.18,0.05,0.68,88188.00,11371.00,6637.00,0.83,0.11,0.06,2848321.00,2805065.00,1353871.00,1298579.00,8310000.00,00074GCF_000733215.1_ASM73321v1.fna,374.00,0.60,80150.00,255307.00,53714.00,5231007.00,5226019.00,3488733.00,3486880.00,TRUE,1664473329.00,1656167493.00,0.26,0.35,0.39,1.00,648022450.00,1008145043.00,0.39,24068945.00,32012922.00,35960671.00
00075GCF_000741045.1_Vradiata_ver6.fna,35363.00,1379.00,0.04,14421.00,8598.00,10965.00,0.42,0.25,0.32,0.44,1209100.00,457550.00,602855.00,0.53,0.20,0.27,11748158.00,9999510.00,14401460.00,13639730.00,49800000.00,00075GCF_000741045.1_Vradiata_ver6.fna,2499.00,0.38,3713253.00,5814622.00,6202410.00,51523226.00,51590016.00,85400013.00,85376047.00,TRUE,17432639.00,-32356219.00,0.21,0.66,0.14,-1.86,-11290642.00,-21065577.00,0.35,-377400.00,-953793.00,-549141.00
00076GCF_000801105.1_Rs1.0.fna,62951.00,4700.00,0.07,26063.00,12403.00,19785.00,0.45,0.21,0.34,0.46,1685115.00,676044.00,830876.00,0.53,0.21,0.26,18733354.00,16298826.00,21217516.00,19617319.00,75900000.00,00076GCF_000801105.1_Rs1.0.fna,10676.00,0.40,3434676.00,5292766.00,5217468.00,52606287.00,52627314.00,78206921.00,78210561.00,TRUE,273889302.00,198022287.00,0.24,0.37,0.39,0.72,68081062.00,129941225.00,0.34,3037209.00,4129507.00,5371534.00
00077GCF_000816755.1_Araip1.0.fna,47793.00,3089.00,0.06,18512.00,11838.00,14354.00,0.41,0.26,0.32,0.44,1406330.00,562980.00,728768.00,0.52,0.21,0.27,13816547.00,11804901.00,16978523.00,15919090.00,58500000.00,00077GCF_000816755.1_Araip1.0.fna,548.00,0.38,7458529.00,11151821.00,12603961.00,104822572.00,104844204.00,170311612.00,170327042.00,TRUE,261651083.00,203132022.00,0.25,0.38,0.37,0.78,79612153.00,123519869.00,0.39,2871696.00,3886436.00,4488700.00
00078GCF_000816755.2_Araip1.1.fna,58924.00,3177.00,0.05,23093.00,14602.00,18052.00,0.41,0.26,0.32,0.44,1765968.00,704089.00,913968.00,0.52,0.21,0.27,17171024.00,14666658.00,21185229.00,19943091.00,73000000.00,00078GCF_000816755.2_Araip1.1.fna,548.00,0.38,7458536.00,11161973.00,12602824.00,104822582.00,104844194.00,170315225.00,170323429.00,TRUE,550305430.00,477339428.00,0.24,0.36,0.40,0.87,177829094.00,299510334.00,0.37,6754440.00,9385853.00,11689993.00
00079GCF_000817695.1_Aradu1.0.fna,43374.00,2244.00,0.05,17247.00,10620.00,13263.00,0.42,0.26,0.32,0.44,1321320.00,526565.00,680710.00,0.52,0.21,0.27,12971021.00,11096874.00,15942858.00,14944559.00,55000000.00,00079GCF_000817695.1_Aradu1.0.fna,1507.00,0.39,6406857.00,9436854.00,10168753.00,89032577.00,88950042.00,141566054.00,141661258.00,TRUE,550305430.00,495350118.00,0.24,0.36,0.40,0.90,185598881.00,309751237.00,0.37,6931971.00,9840653.00,11922114.00
00080GCF_000817695.2_Aradu1.1.fna,53656.00,2448.00,0.05,21431.00,13206.00,16571.00,0.42,0.26,0.32,0.44,1665085.00,659933.00,858555.00,0.52,0.21,0.27,16156061.00,13854394.00,19966682.00,18745292.00,68700000.00,00080GCF_000817695.2_Aradu1.1.fna,1507.00,0.39,6406118.00,9424430.00,10173252.00,88978106.00,88973554.00,141644021.00,141548426.00,TRUE,461209931.00,392487502.00,0.25,0.36,0.39,0.85,147972164.00,244515338.00,0.38,5746924.00,7771769.00,9310198.00
00081GCF_000826755.1_ZizJuj_1.1.fna,38291.00,2493.00,0.07,15249.00,8458.00,12091.00,0.43,0.24,0.34,0.43,1202191.00,473180.00,624834.00,0.52,0.21,0.27,11996850.00,10126320.00,14654874.00,14100542.00,50900000.00,00081GCF_000826755.1_ZizJuj_1.1.fna,4789.00,0.38,3544919.00,5077604.00,5743064.00,47742609.00,47702330.00,79190806.00,79209407.00,TRUE,461144107.00,410265521.00,0.25,0.36,0.39,0.89,155828490.00,254437031.00,0.38,5932938.00,8222239.00,9548418.00
00082GCF_000987745.1_ASM98774v1.fna,91633.00,3446.00,0.04,37077.00,20326.00,30784.00,0.42,0.23,0.35,0.43,2884236.00,1177019.00,1583290.00,0.51,0.21,0.28,28466679.00,23889723.00,34938236.00,33366727.00,121000000.00,00082GCF_000987745.1_ASM98774v1.fna,9148.00,0.37,14752922.00,20635640.00,25012928.00,187249318.00,187177085.00,319631660.00,319474066.00,TRUE,253845152.00,133183787.00,0.25,0.35,0.40,0.52,43088537.00,90095250.00,0.32,2367900.00,2193368.00,4159774.00
00083GCF_001190045.1_Vigan1.1.fna,37919.00,1267.00,0.03,15757.00,9307.00,11588.00,0.43,0.25,0.32,0.44,1296297.00,489168.00,641177.00,0.53,0.20,0.26,12601926.00,10758201.00,15381231.00,14634855.00,53400000.00,00083GCF_001190045.1_Vigan1.1.fna,37375.00,0.38,3884079.00,6084993.00,6551210.00,54312495.00,54450727.00,89680893.00,89577705.00,TRUE,1013532129.00,960155916.00,0.24,0.34,0.41,0.95,351066276.00,609089640.00,0.37,14263754.00,19339343.00,24371751.00
00084GCF_001263595.1_ASM126359v1.fna,31438.00,3608.00,0.11,12882.00,6495.00,8453.00,0.46,0.23,0.30,0.45,889518.00,333863.00,463085.00,0.53,0.20,0.27,9518405.00,8353301.00,10839023.00,10666679.00,39400000.00,00084GCF_001263595.1_ASM126359v1.fna,89584.00,0.39,8155543.00,11410285.00,11984088.00,106256620.00,106218159.00,166738255.00,166676407.00,TRUE,288021820.00,248644412.00,0.24,0.37,0.40,0.86,90891516.00,157752896.00,0.37,3550216.00,5195475.00,6088125.00
00085GCF_001406875.1_SPENNV200.fna,35134.00,1006.00,0.03,13864.00,8367.00,11897.00,0.41,0.25,0.35,0.42,1220736.00,505278.00,659041.00,0.51,0.21,0.28,11214917.00,9169241.00,14425634.00,13597044.00,48400000.00,00085GCF_001406875.1_SPENNV200.fna,12.00,0.37,8236790.00,11066763.00,12641363.00,95556788.00,95446592.00,165008525.00,165097845.00,TRUE,545889441.00,497482605.00,0.26,0.36,0.38,0.91,192090621.00,305391984.00,0.39,7650265.00,10189549.00,11325047.00
00086GCF_001411555.1_wgs.5d.fna,57158.00,4801.00,0.08,23145.00,13238.00,15974.00,0.44,0.25,0.31,0.45,1723498.00,677361.00,857079.00,0.53,0.21,0.26,17997993.00,15238963.00,21075194.00,20140768.00,74500000.00,00086GCF_001411555.1_wgs.5d.fna,105803.00,0.41,6246437.00,9035081.00,8678436.00,91749343.00,91898959.00,134759917.00,134652371.00,TRUE,521109750.00,446656832.00,0.26,0.35,0.40,0.86,157766424.00,288890408.00,0.35,7559429.00,9343265.00,11784284.00
00087GCF_001433935.1_IRGSP-1.0.fna,41157.00,1143.00,0.03,19361.00,11182.00,9471.00,0.48,0.28,0.24,0.53,1138736.00,375012.00,435442.00,0.58,0.19,0.22,16013520.00,14801733.00,14305720.00,13365174.00,58500000.00,00087GCF_001433935.1_IRGSP-1.0.fna,58.00,0.44,3383194.00,4571021.00,4274031.00,55666273.00,55653114.00,70894399.00,70879040.00,TRUE,453060590.00,394574443.00,0.26,0.38,0.36,0.87,152833049.00,241741394.00,0.39,5871425.00,7896345.00,8242994.00
00088GCF_001540865.1_ASM154086v1.fna,36140.00,1451.00,0.04,15157.00,8959.00,10573.00,0.44,0.26,0.30,0.49,986008.00,412779.00,518020.00,0.51,0.22,0.27,13052555.00,11777584.00,13197482.00,12528611.00,50600000.00,00088GCF_001540865.1_ASM154086v1.fna,3129.00,0.41,3325691.00,4146748.00,4750185.00,47570821.00,47536560.00,67929829.00,67998381.00,TRUE,253092826.00,202536594.00,0.28,0.37,0.35,0.80,86489248.00,116047346.00,0.43,2970415.00,3585013.00,3756011.00
00089GCF_001605985.1_ASM160598v1.fna,35750.00,3199.00,0.09,14422.00,8032.00,10097.00,0.44,0.25,0.31,0.45,1079407.00,422272.00,569095.00,0.52,0.20,0.27,11226942.00,9900161.00,13096408.00,12864784.00,47100000.00,00089GCF_001605985.1_ASM160598v1.fna,72902.00,0.39,9088027.00,12023583.00,13033736.00,112047379.00,112052821.00,178224836.00,177989963.00,TRUE,231035591.00,183947296.00,0.27,0.34,0.39,0.80,73980278.00,109967018.00,0.40,2903419.00,3067341.00,4181090.00
00090GCF_001625215.1_ASM162521v1.fna,44835.00,1504.00,0.03,16849.00,11239.00,15243.00,0.39,0.26,0.35,0.43,1556302.00,642887.00,874517.00,0.51,0.21,0.28,15154572.00,12439228.00,18723220.00,17792668.00,64100000.00,00090GCF_001625215.1_ASM162521v1.fna,4826.00,0.38,3499776.00,5276328.00,5876667.00,48956434.00,48992557.00,79923892.00,79972589.00,TRUE,580314999.00,516205311.00,0.27,0.35,0.38,0.89,196506400.00,319698911.00,0.38,8445140.00,10467281.00,12159219.00
00091GCF_001865875.1_LupAngTanjil_v1.0.fna,53010.00,1748.00,0.03,21527.00,12637.00,17098.00,0.42,0.25,0.33,0.42,1953504.00,788009.00,1052775.00,0.51,0.21,0.28,17654278.00,14965213.00,22961254.00,21509598.00,77100000.00,00091GCF_001865875.1_LupAngTanjil_v1.0.fna,13573.00,0.36,5708743.00,8218414.00,9173321.00,68860887.00,68898391.00,120849955.00,120805798.00,TRUE,257845472.00,180755129.00,0.24,0.36,0.40,0.70,65329500.00,115425629.00,0.36,2711767.00,3322824.00,4823892.00
00092GCF_001876935.1_Aspof.V1.fna,37107.00,1434.00,0.04,16105.00,9085.00,10483.00,0.45,0.25,0.29,0.45,1111986.00,437696.00,557699.00,0.53,0.21,0.26,11357418.00,9515564.00,13331476.00,12553521.00,46800000.00,00092GCF_001876935.1_Aspof.V1.fna,11792.00,0.40,8649154.00,12473700.00,12891981.00,121591967.00,121550317.00,184218937.00,184245412.00,TRUE,379415031.00,332657052.00,0.25,0.36,0.40,0.88,116886296.00,215770756.00,0.35,5271047.00,7106428.00,8615622.00
00093GCF_001879085.1_NIATTr2.fna,44995.00,2300.00,0.05,17343.00,11206.00,14146.00,0.41,0.26,0.33,0.43,1406351.00,598274.00,773388.00,0.51,0.22,0.28,13440270.00,11069125.00,17022301.00,15861105.00,57400000.00,00093GCF_001879085.1_NIATTr2.fna,37194.00,0.39,13495768.00,18398755.00,20855013.00,188189783.00,188146130.00,290192134.00,290217458.00,TRUE,611606633.00,554213832.00,0.25,0.37,0.38,0.91,218632889.00,335580943.00,0.39,8050880.00,11067349.00,12118593.00
00094GCF_001879475.1_Asagao_1.1.fna,51165.00,1519.00,0.03,20468.00,12628.00,16550.00,0.41,0.25,0.33,0.45,1678330.00,659496.00,858484.00,0.53,0.21,0.27,17917945.00,15027120.00,20601174.00,19265429.00,72800000.00,00094GCF_001879475.1_Asagao_1.1.fna,3418.00,0.41,5418692.00,7709386.00,8173496.00,81055253.00,80990927.00,118755863.00,118775230.00,TRUE,956745505.00,883933837.00,0.26,0.35,0.40,0.92,343390848.00,540542989.00,0.39,12836272.00,16720425.00,19996529.00
00095GCF_001957025.1_Aet_MR_1.0.fna,56240.00,2512.00,0.04,25529.00,17482.00,10717.00,0.48,0.33,0.20,0.55,1281699.00,417332.00,460176.00,0.59,0.19,0.21,19824572.00,18972640.00,16831833.00,15478961.00,71100000.00,00095GCF_001957025.1_Aet_MR_1.0.fna,68538.00,0.48,13719475.00,19985964.00,15527642.00,285271637.00,285075944.00,311208073.00,310913400.00,TRUE,399577273.00,328469267.00,0.25,0.36,0.38,0.82,123248968.00,205220299.00,0.38,5001360.00,6427687.00,7713320.00
00096GCF_001995035.1_ASM199503v1.fna,29519.00,1897.00,0.06,12609.00,6605.00,8408.00,0.46,0.24,0.30,0.45,905865.00,352202.00,454800.00,0.53,0.21,0.27,9736437.00,8319888.00,11352054.00,10868997.00,40300000.00,00096GCF_001995035.1_ASM199503v1.fna,1052.00,0.40,2423639.00,3531647.00,3576229.00,35315490.00,35347924.00,53446265.00,53473293.00,TRUE,1192469054.00,1152191678.00,0.28,0.41,0.32,0.97,552291256.00,599900422.00,0.48,13367273.00,19080099.00,15072842.00
00097GCF_002168275.1_ASM216827v2.fna,27890.00,937.00,0.03,12011.00,6518.00,8424.00,0.45,0.24,0.31,0.44,991976.00,383211.00,494488.00,0.53,0.20,0.26,9663245.00,8065353.00,11593360.00,11218628.00,40500000.00,00097GCF_002168275.1_ASM216827v2.fna,6074.00,0.38,2109185.00,3092567.00,3303621.00,28068787.00,28054692.00,45518724.00,45460367.00,TRUE,177582972.00,137042386.00,0.25,0.37,0.38,0.77,52934816.00,84107570.00,0.39,2040428.00,2539671.00,3081741.00
00098GCF_002207925.1_PAV_r1.0.fna,35781.00,2408.00,0.07,14739.00,8484.00,10150.00,0.44,0.25,0.30,0.45,1177917.00,435669.00,556431.00,0.54,0.20,0.26,11835963.00,10110077.00,13976538.00,13317049.00,49200000.00,00098GCF_002207925.1_PAV_r1.0.fna,10148.00,0.40,2328918.00,3664825.00,3480776.00,36411132.00,36449947.00,53774492.00,53719195.00,TRUE,147102570.00,97862943.00,0.25,0.36,0.39,0.67,34177439.00,63685504.00,0.35,1673516.00,1914650.00,2747190.00
