00001GCF_000001215.4_Release_6_plus_ISO1_MT_CDS.fna,30489,797,0.03,7579,10138,11975,0.26,0.34,0.4,0.54,873213,279933,451354,0.54,0.17,0.28,16261520,16469191,15532600,12375540,60600000,00001GCF_000001215.4_Release_6_plus_ISO1_MT_Genomic.fna,1870,0.45,1101544,1712873,1925281,24930613,24953295,30305787,30323435,,110513130,49874279,0.23,0.36,0.41,0.45,17153197,32721082,0.34,821611,839660,1473927
00002GCF_000001765.3_Dpse_3.0_CDS.fna,23601,844,0.04,6122,7606,9029,0.27,0.33,0.4,0.56,648223,168638,246491,0.61,0.16,0.23,13001950,13298538,11548042,9015622,46900000,00002GCF_000001765.3_Dpse_3.0_Genomic.fna,4790,0.47,1088283,1707428,1633959,26828328,26837943,30039707,30043508,,113749486,66885334,0.25,0.39,0.37,0.59,27365783,39519551,0.41,919645,1059205,1387468
00003GCF_000002075.1_AplCal3.0_CDS.fna,35625,10917,0.31,11866,6082,6760,0.48,0.25,0.27,0.51,1004632,254954,287998,0.65,0.16,0.19,12311635,11710587,12722494,10449766,47200000,00003GCF_000002075.1_AplCal3.0_Genomic.fna,4332,0.42,4984379,8350687,7869194,89373796,89323004,124266342,124273758,,427236900,380042418,0.24,0.39,0.37,0.89,154674578,225367840,0.41,4729425,7346055,7581196
00004GCF_000002195.4_Amel_4.5_CDS.fna,23234,1820,0.08,6745,3343,11326,0.31,0.16,0.53,0.43,795252,475745,752319,0.39,0.24,0.37,10425174,9215867,14642448,11536306,45800000,00004GCF_000002195.4_Amel_4.5_Genomic.fna,5321,0.42,1142672,1911839,2509068,27106164,27144773,36890211,36862635,,128003783,82183988,0.21,0.34,0.45,0.64,34609896,47574092,0.42,666927,1116587,1756749
00005GCF_000002235.4_Spur_4.2_CDS.fna,37147,3600,0.1,13808,8323,11416,0.41,0.25,0.34,0.49,1296052,495347,494085,0.57,0.22,0.22,14751829,14153203,17047884,13621501,59600000,00005GCF_000002235.4_Spur_4.2_Genomic.fna,31897,0.4,7248209,11669180,12156108,112857395,113155662,172343145,172264127,,570620329,511045912,0.23,0.38,0.39,0.9,197108025,313937887,0.39,6752862,10373128,11662023
00006GCF_000002325.3_Nvit_2.1_CDS.fna,25828,1982,0.08,8781,4839,10226,0.37,0.2,0.43,0.49,783576,366864,547486,0.46,0.22,0.32,11676207,11428101,13818055,10522300,47400000,00006GCF_000002325.3_Nvit_2.1_Genomic.fna,6098,0.45,1874566,2638266,3164104,39602345,39618176,48169985,48237975,,175628481,128183818,0.24,0.34,0.41,0.73,56116213,72067605,0.44,1507702,1854690,2616618
00007GCF_000002335.3_Tcas5.2_CDS.fna,22675,666,0.03,6064,4510,11435,0.28,0.2,0.52,0.47,802344,307733,571491,0.48,0.18,0.34,10785957,10415259,13336464,10621907,45200000,00007GCF_000002335.3_Tcas5.2_Genomic.fna,2082,0.4,1054345,1614494,2209220,19012535,19034998,28259649,28266213,,94573395,49413808,0.22,0.33,0.45,0.52,16846317,32567491,0.34,746612,812150,1637729
00008GCF_000002865.3_V1.0_CDS.fna,9807,1482,0.15,3283,2219,2823,0.39,0.27,0.34,0.57,285574,44929,41409,0.77,0.12,0.11,4484030,4996125,3532029,3579038,16600000,00008GCF_000002865.3_V1.0_Genomic.fna,219,0.55,189297,617488,164426,9418629,9422131,7671709,7656459,,34168928,17577706,0.19,0.64,0.17,0.51,9360605,8217101,0.53,144368,331914,123017
00009GCF_000002985.6_WBcel235_CDS.fna,29818,1245,0.04,9512,5061,14000,0.33,0.18,0.49,0.43,902009,210653,397126,0.6,0.14,0.26,9115940,8696390,12438799,10728982,41000000,00009GCF_000002985.6_WBcel235_Genomic.fna,7,0.4,692372,1309674,1104105,13028548,13053807,19200615,19197636,,64480606,23500495,0.22,0.42,0.36,0.36,8270025,15230470,0.35,481719,407665,706979
00010GCF_000002995.3_ASM299v2_CDS.fna,12310,1810,0.15,3689,1934,4877,0.35,0.18,0.46,0.4,308832,111832,210573,0.49,0.18,0.33,2766558,2302406,4101678,3617897,12800000,00010GCF_000002995.3_ASM299v2_Genomic.fna,24286,0.35,711268,1213038,1475776,10049878,10034171,18425548,18433127,,56942724,44154185,0.21,0.36,0.43,0.78,15015085,29139100,0.34,599436,904206,1265203
00011GCF_000003605.2_Skow_1.1_CDS.fna,23886,4112,0.17,6540,4453,8781,0.33,0.23,0.44,0.42,823843,338344,484565,0.5,0.21,0.29,7416176,6363754,10538374,8562388,32900000,00011GCF_000003605.2_Skow_1.1_Genomic.fna,54120,0.38,5380661,8954566,9472343,79459510,79530325,130260966,130335630,,419586431,386705739,0.23,0.38,0.4,0.92,145209905,241495834,0.38,5042317,8130723,8987778
00012GCF_000003815.1_Version_2_CDS.fna,33814,10583,0.31,8765,6837,7629,0.38,0.29,0.33,0.53,755807,224050,246996,0.62,0.18,0.2,10870126,10260177,10523953,8290646,39900000,00012GCF_000003815.1_Version_2_Genomic.fna,398,0.42,4549662,6985474,6632293,75950539,75909427,104387594,104469716,,360717276,320772374,0.25,0.38,0.37,0.89,130729663,190042711,0.41,4325612,6229667,6385297
00013GCF_000004015.3_AaegL2_CDS.fna,18609,2561,0.14,5171,4249,6628,0.32,0.26,0.41,0.5,410813,139504,190540,0.55,0.19,0.26,6066645,5818149,6733701,5345027,24000000,00013GCF_000004015.3_AaegL2_Genomic.fna,4756,0.4,7329103,11922400,12393993,125761848,125698565,188070304,188085147,,627615864,603652342,0.23,0.38,0.39,0.96,239575619,364076723,0.4,7189599,11511587,12203453
00014GCF_000004015.4_AaegL3_CDS.fna,18622,2568,0.14,5171,4249,6634,0.32,0.26,0.41,0.5,410993,139732,191013,0.55,0.19,0.26,6068041,5819485,6737281,5349957,24000000,00014GCF_000004015.4_AaegL3_Genomic.fna,4757,0.4,7329311,11922580,12395098,125763228,125700684,188076995,188091614,,627632521,603657757,0.23,0.38,0.39,0.96,239576386,364081371,0.4,7189579,11511587,12204085
00015GCF_000004095.1_Hydra_RP_1.0_CDS.fna,26080,7541,0.29,4215,3507,10817,0.23,0.19,0.58,0.34,680163,325770,745377,0.39,0.19,0.43,5234261,4479731,10076486,8778371,28600000,00015GCF_000004095.1_Hydra_RP_1.0_Genomic.fna,20916,0.34,5547563,7492140,11207595,66798538,66789653,127170267,127161942,,387920400,359351551,0.23,0.31,0.46,0.93,123874199,235477352,0.34,5221793,6811977,10462218
00016GCF_000004555.1_ASM455v1_CDS.fna,21536,4490,0.21,5917,2875,8254,0.35,0.17,0.48,0.44,496658,126612,199442,0.6,0.15,0.24,5390528,5261006,7199416,6154680,24000000,00016GCF_000004555.1_ASM455v1_Genomic.fna,12,0.41,748774,1364741,1050353,14089225,14086029,19984787,20008586,,68168627,44162997,0.24,0.43,0.33,0.65,17523720,26639277,0.4,622162,868083,850911
00017GCF_000005115.1_dana_caf1_CDS.fna,21361,847,0.04,4960,6483,9071,0.24,0.32,0.44,0.55,612651,184456,298806,0.56,0.17,0.27,11654005,11967972,10876769,8600148,43100000,00017GCF_000005115.1_dana_caf1_Genomic.fna,13749,0.45,1422991,2078001,2337861,30755716,30789706,37208813,37207330,,135961565,92862671,0.24,0.36,0.4,0.68,37923445,54939226,0.41,1238535,1465350,2039055
00018GCF_000005135.1_dere_caf1_CDS.fna,19710,704,0.04,4928,6644,7434,0.26,0.35,0.39,0.55,569329,167109,270249,0.57,0.17,0.27,10822343,10881628,9983001,7903419,39600000,00018GCF_000005135.1_dere_caf1_Genomic.fna,5124,0.46,1053586,1637341,1814157,24683742,24674280,29079758,29077386,,107515166,67924775,0.23,0.36,0.4,0.63,27654051,40270724,0.41,886477,1068012,1543908
00019GCF_000005155.2_dgri_caf1_CDS.fna,15057,453,0.03,3598,3829,7177,0.25,0.26,0.49,0.52,370295,90265,185656,0.57,0.14,0.29,5901779,5713816,5894588,4879503,22400000,00019GCF_000005155.2_dgri_caf1_Genomic.fna,17440,0.43,1109815,1895403,2102832,23745830,23791165,31271549,31260895,,110069439,87679753,0.22,0.37,0.41,0.8,35921400,51758353,0.41,1019550,1525108,1917176
00020GCF_000005175.2_dmoj_caf1_CDS.fna,20267,834,0.04,4857,5494,9082,0.25,0.28,0.47,0.53,627566,186373,327433,0.55,0.16,0.29,10400810,10273764,10205286,8246751,39100000,00020GCF_000005175.2_dmoj_caf1_Genomic.fna,6841,0.44,1319259,1940534,2086900,25275435,25309855,31993933,31934305,,114513528,75386917,0.25,0.36,0.39,0.66,29910716,45476201,0.4,1132886,1312968,1759467
00021GCF_000005195.2_dper_caf1_CDS.fna,16930,502,0.03,4839,5254,6335,0.29,0.32,0.39,0.56,310928,83190,123179,0.6,0.16,0.24,6004284,6050070,5352691,4306754,21700000,00021GCF_000005195.2_dper_caf1_Genomic.fna,12838,0.46,1232500,1936797,1938123,29833633,29833731,34507142,34531255,,128705761,106991962,0.24,0.38,0.38,0.83,47613010,59378952,0.45,1149310,1625869,1814944
00022GCF_000005215.3_dsec_caf1_CDS.fna,16561,485,0.03,4381,5228,6467,0.27,0.33,0.4,0.54,311841,96297,154016,0.55,0.17,0.27,5857031,5826289,5463664,4436008,21600000,00022GCF_000005215.3_dsec_caf1_Genomic.fna,14731,0.45,1160417,1801629,2048576,26353759,26321498,32036093,32067922,,116779272,95196280,0.23,0.36,0.41,0.82,40991937,54204343,0.43,1064120,1489788,1894560
00023GCF_000005245.1_dvir_caf1_CDS.fna,20665,753,0.04,4820,5764,9328,0.24,0.29,0.47,0.53,616648,181632,351942,0.54,0.16,0.31,10551184,10427372,10383978,8440272,39800000,00023GCF_000005245.1_dvir_caf1_Genomic.fna,13530,0.44,1325930,1947022,2301073,27068118,27089151,34050192,34102634,,122310095,82507289,0.24,0.35,0.41,0.67,33178713,49328576,0.4,1144298,1330374,1949131
00024GCF_000005575.2_AgamP3_CDS.fna,15873,3438,0.22,3410,3402,5623,0.27,0.27,0.45,0.56,309157,88656,127342,0.59,0.17,0.24,6513701,6108310,5471067,4294396,22400000,00024GCF_000005575.2_AgamP3_Genomic.fna,8090,0.46,1960774,3076876,3081262,45940723,45938990,52864120,52856786,,197600619,175213145,0.24,0.38,0.38,0.89,79257702,95955443,0.45,1872118,2767719,2953920
00025GCF_000005925.1_dwil_caf1_CDS.fna,15469,942,0.06,3177,3642,7708,0.22,0.25,0.53,0.47,472067,163219,309069,0.5,0.17,0.33,6067485,5804379,7125510,6172497,25200000,00025GCF_000005925.1_dwil_caf1_Genomic.fna,14838,0.41,1742905,2551867,3051376,29699916,29692352,43039984,43025493,,145457745,120287874,0.24,0.35,0.42,0.83,47520404,72767470,0.4,1579686,2079800,2742307
00026GCF_000005975.2_dyak_caf1_CDS.fna,23559,1052,0.04,5810,7595,9102,0.26,0.34,0.4,0.54,697559,210746,353564,0.55,0.17,0.28,12886986,12999692,12239646,9728405,47900000,00026GCF_000005975.2_dyak_caf1_Genomic.fna,8123,0.45,1254844,1917217,2166460,28339861,28324216,34114787,34196382,,124975246,77120517,0.24,0.36,0.41,0.62,30777399,46343118,0.4,1044098,1219658,1812896
00027GCF_000006295.1_JCVI_LOUSE_1.0_CDS.fna,10849,383,0.04,2946,1290,6230,0.28,0.12,0.6,0.37,296315,173937,400066,0.34,0.2,0.46,3288212,2802061,5926579,4641017,16700000,00027GCF_000006295.1_JCVI_LOUSE_1.0_Genomic.fna,1882,0.39,327876,676922,924376,7438237,7411411,11806228,11816443,,38472319,21814450,0.17,0.35,0.48,0.57,8759375,13055075,0.4,153939,380607,524310
00028GCF_000090795.1_v1.0_CDS.fna,25503,3793,0.15,6858,4157,10695,0.32,0.19,0.49,0.41,897280,407304,640673,0.46,0.21,0.33,7626287,6915667,10931484,9832194,35300000,00028GCF_000090795.1_v1.0_Genomic.fna,13398,0.38,1611659,2318905,2337829,20269441,20254390,32474766,32439422,,105438019,70132387,0.26,0.37,0.37,0.67,25981877,44150510,0.37,1204355,1421625,1697156
00029GCF_000142985.2_Acyr_2.0_CDS.fna,28672,2009,0.07,7359,4324,14980,0.28,0.16,0.56,0.4,942338,461837,894100,0.41,0.2,0.39,8946235,8249801,14503089,11775649,43500000,00029GCF_000142985.2_Acyr_2.0_Genomic.fna,23925,0.39,3331020,4133032,5903021,47189307,47181355,74164726,74127187,,242662575,199187801,0.25,0.31,0.44,0.82,77174626,122013175,0.39,2869183,3190694,5008921
00030GCF_000143395.1_Attacep1.0_CDS.fna,10856,643,0.06,3013,1630,5570,0.3,0.16,0.55,0.43,340027,184485,296076,0.41,0.22,0.36,4160543,3712823,5783767,4648712,18300000,00030GCF_000143395.1_Attacep1.0_Genomic.fna,2835,0.4,1886946,2934871,3592416,33876113,33866518,49965120,50056219,,167763970,149458125,0.22,0.35,0.43,0.89,59869265,89588860,0.4,1702461,2594844,3296340
00031GCF_000147175.1_CamFlo_1.0_CDS.fna,19082,1001,0.05,5669,3047,9365,0.31,0.17,0.52,0.45,649747,364452,550230,0.42,0.23,0.35,9089192,8242576,11736658,9291604,38400000,00031GCF_000147175.1_CamFlo_1.0_Genomic.fna,10791,0.43,1382357,2204654,2742604,29719641,29742247,39948851,39963127,,139373866,101013836,0.22,0.35,0.43,0.72,42130120,58883716,0.42,1017905,1554907,2192374
00032GCF_000147195.1_HarSal_1.0_CDS.fna,22391,887,0.04,7304,4217,9983,0.34,0.2,0.46,0.49,679918,324874,470121,0.46,0.22,0.32,10648158,9711237,11948146,9304561,41600000,00032GCF_000147195.1_HarSal_1.0_Genomic.fna,8893,0.47,1776244,3065715,3564479,49925324,49852218,55636072,55610522,,211024136,169412034,0.21,0.36,0.42,0.8,79418147,89993887,0.47,1451370,2385797,3094358
00033GCF_000149515.1_ASM14951v1_CDS.fna,31769,1375,0.04,11100,4953,14341,0.37,0.16,0.47,0.43,850002,207847,362978,0.6,0.15,0.26,8332182,8032403,11660472,9923888,37900000,00033GCF_000149515.1_ASM14951v1_Genomic.fna,3670,0.41,1027077,2043787,1553045,20083036,20098459,28628613,28626338,,97436446,59487501,0.22,0.44,0.34,0.61,23816910,35670591,0.4,819230,1193785,1190067
00034GCF_000150275.1_v1.0_CDS.fna,12822,2561,0.2,1936,2228,6097,0.19,0.22,0.59,0.38,312933,210897,369382,0.35,0.24,0.41,3112486,2808917,5201858,4619701,15700000,00034GCF_000150275.1_v1.0_Genomic.fna,1414,0.36,1370847,1408624,2044584,13257403,13235342,23701105,23755723,,73949573,58206611,0.28,0.29,0.42,0.79,20571342,37635269,0.35,1159950,1095691,1675202
00035GCF_000151315.2_C_owczarzaki_V2_CDS.fna,8945,517,0.06,3505,1790,3133,0.42,0.21,0.37,0.58,223132,26340,24213,0.82,0.1,0.09,4529603,5236992,3512720,3481011,16800000,00035GCF_000151315.2_C_owczarzaki_V2_Genomic.fna,84,0.55,94600,391087,85660,6397662,6399107,5278460,5279186,,23354415,6594089,0.17,0.68,0.15,0.28,3030174,3563915,0.46,68260,167955,61447
00036GCF_000151625.1_ASM15162v1_CDS.fna,20851,2431,0.12,6258,3874,8288,0.34,0.21,0.45,0.48,553260,265935,404126,0.45,0.22,0.33,7652227,7342817,8998779,7029443,31000000,00036GCF_000151625.1_ASM15162v1_Genomic.fna,43463,0.39,3229313,4181426,5717068,45846337,45865034,70229518,70265566,,232206455,201183189,0.25,0.32,0.44,0.87,76716327,124466862,0.38,2963378,3628166,5312942
00037GCF_000181795.1_Trichinella_spiralis-3.7.1_CDS.fna,17826,3226,0.18,6635,2230,5735,0.45,0.15,0.39,0.43,358486,98177,168388,0.57,0.16,0.27,3608175,3174523,4592431,4311199,15700000,00037GCF_000181795.1_Trichinella_spiralis-3.7.1_Genomic.fna,6863,0.4,370967,814648,725162,7885585,7912177,11790612,11773777,,39362151,23675823,0.19,0.43,0.38,0.6,9015064,14660759,0.38,272790,456162,556774
00038GCF_000183805.1_Loa_loa_V1_CDS.fna,18575,4891,0.26,4974,2416,6294,0.36,0.18,0.46,0.4,343045,118891,238547,0.49,0.17,0.34,3152248,2655108,4638179,4112346,14600000,00038GCF_000183805.1_Loa_loa_V1_Genomic.fna,14334,0.36,719445,1270826,1508049,10752826,10795406,19261334,19184525,,59994091,45436210,0.21,0.36,0.43,0.76,15740876,29695334,0.35,600554,927781,1269502
00039GCF_000183805.2_Loa_loa_V3.1_CDS.fna,16550,2512,0.15,5269,2385,6384,0.38,0.17,0.45,0.4,368910,126997,247594,0.5,0.17,0.33,3393759,2854445,4957052,4374693,15600000,00039GCF_000183805.2_Loa_loa_V3.1_Genomic.fna,5764,0.36,725740,1281715,1521499,10850856,10895632,19435711,19355325,,60537524,44957575,0.21,0.36,0.43,0.74,15498284,29459291,0.34,598743,912805,1273905
00040GCF_000184785.1_Aflo_1.0_CDS.fna,17972,1009,0.06,4996,2565,9402,0.29,0.15,0.55,0.4,576484,361494,585754,0.38,0.24,0.38,6778636,5926462,10381886,8344718,31400000,00040GCF_000184785.1_Aflo_1.0_Genomic.fna,7945,0.43,1128547,1870940,2446833,26773271,26752049,36093863,36039175,,125658358,94226656,0.21,0.34,0.45,0.75,40820222,53406434,0.43,767053,1294456,1861079
00041GCF_000184785.2_Aflo_1.0_CDS.fna,17985,1012,0.06,4996,2566,9411,0.29,0.15,0.55,0.4,576675,361654,586364,0.38,0.24,0.38,6779545,5927369,10385976,8349875,31400000,00041GCF_000184785.2_Aflo_1.0_Genomic.fna,7946,0.43,1128673,1871133,2448215,26774168,26753610,36101773,36046503,,125676054,94233289,0.21,0.34,0.45,0.75,40820864,53412425,0.43,767019,1294458,1861851
00042GCF_000187915.1_Pbar_UMD_V03_CDS.fna,19237,897,0.05,5670,3273,9397,0.31,0.18,0.51,0.45,593600,320493,495601,0.42,0.23,0.35,8035053,7218651,10399628,8301718,34000000,00042GCF_000187915.1_Pbar_UMD_V03_Genomic.fna,4645,0.44,1454162,2324213,2830108,32105917,32114339,41584417,41626742,,147431415,113476365,0.22,0.35,0.43,0.77,48966552,64509813,0.43,1133669,1730613,2334507
00043GCF_000188075.1_Si_gnG_CDS.fna,22253,2944,0.13,6013,3548,9748,0.31,0.18,0.5,0.46,578600,311088,490182,0.42,0.23,0.36,8271467,7482212,10392581,8204874,34400000,00043GCF_000188075.1_Si_gnG_Genomic.fna,69511,0.43,2404530,3628487,4810019,49155884,49027132,66162887,66434384,,230780287,196429153,0.22,0.33,0.44,0.85,82429337,113999816,0.42,2093442,3049887,4319837
00044GCF_000188095.1_BIMP_2.0_CDS.fna,21041,782,0.04,5987,3621,10651,0.3,0.18,0.53,0.42,778139,505656,747674,0.38,0.25,0.37,9745218,8627049,14200072,11145278,43700000,00044GCF_000188095.1_BIMP_2.0_Genomic.fna,5559,0.42,2096800,2742778,3763404,38838608,38876967,53208098,53211601,,184135274,140417657,0.24,0.32,0.44,0.76,59343308,81074349,0.42,1591144,1964639,3015730
00045GCF_000188695.1_Proterospongia_sp_ATCC50818_CDS.fna,11810,493,0.04,6657,2448,2212,0.59,0.22,0.2,0.6,379122,22457,23491,0.89,0.05,0.06,6974647,7209681,5172565,4131465,23500000,00045GCF_000188695.1_Proterospongia_sp_ATCC50818_Genomic.fna,154,0.57,103699,558194,93294,9599228,9609648,7170941,7183026,,33562843,10074485,0.14,0.74,0.12,0.3,5024548,5049937,0.5,81242,179072,69803
00046GCF_000204515.1_Aech_3.9_CDS.fna,20365,754,0.04,6207,3369,10035,0.32,0.17,0.51,0.44,683879,377560,585841,0.42,0.23,0.36,8825313,7924937,11869978,9409302,38000000,00046GCF_000204515.1_Aech_3.9_Genomic.fna,4339,0.41,1978388,3069660,3782206,37083214,37061318,52966341,52954580,,180065453,142035923,0.22,0.35,0.43,0.79,57394282,84641641,0.4,1600828,2385781,3196365
00047GCF_000208615.1_JCVI_ISG_i3_1.0_CDS.fna,24824,8463,0.34,8075,4146,4140,0.49,0.25,0.25,0.58,222853,59659,65020,0.64,0.17,0.19,5046837,5175802,3916501,3406833,17500000,00047GCF_000208615.1_JCVI_ISG_i3_1.0_Genomic.fna,369492,0.46,9828082,14696914,14423774,212066254,212117114,246413534,246316052,,916912954,899366981,0.25,0.38,0.37,0.98,413960729,485406252,0.46,9768423,14474061,14358754
00048GCF_000209185.1_CulPip1.0_CDS.fna,19003,707,0.04,6626,4552,7118,0.36,0.25,0.39,0.55,376491,83520,125439,0.64,0.14,0.21,7004815,6766563,6140684,4964183,24900000,00048GCF_000209185.1_CulPip1.0_Genomic.fna,3171,0.43,2334662,4539606,4406848,54784778,54766413,71280196,71269615,,252101002,227224757,0.21,0.4,0.39,0.9,95779813,131444944,0.42,2251142,4163115,4281409
00049GCF_000209225.1_ASM20922v1_CDS.fna,33022,16088,0.49,5895,4776,6263,0.35,0.28,0.37,0.47,480441,216050,283017,0.49,0.22,0.29,6089464,5726772,7088321,6091587,25000000,00049GCF_000209225.1_ASM20922v1_Genomic.fna,10804,0.41,2768686,3868729,4361305,43836730,43846874,62042287,62117221,,211843112,186846968,0.25,0.35,0.4,0.88,75867368,110979600,0.41,2552636,3388288,4078288
00050GCF_000214255.1_Bter_1.0_CDS.fna,22399,1025,0.05,6633,3853,10888,0.31,0.18,0.51,0.43,773738,498335,730701,0.39,0.25,0.36,10065783,9021944,14302492,11203988,44600000,00050GCF_000214255.1_Bter_1.0_Genomic.fna,5609,0.42,2026957,2670099,3632779,37524302,37482590,51509276,51500342,,178016510,133422303,0.24,0.32,0.44,0.75,55919165,77503138,0.42,1528622,1896361,2902078
00051GCF_000217595.1_Lhum_UMD_V04_CDS.fna,21823,836,0.04,6729,3724,10534,0.32,0.18,0.5,0.47,710444,345827,558935,0.44,0.21,0.35,10763840,9827518,12901261,10027856,43500000,00051GCF_000217595.1_Lhum_UMD_V04_Genomic.fna,3030,0.44,1470507,2345529,2920236,33298242,33314076,42583139,42521970,,151717427,108196952,0.22,0.35,0.43,0.71,46020960,62175992,0.43,1124680,1635085,2361301
00052GCF_000220665.1_Dfic_2.0_CDS.fna,24250,1385,0.06,6107,7331,9427,0.27,0.32,0.41,0.56,675716,170276,301706,0.59,0.15,0.26,13711910,14006928,12269731,9737586,49700000,00052GCF_000220665.1_Dfic_2.0_Genomic.fna,5754,0.46,1042679,1750532,1947335,26447525,26466734,31049727,31033847,,114997833,65271678,0.22,0.37,0.41,0.57,25195421,40076257,0.39,872403,1074816,1645629
00053GCF_000220905.1_MROT_1.0_CDS.fna,26133,777,0.03,7999,4476,12881,0.32,0.18,0.51,0.43,947650,577337,867939,0.4,0.24,0.36,12473182,11085997,17291285,13468868,54300000,00053GCF_000220905.1_MROT_1.0_Genomic.fna,6266,0.42,2055333,2928930,3842244,38011868,38030278,53201443,53275887,,182519476,128200144,0.23,0.33,0.44,0.7,52482967,75717177,0.41,1477996,1981280,2974305
00054GCF_000222465.1_Adig_1.1_CDS.fna,34437,1871,0.05,12724,7239,12603,0.39,0.22,0.39,0.44,1035588,352840,572373,0.53,0.18,0.29,11118028,9760354,14280328,12221708,47400000,00054GCF_000222465.1_Adig_1.1_Genomic.fna,2421,0.41,3285986,5769960,5903826,58877375,58855484,85651929,85666165,,289050953,241670535,0.22,0.39,0.39,0.84,96854477,144816058,0.4,2933146,4734372,5331453
00055GCF_000224145.2_KH_CDS.fna,19395,1203,0.06,5987,2967,9238,0.33,0.16,0.51,0.43,733810,217038,491393,0.51,0.15,0.34,7437513,6951658,10536907,8580822,33500000,00055GCF_000224145.2_KH_Genomic.fna,1272,0.39,931709,1317312,1896680,15150475,15144650,23636344,23620967,,77552436,44045536,0.22,0.32,0.46,0.57,15905954,28139582,0.36,714671,583502,1405287
00056GCF_000224195.1_Dele_2.0_CDS.fna,24408,845,0.03,6576,7484,9503,0.28,0.32,0.4,0.56,731698,187671,308970,0.6,0.15,0.25,14608192,14924404,12914422,10402103,52800000,00056GCF_000224195.1_Dele_2.0_Genomic.fna,5429,0.45,1207570,1932598,2141575,28192898,28188249,33855961,33853673,,124090781,71241660,0.23,0.37,0.41,0.57,26848551,44393109,0.38,1019899,1200900,1832605
00057GCF_000224215.1_Dkik_2.0_CDS.fna,22457,735,0.03,5800,6940,8982,0.27,0.32,0.41,0.56,636930,183550,285257,0.58,0.17,0.26,12205259,12366459,10808209,8745363,44100000,00057GCF_000224215.1_Dkik_2.0_Genomic.fna,5141,0.47,1119676,1755325,1895367,27158307,27177240,31096103,31089374,,116521024,72395734,0.23,0.37,0.4,0.62,29763829,42631905,0.41,936126,1118395,1610110
00058GCF_000224235.1_Dtak_2.0_CDS.fna,24235,1098,0.05,5907,7526,9704,0.26,0.33,0.42,0.56,675664,180660,294615,0.59,0.16,0.26,13701807,13951790,12092091,9748399,49500000,00058GCF_000224235.1_Dtak_2.0_Genomic.fna,5733,0.45,1208048,1875989,2127666,27879937,27863952,33540574,33556057,,122840520,73346433,0.23,0.36,0.41,0.6,28090292,45256141,0.38,1027388,1200325,1833051
00059GCF_000233415.1_Dbia_2.0_CDS.fna,22794,738,0.03,5859,7641,8556,0.27,0.35,0.39,0.56,656136,179277,280245,0.59,0.16,0.25,13429970,13912595,11810820,9245866,48400000,00059GCF_000233415.1_Dbia_2.0_Genomic.fna,5523,0.46,1249378,1872041,2108334,29049774,29089291,33696286,33703859,,125539210,77139959,0.24,0.36,0.4,0.61,30796500,46343459,0.4,1070101,1215905,1828089
00060GCF_000236285.1_Dbip_2.0_CDS.fna,23692,1012,0.04,5616,6882,10182,0.25,0.3,0.45,0.55,691980,207829,319681,0.57,0.17,0.26,13422683,14030015,12309527,9808134,49600000,00060GCF_000236285.1_Dbip_2.0_Genomic.fna,5500,0.46,1233640,1804432,1977091,27278653,27260706,32156909,32137537,,118833805,69263446,0.25,0.36,0.39,0.58,27086661,42176785,0.39,1025811,1112452,1657410
00061GCF_000236305.1_Drho_2.0_CDS.fna,24515,2645,0.11,5659,7080,9131,0.26,0.32,0.42,0.55,655210,194373,332739,0.55,0.16,0.28,12394502,12588057,11559569,9254435,45800000,00061GCF_000236305.1_Drho_2.0_Genomic.fna,22819,0.45,1359894,2113955,2476793,30466970,30492802,37744424,37726713,,136430909,90634346,0.23,0.36,0.42,0.66,35977213,54657133,0.4,1165521,1458745,2144054
00062GCF_000236325.1_Deug_2.0_CDS.fna,24455,1037,0.04,6081,7076,10261,0.26,0.3,0.44,0.52,795896,287699,455057,0.52,0.19,0.3,13221160,13307143,13303638,10949477,50800000,00062GCF_000236325.1_Deug_2.0_Genomic.fna,4946,0.45,1231095,1855756,2143231,26179772,26144323,32315439,32302221,,116941755,66160337,0.24,0.35,0.41,0.57,25795792,40364545,0.39,943396,1059860,1688174
00063GCF_000237925.1_ASM23792v2_CDS.fna,11919,547,0.05,3196,1870,6306,0.28,0.16,0.55,0.36,393252,190924,400795,0.4,0.19,0.41,3058655,3035732,5624864,5164342,16900000,00063GCF_000237925.1_ASM23792v2_Genomic.fna,885,0.35,3570075,5311767,6641119,40302573,40297382,76287163,76370036,,233257154,216373561,0.23,0.34,0.43,0.93,74505568,141867993,0.34,3379151,4918515,6240324
00064GCF_000239435.1_ASM23943v1_CDS.fna,15157,615,0.04,5551,1688,7303,0.38,0.12,0.5,0.38,635809,204928,526134,0.47,0.15,0.38,4806708,4925171,8268113,7570458,25600000,00064GCF_000239435.1_ASM23943v1_Genomic.fna,641,0.35,683320,1640297,1793126,11675778,11693237,21429523,21427606,,66226144,40655694,0.17,0.4,0.44,0.61,13637136,27018558,0.34,478392,1004488,1266992
00065GCF_000255335.1_Mocc_1.0_CDS.fna,12163,686,0.06,6198,2924,2355,0.54,0.25,0.21,0.52,281908,79865,91654,0.62,0.18,0.2,4670520,4742009,4669227,3863935,17900000,00065GCF_000255335.1_Mocc_1.0_Genomic.fna,2211,0.52,1079065,2479562,1021740,35301560,35303834,33195648,33178611,,136979653,119033962,0.24,0.54,0.22,0.87,61192865,57841097,0.51,999200,2197654,930086
00066GCF_000269505.1_DroMir_2.2_CDS.fna,22698,681,0.03,5970,7276,8771,0.27,0.33,0.4,0.56,658847,173351,255921,0.61,0.16,0.24,13131242,13562810,11713983,9162122,47600000,00066GCF_000269505.1_DroMir_2.2_Genomic.fna,6,0.47,955409,1518448,1437803,23828499,23839690,26588554,26627038,,100883781,53313624,0.24,0.39,0.37,0.53,20974137,32339487,0.39,782058,859601,1181882
00067GCF_000297895.1_oyster_v9_CDS.fna,48678,3991,0.08,18190,9695,16802,0.41,0.22,0.38,0.46,1893250,703375,979488,0.53,0.2,0.27,20455902,18891670,26699753,20371350,86400000,00067GCF_000297895.1_oyster_v9_Genomic.fna,7659,0.37,3830654,6336056,7713212,58178290,58176148,98741487,98770110,,313866035,227447360,0.21,0.35,0.43,0.72,77006866,150440494,0.34,3127279,4442806,6733724
00068GCF_000326865.1_Helobdella_robusta_v1.0_CDS.fna,26362,5780,0.22,8073,3298,9211,0.39,0.16,0.45,0.42,624212,208261,420290,0.5,0.17,0.34,5691506,5534751,8565840,6703298,26500000,00068GCF_000326865.1_Helobdella_robusta_v1.0_Genomic.fna,1991,0.39,1350438,2448325,2509545,22235345,22216060,35503041,35476307,,115430753,88935358,0.21,0.39,0.4,0.77,33225148,55710210,0.37,1142177,1824113,2089255
00069GCF_000327385.1_Helro1_CDS.fna,28102,8040,0.29,6024,4035,10003,0.3,0.2,0.5,0.37,623039,388918,597658,0.39,0.24,0.37,5521019,4633004,9220926,7853928,27200000,00069GCF_000327385.1_Helro1_Genomic.fna,4469,0.36,3024895,4500513,5491889,37655017,37661617,67482910,67503708,,210303252,183074375,0.23,0.35,0.42,0.87,65162611,117911764,0.36,2635977,3877474,4894231
00070GCF_000330985.1_DBM_FJ_V1.1_CDS.fna,22662,2418,0.11,6614,5745,7885,0.33,0.28,0.39,0.53,568627,234103,309770,0.51,0.21,0.28,8573708,8364552,8538724,6448265,31900000,00070GCF_000330985.1_DBM_FJ_V1.1_Genomic.fna,1794,0.41,3284158,3901107,5107315,46328122,46300346,65514319,65480847,,223623634,191698385,0.27,0.32,0.42,0.86,75690208,116008177,0.39,3050055,3332480,4797545
00071GCF_000341935.1_Ccin1_CDS.fna,26142,1075,0.04,8666,4749,11652,0.35,0.19,0.46,0.46,1060226,503225,762643,0.46,0.22,0.33,13700745,12654844,17298891,13821626,57500000,00071GCF_000341935.1_Ccin1_Genomic.fna,1976,0.44,1450431,2034547,2355877,27237110,27290627,34950103,34876871,,124354711,66878605,0.25,0.35,0.4,0.54,28172148,38706457,0.42,947206,974321,1593234
00072GCF_000344095.1_Aros_1.0_CDS.fna,22201,629,0.03,8351,4749,8472,0.39,0.22,0.39,0.46,895211,425485,597893,0.47,0.22,0.31,11698156,10983026,14929786,11641685,49300000,00072GCF_000344095.1_Aros_1.0_Genomic.fna,522,0.45,1194298,1920111,2022213,26795991,26761077,32651916,32623952,,118832936,69580283,0.23,0.37,0.39,0.59,30875886,38704397,0.44,768813,1024900,1424320
00073GCF_000347755.2_Ccap_1.1_CDS.fna,22968,861,0.04,5833,4392,11882,0.26,0.2,0.54,0.45,999174,417530,809431,0.45,0.19,0.36,11964321,11673974,15969861,12805191,52400000,00073GCF_000347755.2_Ccap_1.1_Genomic.fna,1806,0.41,3201541,4681515,5452130,53634471,53621705,77615268,77611057,,262482501,210069154,0.24,0.35,0.41,0.8,83617881,126451273,0.4,2784011,3682341,4642699
00074GCF_000355655.1_DendPond_male_1.0_CDS.fna,22071,2885,0.13,5047,5095,9044,0.26,0.27,0.47,0.46,675760,306938,451807,0.47,0.21,0.31,8597731,8110683,10894277,8619615,36200000,00074GCF_000355655.1_DendPond_male_1.0_Genomic.fna,8188,0.4,1810503,2621698,3310994,29713858,29699157,44495486,44512243,,148420744,112198438,0.23,0.34,0.43,0.76,42704601,69493837,0.38,1503565,1945938,2859187
00075GCF_000365465.1_Ptep_1.0_CDS.fna,30080,3808,0.13,9363,4356,12553,0.36,0.17,0.48,0.39,1066028,486881,820107,0.45,0.21,0.35,8993938,8150341,14493746,12603085,44200000,00075GCF_000365465.1_Ptep_1.0_Genomic.fna,31445,0.35,8295083,11667159,17465598,105853934,105982781,198889361,198856040,,609582116,565341006,0.22,0.31,0.47,0.93,194692436,370648570,0.34,7808202,10601131,16645491
00076GCF_000365465.2_Ptep_2.0_CDS.fna,30360,4354,0.14,9454,4274,12278,0.36,0.16,0.47,0.39,1065372,488650,818793,0.45,0.21,0.35,9041863,8229628,14525447,12636765,44400000,00076GCF_000365465.2_Ptep_2.0_Genomic.fna,16533,0.35,8298170,11672944,17462214,105879194,105938812,198872751,198867645,,609558402,565124699,0.22,0.31,0.47,0.93,194546515,370578184,0.34,7809520,10607572,16643421
00077GCF_000371365.1_Musca_domestica-2.0.2_CDS.fna,22586,2769,0.12,4307,4139,11371,0.22,0.21,0.57,0.45,790056,248779,572185,0.49,0.15,0.36,8970872,9076302,12350543,10074363,40500000,00077GCF_000371365.1_Musca_domestica-2.0.2_Genomic.fna,20487,0.38,3685984,5187041,6802734,57932802,58030292,93183640,93212223,,302358957,261886877,0.24,0.33,0.43,0.87,97915920,163970957,0.37,3437205,4396985,6230549
00078GCF_000388065.1_Font_alba_ATCC_38817_V2_CDS.fna,6402,342,0.05,2959,1595,1506,0.49,0.26,0.25,0.68,128889,9538,8777,0.88,0.06,0.06,4120070,4723909,1862735,2224040,12900000,00078GCF_000388065.1_Font_alba_ATCC_38817_V2_Genomic.fna,214,0.63,53347,182369,32838,5473208,5446383,3145356,3168951,,17233898,4303144,0.2,0.68,0.12,0.25,2075612,2227532,0.48,43809,53480,24061
00079GCF_000390285.1_Agla_1.0_CDS.fna,20089,1323,0.07,4786,4269,9711,0.26,0.23,0.52,0.44,615212,398464,596910,0.38,0.25,0.37,7943731,7332496,11166062,8516312,35000000,00079GCF_000390285.1_Agla_1.0_Genomic.fna,10474,0.38,4509388,5660432,8275517,61870726,61951839,102391770,102310046,,328524381,293565780,0.24,0.31,0.45,0.89,108546338,185019442,0.37,4110924,5045220,7678607
00080GCF_000457365.1_ASM45736v1_CDS.fna,39349,6561,0.17,10615,7512,14661,0.32,0.23,0.45,0.43,1302137,554254,767998,0.5,0.21,0.29,11899539,11403860,17042957,14177174,54500000,00080GCF_000457365.1_ASM45736v1_Genomic.fna,331401,0.39,8397994,10397514,11811117,100848548,100188294,158690472,158318641,,518045955,463522425,0.27,0.34,0.39,0.89,177733443,285788982,0.38,7843740,9095377,11043119
00081GCF_000469605.1_Apis_dorsata_1.3_CDS.fna,18309,811,0.04,5125,2556,9817,0.29,0.15,0.56,0.39,648570,419516,669067,0.37,0.24,0.39,7204502,6242888,11628616,9293331,34400000,00081GCF_000469605.1_Apis_dorsata_1.3_Genomic.fna,4040,0.42,1123540,1842605,2390309,25487229,25462616,35202751,35166700,,121319296,86949959,0.21,0.34,0.45,0.72,37502455,49447504,0.43,704024,1194035,1721242
00082GCF_000472105.1_Dsuzukii.v01_CDS.fna,23650,1533,0.06,5593,7291,9233,0.25,0.33,0.42,0.54,657414,191756,318383,0.56,0.16,0.27,12052751,12277318,11390808,9103197,44800000,00082GCF_000472105.1_Dsuzukii.v01_Genomic.fna,8680,0.45,1557653,2292017,2709969,33027391,33054526,41170138,41173046,,148425101,103601027,0.24,0.35,0.41,0.7,41751848,61849179,0.4,1365897,1634603,2391586
00083GCF_000475195.1_Diaci_psyllid_genome_assembly_version_1.1_CDS.fna,22850,4996,0.22,6622,4203,7029,0.37,0.24,0.39,0.46,493417,215982,247346,0.52,0.23,0.26,5191945,5194485,6889426,5444906,22700000,00083GCF_000475195.1_Diaci_psyllid_genome_assembly_version_1.1_Genomic.fna,161988,0.39,4313490,5895488,6269956,59300205,59404271,91012123,91018726,,300735325,278014563,0.26,0.36,0.38,0.92,108318046,169696517,0.39,4097508,5402071,6022610
00084GCF_000485595.1_Priapulus_caudatus-5.0.1_CDS.fna,22343,3433,0.15,7953,5986,4971,0.42,0.32,0.26,0.54,539203,203487,206867,0.57,0.21,0.22,8336310,7584067,7761970,6031200,29700000,00084GCF_000485595.1_Priapulus_caudatus-5.0.1_Genomic.fna,59587,0.46,3945452,4978269,5192795,66998097,66930386,79858790,79793354,,293580627,263867080,0.28,0.35,0.37,0.9,118008106,145858974,0.45,3741965,4439066,4985928
00085GCF_000503995.1_CerSol_1.0_CDS.fna,13022,691,0.05,3623,2013,6695,0.29,0.16,0.54,0.43,374878,215461,411613,0.37,0.22,0.41,4725958,4397354,6835004,5503623,21500000,00085GCF_000503995.1_CerSol_1.0_Genomic.fna,2457,0.41,1660000,2301532,3301645,29006759,28991412,42264432,42213581,,142476184,121014245,0.23,0.32,0.45,0.85,48874859,72139386,0.4,1444539,1926654,2890032
00086GCF_000507365.1_N_americanus_v1_CDS.fna,20352,3558,0.17,6440,4298,6056,0.38,0.26,0.36,0.46,313479,118481,158545,0.53,0.2,0.27,3717979,3400622,4465062,3938497,15500000,00086GCF_000507365.1_N_americanus_v1_Genomic.fna,11864,0.42,2020836,2952260,2830892,32443995,32484739,45521967,45406976,,155857677,140335517,0.26,0.38,0.36,0.9,57810133,82525384,0.41,1902355,2638781,2672347
00087GCF_000517525.1_Limulus_polyphemus-2.1.2_CDS.fna,25607,5182,0.2,7463,3993,8969,0.37,0.2,0.44,0.41,820477,401236,565126,0.46,0.22,0.32,7723937,6974459,11455376,9607642,35800000,00087GCF_000517525.1_Limulus_polyphemus-2.1.2_Genomic.fna,286793,0.36,16464777,21416636,28972857,195776558,195452901,342924977,345122041,,1079276477,1043515063,0.25,0.32,0.43,0.97,376531063,666984000,0.36,16063541,20596159,28407731
00088GCF_000572035.2_Mdem2_CDS.fna,18900,1010,0.05,4984,2632,10274,0.28,0.15,0.57,0.4,826544,327431,759045,0.43,0.17,0.4,7509113,6858478,11699682,9510183,35600000,00088GCF_000572035.2_Mdem2_Genomic.fna,1794,0.39,1395033,2166107,2519037,21538808,21560888,33410363,33426712,,109936771,74359315,0.23,0.36,0.41,0.68,28732105,45627210,0.39,1067602,1339563,1759992
00089GCF_000599845.1_Tpre_1.0_CDS.fna,19161,629,0.03,6420,3197,8915,0.35,0.17,0.48,0.47,636322,281298,468233,0.46,0.2,0.34,8513500,8378414,10906440,8438161,36200000,00089GCF_000599845.1_Tpre_1.0_Genomic.fna,357,0.44,1310348,1997062,2298922,27848233,27845853,35390140,35379153,,126463379,90226864,0.23,0.36,0.41,0.71,38802172,51424692,0.43,1029050,1360740,1830689
00090GCF_000611835.1_CerBir1.0_CDS.fna,22867,755,0.03,7542,4220,10350,0.34,0.19,0.47,0.49,699553,326965,483312,0.46,0.22,0.32,11322183,10329930,12469800,9735174,43900000,00090GCF_000611835.1_CerBir1.0_Genomic.fna,4579,0.46,1416166,2443188,2831962,36347520,36376860,43192009,43233718,,159150107,115293020,0.21,0.37,0.42,0.72,51072267,64220753,0.44,1089201,1743635,2348650
00091GCF_000612105.1_Oabi_1.0_CDS.fna,19406,632,0.03,6933,3831,8010,0.37,0.2,0.43,0.5,614142,285420,434548,0.46,0.21,0.33,10488553,9784106,11436385,8839901,40500000,00091GCF_000612105.1_Oabi_1.0_Genomic.fna,936,0.48,1302952,1932640,2531675,35363943,35399909,38267756,38235714,,147267322,106718377,0.23,0.34,0.44,0.72,50491193,56227184,0.47,1017532,1318498,2097127
00092GCF_000648655.1_Cflo_1.0_CDS.fna,17148,1040,0.06,5869,3066,7173,0.36,0.19,0.45,0.49,508017,221205,341368,0.47,0.21,0.32,7463859,7262536,8716433,6764192,30200000,00092GCF_000648655.1_Cflo_1.0_Genomic.fna,5445,0.41,3681897,5177294,6646243,63196435,63182627,89806346,89735964,,305921372,275714352,0.24,0.33,0.43,0.9,111652667,164061685,0.4,3460692,4669277,6304875
00093GCF_000648675.1_Clec_1.0_CDS.fna,23578,738,0.03,7490,3821,11529,0.33,0.17,0.5,0.43,900783,379509,629572,0.47,0.2,0.33,9768954,9130636,13821709,10757184,43500000,00093GCF_000648675.1_Clec_1.0_Genomic.fna,1402,0.39,3781575,5534524,6816659,58938303,58887559,90700608,90625722,,299152192,255673709,0.23,0.34,0.42,0.85,98926272,156747437,0.39,3402066,4633741,6187087
00094GCF_000696795.1_Hhal_1.0_CDS.fna,26317,3043,0.12,7468,4861,10945,0.32,0.21,0.47,0.41,972746,456647,718021,0.45,0.21,0.33,9024713,8148910,13350642,11318088,41800000,00094GCF_000696795.1_Hhal_1.0_Genomic.fna,12168,0.38,7402176,9384772,12228628,93713049,93795933,153709178,153596686,,494814846,452972493,0.26,0.32,0.42,0.92,170335359,282637134,0.38,6945529,8412026,11510607
00095GCF_000699045.1_Apla_1.0_CDS.fna,19146,1647,0.09,4320,3280,9899,0.25,0.19,0.57,0.41,583181,356629,632170,0.37,0.23,0.4,6813696,6329191,10727850,8535195,32400000,00095GCF_000699045.1_Apla_1.0_Genomic.fna,3988,0.37,2296585,2870034,4352551,31142480,31141355,52117707,52007910,,166409452,134003520,0.24,0.3,0.46,0.81,49140948,84862572,0.37,1939956,2286853,3720381
00096GCF_000699445.1_SchHae_1.0_CDS.fna,12994,4220,0.32,2409,1395,4970,0.27,0.16,0.57,0.35,370512,180948,404913,0.39,0.19,0.42,2780905,2805830,5386793,4925350,15900000,00096GCF_000699445.1_SchHae_1.0_Genomic.fna,29834,0.35,3677280,5370761,6735784,41473716,41529908,77768244,77718208,,238490076,222591198,0.23,0.34,0.43,0.93,77416889,145174309,0.35,3496332,5000249,6330871
00097GCF_000715545.1_OpiViv1.0_CDS.fna,18487,4740,0.26,6552,3180,4015,0.48,0.23,0.29,0.48,403310,131238,167589,0.57,0.19,0.24,5057664,5269445,5651436,5326171,21300000,00097GCF_000715545.1_OpiViv1.0_Genomic.fna,42216,0.44,5680316,9499341,7686211,103226938,103250594,132621717,132717981,,471817230,450512514,0.25,0.42,0.34,0.95,196150423,254362091,0.44,5549078,9096031,7518622
00098GCF_000754195.1_ASM75419v2_CDS.fna,24226,760,0.03,6006,8085,9375,0.26,0.34,0.4,0.54,732193,224329,366910,0.55,0.17,0.28,13318024,13411899,12735556,10117880,49600000,00098GCF_000754195.1_ASM75419v2_Genomic.fna,7618,0.46,968347,1511478,1606891,22926902,22913475,26455902,26456808,,98753087,49169728,0.24,0.37,0.39,0.5,19110454,30059274,0.39,744018,779285,1239981
00099GCF_000754195.2_ASM75419v2_CDS.fna,24239,767,0.03,6006,8085,9381,0.26,0.34,0.4,0.54,732372,224537,367365,0.55,0.17,0.28,13319374,13413146,12739190,10122873,49600000,00099GCF_000754195.2_ASM75419v2_Genomic.fna,7619,0.46,968545,1511680,1607822,22928331,22915352,26461785,26462592,,98768060,49173477,0.24,0.37,0.39,0.5,19111163,30062314,0.39,744008,779308,1240457
00100GCF_000764305.1_Hazt_2.0_CDS.fna,23768,2643,0.11,9310,4695,7120,0.44,0.22,0.34,0.52,726327,205960,308641,0.59,0.17,0.25,9870080,10443271,9908452,8491111,38700000,00100GCF_000764305.1_Hazt_2.0_Genomic.fna,18000,0.42,4832894,8071974,7925604,83543985,83573433,114669784,114736607,,396523809,357810895,0.23,0.39,0.38,0.9,146804067,211006828,0.41,4626934,7345647,7616963
00101GCF_000789215.1_ASM78921v2_CDS.fna,20441,2625,0.13,4457,3574,9785,0.25,0.2,0.55,0.46,683505,286669,550911,0.45,0.19,0.36,8469327,8300207,11117221,8927642,36800000,00101GCF_000789215.1_ASM78921v2_Genomic.fna,7166,0.41,2500400,3533353,4408395,41246428,41264983,60241664,60283913,,203036988,166222591,0.24,0.34,0.42,0.82,65741877,100480714,0.4,2213731,2849848,3857484
00102GCF_000806345.1_ASM80634v1_CDS.fna,21116,1112,0.05,5178,4135,10691,0.26,0.21,0.53,0.46,815099,319369,619391,0.46,0.18,0.35,10070121,9810626,13018428,10442893,43300000,00102GCF_000806345.1_ASM80634v1_Genomic.fna,5572,0.4,2471468,3555937,4499281,39598933,39610953,60107982,60076006,,199393874,156051806,0.23,0.34,0.43,0.78,59329139,96722667,0.38,2152099,2740838,3879890
00103GCF_000806365.1_ASM80636v1_CDS.fna,19205,897,0.05,7546,3160,7602,0.41,0.17,0.42,0.47,795456,232706,413387,0.55,0.16,0.29,9041187,8271507,10942550,8805952,37100000,00103GCF_000806365.1_ASM80636v1_Genomic.fna,1042,0.43,980720,2103072,1787115,22305708,22300079,29528757,29543950,,103678494,66617298,0.2,0.43,0.37,0.64,27293093,39324205,0.41,748014,1307616,1373728
00104GCF_000836215.1_Ppol_1.0_CDS.fna,16954,1059,0.06,4643,3363,7889,0.29,0.21,0.5,0.47,495165,251142,424529,0.42,0.21,0.36,6620759,6148716,8079546,6324182,27200000,00104GCF_000836215.1_Ppol_1.0_Genomic.fna,3874,0.39,1884533,2246915,3469497,25850255,25847596,40651021,40651656,,133000528,105827325,0.25,0.3,0.46,0.8,38928376,66898949,0.37,1633391,1751750,3044968
00105GCF_000836235.1_Pxut_1.0_CDS.fna,21891,1174,0.05,6151,4252,10314,0.3,0.21,0.5,0.47,718073,355090,617652,0.42,0.21,0.37,9446032,8796778,11574300,9103323,38900000,00105GCF_000836235.1_Pxut_1.0_Genomic.fna,5572,0.39,1982768,2497044,3625539,28587965,28580790,43903196,43888229,,144960180,106039747,0.24,0.31,0.45,0.73,38925945,67113802,0.37,1627678,1778971,3007887
00106GCF_000949405.1_V.emery_V1.0_CDS.fna,26652,1980,0.07,8090,4705,11877,0.33,0.19,0.48,0.49,751514,373075,585107,0.44,0.22,0.34,12859565,11713137,14152620,11029892,49800000,00106GCF_000949405.1_V.emery_V1.0_Genomic.fna,13258,0.46,1873392,2830995,3717291,45996206,45987465,54117969,54272107,,200373747,150618533,0.22,0.34,0.44,0.75,67410969,83207564,0.45,1500317,2079481,3132184
00107GCF_000956235.1_wasmannia.A_1.0_CDS.fna,24891,2271,0.09,7048,4317,11255,0.31,0.19,0.5,0.48,684221,340243,551357,0.43,0.22,0.35,10914590,9830556,12616549,9829263,43200000,00107GCF_000956235.1_wasmannia.A_1.0_Genomic.fna,77788,0.44,1861162,2893995,3738806,42957617,42909967,53869397,53668901,,193405882,150214924,0.22,0.34,0.44,0.78,65122438,85092486,0.43,1520919,2209774,3187449
00108GCF_000980195.1_M.pharaonis_V2.0_CDS.fna,23561,2567,0.11,6550,3704,10740,0.31,0.18,0.51,0.46,749187,394184,616586,0.43,0.22,0.35,10750030,9723276,13270656,10457608,44200000,00108GCF_000980195.1_M.pharaonis_V2.0_Genomic.fna,12136,0.44,1697956,2590646,3312863,37116934,37157256,47437494,47423545,,169135229,124933659,0.22,0.34,0.44,0.74,53800884,71132775,0.43,1303772,1841459,2696277
00109GCF_001015335.1_Stomoxys_calcitrans-1.0.1_CDS.fna,23438,2241,0.1,4935,4547,11715,0.23,0.21,0.55,0.44,896573,348421,675851,0.47,0.18,0.35,10291008,10469918,14258340,11720373,46700000,00109GCF_001015335.1_Stomoxys_calcitrans-1.0.1_Genomic.fna,12042,0.4,4358785,6064945,7680020,69938787,69936269,106797204,106769646,,353441906,306702267,0.24,0.34,0.42,0.87,119114130,187588137,0.39,4010364,5168372,7004169
00110GCF_001039355.1_LinAna1.0_CDS.fna,45170,3961,0.09,15920,9780,15509,0.39,0.24,0.38,0.46,1740509,681735,844082,0.53,0.21,0.26,19030801,17014683,23435361,18337536,77800000,00110GCF_001039355.1_LinAna1.0_Genomic.fna,3830,0.39,3669402,6105560,6672271,59679434,59642726,91501562,91527477,,302351199,224532818,0.22,0.37,0.41,0.74,83276676,141256142,0.37,2987667,4365051,5828189
00111GCF_001186105.1_ASM118610v1_CDS.fna,19479,2280,0.12,5642,3956,7601,0.33,0.23,0.44,0.48,569954,272842,386369,0.46,0.22,0.31,7470327,6994296,8724889,6866591,30100000,00111GCF_001186105.1_ASM118610v1_Genomic.fna,7301,0.39,2879656,3791344,5277561,40828451,40841346,63928423,63876446,,209474666,179418563,0.24,0.32,0.44,0.86,67205174,112213389,0.37,2606814,3221390,4891192
00112GCF_001186125.1_Spha_arctica_JP610_V1_CDS.fna,22727,8242,0.36,4985,4605,4895,0.34,0.32,0.34,0.51,308265,147315,138084,0.52,0.25,0.23,4619976,4151510,4662727,3648901,17100000,00112GCF_001186125.1_Spha_arctica_JP610_V1_Genomic.fna,15619,0.45,980968,1332844,1053516,16478665,16447008,20339365,20427886,,73692924,56609810,0.29,0.4,0.31,0.77,24154187,32455623,0.43,833653,1024579,915432
00113GCF_001186385.1_Dnoxia_1.0_CDS.fna,18132,1791,0.1,4354,2497,9490,0.27,0.15,0.58,0.39,632727,317255,594500,0.41,0.21,0.38,5830588,5359780,9573715,7872741,28600000,00113GCF_001186385.1_Dnoxia_1.0_Genomic.fna,5637,0.37,2227584,2819344,4121336,30120930,30107754,50197326,50203849,,160629859,131993035,0.24,0.31,0.45,0.82,49038316,82954719,0.37,1910329,2186617,3526836
00114GCF_001188975.1_gapfilled_joined_lt9474.gt500.covgt10_CDS.fna,19570,2141,0.11,4428,3436,9565,0.25,0.2,0.55,0.45,654800,284350,553758,0.44,0.19,0.37,7922859,7671663,10651038,8635317,34900000,00114GCF_001188975.1_gapfilled_joined_lt9474.gt500.covgt10_Genomic.fna,36198,0.39,3385065,4545860,6114074,51689148,51656647,79580024,79446646,,262372465,227491588,0.24,0.32,0.44,0.87,87751273,139740315,0.39,3100715,3891060,5560316
00115GCF_001194135.1_Octopus_bimaculoides_v2_0_CDS.fna,24969,2679,0.11,8733,3622,9935,0.39,0.16,0.45,0.4,1019197,344081,677692,0.5,0.17,0.33,8463516,8323607,13518341,11243654,41500000,00115GCF_001194135.1_Octopus_bimaculoides_v2_0_Genomic.fna,151674,0.38,14135264,20944063,24210734,197012738,197068351,324555170,323470169,,1042106428,1000557310,0.24,0.35,0.41,0.96,377293966,623263344,0.38,13791183,19924866,23533042
00116GCF_001263275.1_ASM126327v1_CDS.fna,12435,642,0.05,3705,2017,6071,0.31,0.17,0.51,0.43,391625,233950,345526,0.4,0.24,0.36,5041507,4440410,6956859,5447754,21900000,00116GCF_001263275.1_ASM126327v1_Genomic.fna,27566,0.43,2179512,3097694,4139878,44570624,44598714,59207286,59093092,,207469716,185583186,0.23,0.33,0.44,0.89,79687421,105895765,0.43,1945562,2706069,3794352
00117GCF_001263575.1_Nlec1.0_CDS.fna,16378,1107,0.07,5531,3470,6270,0.36,0.23,0.41,0.47,543859,228028,344740,0.49,0.2,0.31,7198061,6715503,8739845,6889601,29500000,00117GCF_001263575.1_Nlec1.0_Genomic.fna,4523,0.43,1805299,3159893,3370008,39504118,39513539,51355975,51330505,,181704137,152161127,0.22,0.38,0.4,0.84,65104093,87057034,0.43,1577271,2616034,3025268
00118GCF_001272555.1_ASM127255v1_CDS.fna,12258,490,0.04,3677,2049,6042,0.31,0.17,0.51,0.45,382147,210764,312778,0.42,0.23,0.35,5287481,4697919,6820540,5259334,22100000,00118GCF_001272555.1_ASM127255v1_Genomic.fna,4178,0.44,2246678,3211390,4029566,45541702,45590756,59037982,58927043,,209097483,187032209,0.24,0.34,0.42,0.89,81147058,105885151,0.43,2035914,2829243,3716788
00119GCF_001277935.1_ASM127793v1_CDS.fna,20768,665,0.03,4248,5050,10805,0.21,0.25,0.54,0.51,668988,233387,403904,0.51,0.18,0.31,10517507,10335063,10777976,8898066,40500000,00119GCF_001277935.1_ASM127793v1_Genomic.fna,6,0.44,973570,1361676,1632689,18129995,18128719,23075236,23076099,,82410049,41881437,0.25,0.34,0.41,0.51,15406144,26475293,0.37,740183,692688,1228785
00120GCF_001298355.1_Pap_ma_1.0_CDS.fna,18478,1932,0.1,4804,3606,8136,0.29,0.22,0.49,0.47,514345,254694,423407,0.43,0.21,0.36,6939149,6532207,8334412,6629101,28400000,00120GCF_001298355.1_Pap_ma_1.0_Genomic.fna,63187,0.39,2249130,2835204,4080591,31814797,31825868,49300568,49371144,,162312377,133877508,0.25,0.31,0.45,0.82,50169309,83708199,0.37,1994436,2320859,3657184
00121GCF_001313825.1_ASM131382v1_CDS.fna,22652,1038,0.05,7935,4247,9432,0.37,0.2,0.44,0.52,695813,296212,423292,0.49,0.21,0.3,12791038,11681448,12710285,9665023,46800000,00121GCF_001313825.1_ASM131382v1_Genomic.fna,14123,0.47,1723833,2927976,3577453,46940542,46962781,53582441,53602646,,201088410,154240616,0.21,0.36,0.43,0.77,69430837,84809779,0.45,1427621,2232163,3154161
00122GCF_001313835.1_ASM131383v1_CDS.fna,19512,824,0.04,5693,2869,10126,0.3,0.15,0.54,0.4,733582,523505,841833,0.35,0.25,0.4,9042067,8066606,14266403,11377879,42800000,00122GCF_001313835.1_ASM131383v1_Genomic.fna,3836,0.39,1338494,1717747,2550241,21572671,21512092,33067771,33078641,,109231175,66478220,0.24,0.31,0.45,0.61,25976090,40502130,0.39,814989,984165,1708408
00123GCF_001412225.1_Nicve_v1.0_CDS.fna,20003,1274,0.06,5481,3224,10024,0.29,0.17,0.54,0.46,702223,287542,481353,0.48,0.2,0.33,9072850,8308770,11333876,8858024,37600000,00123GCF_001412225.1_Nicve_v1.0_Genomic.fna,4650,0.4,1236978,1973823,2549401,22581113,22565418,34465220,34413896,,114025647,76452127,0.21,0.34,0.44,0.67,27764911,48687216,0.36,949436,1271600,2068048
00124GCF_001412515.1_Dall1.0_CDS.fna,19933,971,0.05,7802,3505,7655,0.41,0.18,0.4,0.48,756562,218157,364417,0.56,0.16,0.27,9034162,8300452,10329094,8205007,35900000,00124GCF_001412515.1_Dall1.0_Genomic.fna,3968,0.42,2268783,4902473,4167480,48745830,48680737,67522034,67543030,,232491631,196622916,0.2,0.43,0.37,0.85,80091953,116530963,0.41,2050626,4145911,3803063
00125GCF_001417965.1_Aiptasia_genome_1.1_CDS.fna,28031,3856,0.14,8024,5661,10490,0.33,0.23,0.43,0.42,886604,368711,601015,0.48,0.2,0.32,8897570,8175577,13044810,10536895,40700000,00125GCF_001417965.1_Aiptasia_genome_1.1_Genomic.fna,4312,0.39,2047313,3245747,3452478,31139884,31139685,48908144,48924502,,160112215,119457363,0.23,0.37,0.39,0.75,45206422,74250941,0.38,1678602,2359143,2851463
00126GCF_001442555.1_ACSNU-2.0_CDS.fna,19831,1468,0.07,5533,2682,10148,0.3,0.15,0.55,0.4,703458,441976,707205,0.38,0.24,0.38,8222993,7163523,12713720,10087020,38200000,00126GCF_001442555.1_ACSNU-2.0_Genomic.fna,2431,0.43,1087337,1784841,2343382,25717879,25683047,34590536,34614737,,120606199,82418943,0.21,0.34,0.45,0.68,36014410,46404533,0.44,645361,1081383,1636177
00127GCF_001465965.1_Pdom_r1.2_CDS.fna,21124,957,0.05,6118,3017,11032,0.3,0.15,0.55,0.39,847566,572514,930850,0.36,0.24,0.4,9642082,8573080,15666681,12600169,46500000,00127GCF_001465965.1_Pdom_r1.2_Genomic.fna,1483,0.39,1347456,1797280,2507363,21076039,21092542,32906542,32909518,,107984641,61502629,0.24,0.32,0.44,0.57,23953419,37549210,0.39,774942,949714,1576513
00128GCF_001483705.1_ASM148370v1_CDS.fna,15789,677,0.04,4531,2671,7910,0.3,0.18,0.52,0.43,547214,344965,511924,0.39,0.25,0.36,6842279,6053073,9780425,7653530,30300000,00128GCF_001483705.1_ASM148370v1_Genomic.fna,187611,0.42,3519805,4451420,6316747,63934078,64043661,87481935,87158238,,302617912,272288605,0.25,0.31,0.44,0.9,115082387,157206218,0.42,3174840,3904206,5804823
00129GCF_001594045.1_Acol1.0_CDS.fna,17027,598,0.04,5027,2757,8645,0.31,0.17,0.53,0.44,644975,350324,542660,0.42,0.23,0.35,8103895,7230995,11029903,8669350,35000000,00129GCF_001594045.1_Acol1.0_Genomic.fna,1550,0.4,1934466,3012399,3687391,34791204,34778488,51356629,51363815,,172290136,137255993,0.22,0.35,0.43,0.8,54234802,83021191,0.4,1584142,2367424,3144731
00130GCF_001594055.1_Tzet1.0_CDS.fna,18954,810,0.04,5746,3159,9239,0.32,0.17,0.51,0.45,640435,353367,543548,0.42,0.23,0.35,8567586,7712214,11298358,8857706,36400000,00130GCF_001594055.1_Tzet1.0_Genomic.fna,4623,0.42,1839235,2790222,3535122,35245466,35261262,49278314,49310081,,169095123,132659259,0.23,0.34,0.43,0.78,54226928,78432331,0.41,1485868,2149787,2991574
00131GCF_001594065.1_Ccosl1.0_CDS.fna,15942,906,0.06,4455,2658,7923,0.3,0.18,0.53,0.44,506895,280255,447712,0.41,0.23,0.36,6481329,5808312,8819845,6944965,28100000,00131GCF_001594065.1_Ccosl1.0_Genomic.fna,15379,0.42,2006233,3027665,3827115,38523746,38532526,53613557,53674727,,184344556,156290105,0.23,0.34,0.43,0.85,64766631,91523474,0.41,1725978,2520770,3379403
00132GCF_001594075.1_Tcor1.0_CDS.fna,21542,1036,0.05,6371,3584,10551,0.31,0.17,0.51,0.44,746330,414636,645871,0.41,0.23,0.36,9877032,8884692,13230885,10278283,42300000,00132GCF_001594075.1_Tcor1.0_Genomic.fna,19761,0.41,2366316,3536006,4769190,43721827,43758314,63638493,63678485,,214797119,172526227,0.22,0.33,0.45,0.8,68718417,103807810,0.4,1951680,2789676,4123319
00133GCF_001594115.1_Tsep1.0_CDS.fna,20525,764,0.04,6244,3458,10059,0.32,0.17,0.51,0.45,724154,401117,617303,0.42,0.23,0.35,9679214,8722984,12744831,10004217,41200000,00133GCF_001594115.1_Tsep1.0_Genomic.fna,5836,0.42,1980377,3002223,3808843,37720599,37736795,53063410,53090249,,181611053,140459807,0.23,0.34,0.43,0.77,57055196,83404611,0.41,1579260,2278069,3191540
00134GCF_001625305.1_Haploidv18h27_CDS.fna,35037,1633,0.05,12812,10249,10343,0.38,0.31,0.31,0.54,1268115,353920,387273,0.63,0.18,0.19,18533259,17622829,17842430,13279261,67300000,00134GCF_001625305.1_Haploidv18h27_Genomic.fna,2308,0.43,3813512,5803887,5543804,64960685,64940451,87703166,87688827,,305293129,238015350,0.25,0.38,0.37,0.78,93745048,144270302,0.39,3459592,4535772,5156531
00135GCF_001652005.1_ASM165200v1_CDS.fna,19187,1446,0.08,5831,3147,8763,0.33,0.18,0.49,0.47,600335,335717,480705,0.42,0.24,0.34,9396732,8303149,11157595,8527030,37400000,00135GCF_001652005.1_ASM165200v1_Genomic.fna,50568,0.45,1500894,2272603,2747921,33075891,33287430,41012741,40812655,,148188717,110804211,0.23,0.35,0.42,0.75,48663440,62140771,0.44,1165177,1672268,2267216
00136GCF_001654015.1_ASM165401v1_CDS.fna,16339,1360,0.08,3781,4280,6918,0.25,0.29,0.46,0.54,483290,138028,237515,0.56,0.16,0.28,8424209,8449525,8052790,6436351,31400000,00136GCF_001654015.1_ASM165401v1_Genomic.fna,8053,0.45,907934,1339237,1401140,17842807,17853866,21910917,21888263,,79495853,48132978,0.25,0.37,0.38,0.61,18822939,29310039,0.39,769906,855947,1163625
00137GCF_001654025.1_ASM165402v1_CDS.fna,19689,819,0.04,4736,5345,8789,0.25,0.28,0.47,0.54,649193,187599,323938,0.56,0.16,0.28,11069985,11084908,10729117,8491290,41400000,00137GCF_001654025.1_ASM165402v1_Genomic.fna,3178,0.45,1070170,1573426,1651910,20849104,20860634,25696935,25698733,,93105406,51730106,0.25,0.37,0.38,0.56,19554845,32175261,0.38,882571,924233,1327972
00138GCF_001687245.1_Rhagoletis_zephyria_1.0_CDS.fna,37768,7697,0.2,8259,6542,15270,0.27,0.22,0.51,0.47,1033833,413336,742965,0.47,0.19,0.34,13273826,13136055,16489207,13237300,56100000,00138GCF_001687245.1_Rhagoletis_zephyria_1.0_Genomic.fna,86670,0.42,7136429,9670862,11586614,119683318,119742406,167416019,167398693,,574240436,518104048,0.25,0.34,0.41,0.9,213015843,305088205,0.41,6723093,8637029,10843649
00139GCF_001853355.1_ASM185335v1_CDS.fna,23082,1363,0.06,5737,4413,11569,0.26,0.2,0.53,0.46,907805,379293,729184,0.45,0.19,0.36,11285772,11092369,14822805,11807932,49000000,00139GCF_001853355.1_ASM185335v1_Genomic.fna,3306,0.4,3439006,4831678,6101333,55875405,55835495,83102068,83053978,,277866946,228858068,0.24,0.34,0.42,0.82,89332759,139525309,0.39,3059713,3923873,5372149
00140GCF_001854935.1_ASM185493v1_CDS.fna,23547,1935,0.08,8456,4375,8781,0.39,0.2,0.41,0.46,887012,372008,497328,0.51,0.21,0.28,9731851,9819719,12889001,10461272,42900000,00140GCF_001854935.1_ASM185493v1_Genomic.fna,19751,0.42,4016872,7134172,7170487,77554311,77544174,106397486,106410663,,367906634,325004791,0.22,0.39,0.39,0.88,135546915,189457876,0.42,3644864,6247160,6673159
00141GCF_001876365.1_canu_80X_arrow2_CDS.fna,41108,1485,0.04,12313,10706,16604,0.31,0.27,0.42,0.51,1292002,462477,588986,0.55,0.2,0.25,20586729,20210212,21741130,16819301,79400000,00141GCF_001876365.1_canu_80X_arrow2_Genomic.fna,2296,0.42,10488036,16742015,16151751,192856247,192835893,265099131,265047441,,915838712,836481340,0.24,0.39,0.37,0.91,344895199,491586141,0.41,10025559,15450013,15562765
00142GCF_001876365.2_canu_80X_arrow2.2_CDS.fna,43168,1563,0.04,12977,11253,17375,0.31,0.27,0.42,0.51,1360985,487882,621113,0.55,0.2,0.25,21720937,21328214,22944968,17740785,83700000,00142GCF_001876365.2_canu_80X_arrow2.2_Genomic.fna,2435,0.42,11159018,17819121,17195539,205234912,205216990,282170117,282118171,,974740190,891005286,0.24,0.39,0.37,0.91,367402751,523602535,0.41,10671136,16458136,16574426
00143GCF_001937115.1_Atum_1.0_CDS.fna,17882,1234,0.07,4380,3111,9157,0.26,0.19,0.55,0.45,481173,204258,376516,0.45,0.19,0.35,6051479,5669898,8079816,6170978,26000000,00143GCF_001937115.1_Atum_1.0_Genomic.fna,3063,0.39,1423891,2333387,3137825,25741552,25724493,40081261,40065123,,131612429,105640258,0.21,0.34,0.46,0.8,39744668,65895590,0.38,1219633,1852214,2761309
00144GCF_002006095.1_ASM200609v1_CDS.fna,23678,1065,0.04,7032,4070,11511,0.31,0.18,0.51,0.47,780721,389114,601426,0.44,0.22,0.34,11850961,10833751,14622273,11345680,48700000,00144GCF_002006095.1_ASM200609v1_Genomic.fna,6556,0.44,1721732,2774915,3441774,40206802,40176840,51170926,51225794,,182780362,134127697,0.22,0.35,0.43,0.73,57698930,76428767,0.43,1332618,1994194,2840348
00145GCF_002042975.1_ofav_dov_v1_CDS.fna,33110,1703,0.05,11543,7000,12864,0.37,0.22,0.41,0.45,1065483,377836,590333,0.52,0.19,0.29,11901566,10575452,14883595,12485332,49800000,00145GCF_002042975.1_ofav_dov_v1_Genomic.fna,1933,0.41,3202886,5337790,5734889,55386468,55406056,80772691,80791768,,272356983,222511038,0.22,0.37,0.4,0.82,88315506,134195532,0.4,2825050,4272307,5144556
00146GCF_002093755.1_Dser1.0_CDS.fna,21046,689,0.03,5454,6395,8508,0.27,0.31,0.42,0.54,576443,170149,278146,0.56,0.17,0.27,10353981,10425074,9545839,7848694,38200000,00146GCF_002093755.1_Dser1.0_Genomic.fna,1356,0.45,1274894,1993719,2333591,28479829,28466860,35307701,35333875,,127588265,89414677,0.23,0.36,0.42,0.7,36167634,53247043,0.4,1104745,1417276,2055445
00147GCF_002204515.2_AaegL5.0_CDS.fna,28415,880,0.03,8729,7290,11516,0.32,0.26,0.42,0.51,1001143,382467,481492,0.54,0.21,0.26,15428854,15380496,16920182,13081258,60800000,00147GCF_002204515.2_AaegL5.0_Genomic.fna,2310,0.4,7097080,11516715,12029345,120585815,120592925,181901449,181876008,,604956197,544145407,0.23,0.38,0.39,0.9,210369390,333776017,0.39,6714613,10515572,11547853
00148GCF_002217175.1_ASM221717v1_CDS.fna,25821,727,0.03,6839,4758,13497,0.27,0.19,0.54,0.46,734097,233185,458461,0.51,0.16,0.32,9264430,9009297,11549463,9765023,39600000,00148GCF_002217175.1_ASM221717v1_Genomic.fna,162,0.41,1639473,3006835,3231574,33246530,33155033,47464113,47450247,,161315923,121727710,0.21,0.38,0.41,0.75,48127836,73599874,0.4,1406288,2272738,2773113
