00001GCF_000001405.33_GRCh38.p7.fna,115524.00,4864.00,0.04,55248.00,24747.00,30665.00,0.50,0.22,0.28,0.51,4649536.00,1336362.00,1857636.00,0.59,0.17,0.24,58900069.00,58067726.00,61102893.00,50017990.00,228088678.00,00001GCF_000001405.33_GRCh38.p7.fna,525.00,0.42,25463612.00,37254961.00,35837773.00,404639968.00,404310560.00,547275320.00,547998361.00,TRUE,1904224209.00,1676135531.00,0.26,0.38,0.36,0.88,691982733.00,984152798.00,0.41,24127250.00,32605425.00,33980137.00
00002GCF_000001405.34_GRCh38.p8.fna,115793.00,4938.00,0.04,55368.00,24763.00,30724.00,0.50,0.22,0.28,0.51,4654152.00,1337277.00,1858437.00,0.59,0.17,0.24,58966323.00,58145425.00,61161231.00,50074741.00,228347720.00,00002GCF_000001405.34_GRCh38.p8.fna,543.00,0.42,25488927.00,37301870.00,35865348.00,405249519.00,404899002.00,547915046.00,548615717.00,TRUE,1906679284.00,1678331564.00,0.26,0.38,0.36,0.88,693036773.00,985294791.00,0.41,24151650.00,32647718.00,34006911.00
00003GCF_000001405.35_GRCh38.p9.fna,115827.00,4942.00,0.04,55379.00,24770.00,30736.00,0.50,0.22,0.28,0.51,4655965.00,1337765.00,1859241.00,0.59,0.17,0.24,58986307.00,58164657.00,61182937.00,50092356.00,228426257.00,00003GCF_000001405.35_GRCh38.p9.fna,551.00,0.42,25506300.00,37328267.00,35889614.00,405534049.00,405182491.00,548296414.00,548994660.00,TRUE,1908007614.00,1679581357.00,0.26,0.38,0.36,0.88,693565576.00,986015781.00,0.41,24168535.00,32672302.00,34030373.00
00004GCF_000001405.36_GRCh38.p10.fna,115852.00,4939.00,0.04,55390.00,24774.00,30749.00,0.50,0.22,0.28,0.51,4657087.00,1338049.00,1859773.00,0.59,0.17,0.24,58997952.00,58174293.00,61195559.00,50102364.00,228470168.00,00004GCF_000001405.36_GRCh38.p10.fna,557.00,0.42,25532591.00,37367469.00,35927414.00,405967359.00,405627586.00,548888626.00,549570530.00,TRUE,1910054101.00,1681583933.00,0.26,0.38,0.36,0.88,694422700.00,987161233.00,0.41,24194542.00,32710382.00,34067641.00
00005GCF_000001405.37_GRCh38.p11.fna,116236.00,4994.00,0.04,55574.00,24849.00,30819.00,0.50,0.22,0.28,0.51,4666512.00,1340074.00,1861917.00,0.59,0.17,0.24,59146818.00,58443649.00,61315297.00,50212646.00,229118410.00,00005GCF_000001405.37_GRCh38.p11.fna,578.00,0.43,25629344.00,37517407.00,36052060.00,407765943.00,407417715.00,551040299.00,551726622.00,TRUE,1917950579.00,1688832169.00,0.26,0.38,0.36,0.88,697593191.00,991238978.00,0.41,24289270.00,32850895.00,34190143.00
00006GCF_000001515.7_Pan_tro_3.0.fna,80721.00,2849.00,0.04,38902.00,17323.00,21647.00,0.50,0.22,0.28,0.51,3383714.00,993485.00,1362452.00,0.59,0.17,0.24,43411113.00,42792233.00,44692875.00,36550552.00,167446773.00,00006GCF_000001515.7_Pan_tro_3.0.fna,44449.00,0.42,25837667.00,37652888.00,36321828.00,408725885.00,408568792.00,553918529.00,554491674.00,TRUE,1925704880.00,1758258107.00,0.26,0.38,0.36,0.91,731091331.00,1027166776.00,0.42,24844182.00,34269174.00,34959376.00
00007GCF_000001545.4_P_pygmaeus_2.0.2.fna,40403.00,5572.00,0.14,16793.00,7775.00,10263.00,0.48,0.22,0.29,0.52,1129262.00,329335.00,453077.00,0.59,0.17,0.24,14601449.00,14388832.00,14841068.00,12426945.00,56258294.00,00007GCF_000001545.4_P_pygmaeus_2.0.2.fna,61535.00,0.42,26070077.00,37961038.00,36675842.00,408841332.00,408627978.00,557971504.00,558418372.00,TRUE,1933859186.00,1877600892.00,0.26,0.38,0.36,0.97,788479029.00,1089121863.00,0.42,25740742.00,36831776.00,36222765.00
00008GCF_000001635.24_GRCm38.p4.fna,79189.00,2919.00,0.04,38167.00,18084.00,20019.00,0.50,0.24,0.26,0.52,3231891.00,929741.00,1148352.00,0.61,0.18,0.22,41755292.00,41572071.00,42168825.00,34822650.00,160318838.00,00008GCF_000001635.24_GRCm38.p4.fna,196.00,0.43,24370507.00,34359578.00,30949766.00,371262472.00,371161743.00,494567759.00,494896695.00,TRUE,1731888669.00,1571569831.00,0.27,0.38,0.35,0.91,659096852.00,912472979.00,0.42,23440766.00,31127687.00,29801414.00
00009GCF_000001635.25_GRCm38.p5.fna,79281.00,2926.00,0.04,38213.00,18100.00,20042.00,0.50,0.24,0.26,0.52,3234148.00,930410.00,1149131.00,0.61,0.18,0.22,41788877.00,41684165.00,42199665.00,34848276.00,160520983.00,00009GCF_000001635.25_GRCm38.p5.fna,207.00,0.43,24409443.00,34416509.00,30998178.00,371938042.00,371854677.00,495404290.00,495703224.00,TRUE,1734900233.00,1574379250.00,0.27,0.38,0.35,0.91,660319677.00,914059573.00,0.42,23479033.00,31182361.00,29849047.00
00010GCF_000001895.5_Rnor_6.0.fna,57650.00,2619.00,0.05,27213.00,13119.00,14699.00,0.49,0.24,0.27,0.52,2135123.00,616372.00,753734.00,0.61,0.18,0.22,27862459.00,27710747.00,27866831.00,23196727.00,106636764.00,00010GCF_000001895.5_Rnor_6.0.fna,955.00,0.43,24900128.00,35416416.00,31672688.00,388435846.00,388482632.00,510075387.00,510284670.00,TRUE,1797278535.00,1690641771.00,0.27,0.39,0.34,0.94,721345272.00,969296499.00,0.43,24283756.00,33281293.00,30918954.00
00011GCF_000001905.1_Loxafr3.0.fna,30158.00,1061.00,0.04,13977.00,6578.00,8542.00,0.48,0.23,0.29,0.51,1065920.00,314142.00,427362.00,0.59,0.17,0.24,13606304.00,13448313.00,13897414.00,11778100.00,52730131.00,00011GCF_000001905.1_Loxafr3.0.fna,2352.00,0.42,22679465.00,32818276.00,32896396.00,358658899.00,358844248.00,490857726.00,490802094.00,TRUE,1699162967.00,1646432836.00,0.26,0.37,0.37,0.97,690448530.00,955984306.00,0.42,22365323.00,31752356.00,32469034.00
00012GCF_000002165.2_Mm_Celera.fna,33977.00,4895.00,0.14,14409.00,6829.00,7844.00,0.50,0.23,0.27,0.52,991750.00,282812.00,350903.00,0.61,0.17,0.22,12920415.00,12809374.00,12848545.00,10920154.00,49498488.00,00012GCF_000002165.2_Mm_Celera.fna,12503.00,0.43,23458427.00,33050827.00,29935939.00,355864059.00,355851808.00,476267214.00,476503502.00,TRUE,1664486583.00,1614988095.00,0.27,0.38,0.35,0.97,685986078.00,929002017.00,0.42,23175615.00,32059077.00,29585036.00
00013GCF_000002265.2_Rn_Celera.fna,29855.00,2344.00,0.08,13401.00,6491.00,7619.00,0.49,0.24,0.28,0.52,1030917.00,302599.00,381703.00,0.60,0.18,0.22,13297241.00,13170545.00,13587666.00,11318881.00,51374333.00,00013GCF_000002265.2_Rn_Celera.fna,7041.00,0.43,23217370.00,33066627.00,29554468.00,361365724.00,361493722.00,474989141.00,475083360.00,TRUE,1672931947.00,1621557614.00,0.27,0.39,0.34,0.97,696391660.00,925165954.00,0.43,22914771.00,32035710.00,29172765.00
00014GCF_000002275.2_Ornithorhynchus_anatinus_5.0.1.fna,29028.00,8503.00,0.29,9727.00,4667.00,6131.00,0.47,0.23,0.30,0.54,626585.00,178416.00,252831.00,0.59,0.17,0.24,9465332.00,9423401.00,9035514.00,7368466.00,35292713.00,00014GCF_000002275.2_Ornithorhynchus_anatinus_5.0.1.fna,200154.00,0.45,11946217.00,18732098.00,16132397.00,224720002.00,224748095.00,274258764.00,274360097.00,TRUE,998086958.00,962794245.00,0.26,0.40,0.34,0.96,430579364.00,532214881.00,0.45,11767801.00,18105513.00,15879566.00
00015GCF_000002285.3_CanFam3.1.fna,47541.00,1613.00,0.03,22597.00,10670.00,12661.00,0.49,0.23,0.28,0.52,1887988.00,547886.00,747548.00,0.59,0.17,0.23,25039130.00,24659070.00,25035363.00,20670335.00,95403898.00,00015GCF_000002285.3_CanFam3.1.fna,3268.00,0.43,21415148.00,31005210.00,28955913.00,345562670.00,345603506.00,452973549.00,453262048.00,TRUE,1597401773.00,1501997875.00,0.26,0.38,0.36,0.94,641467976.00,860529899.00,0.43,20867262.00,29117222.00,28208365.00
00016GCF_000002295.2_MonDom5.fna,49499.00,1588.00,0.03,21939.00,10115.00,15857.00,0.46,0.21,0.33,0.48,2056234.00,700167.00,929612.00,0.56,0.19,0.25,23153790.00,22636544.00,27229406.00,22520773.00,95540513.00,00016GCF_000002295.2_MonDom5.fna,5016.00,0.40,31281656.00,40741308.00,40945547.00,398857363.00,398916899.00,602138028.00,602295738.00,TRUE,2002208028.00,1906667515.00,0.28,0.36,0.36,0.95,751983928.00,1154683587.00,0.39,30581489.00,38685074.00,40015935.00
00017GCF_000002305.2_EquCab2.0.fna,36757.00,1576.00,0.04,17371.00,7929.00,9881.00,0.49,0.23,0.28,0.52,1294933.00,359361.00,494661.00,0.60,0.17,0.23,16957361.00,16743339.00,16930463.00,14172173.00,64803336.00,00017GCF_000002305.2_EquCab2.0.fna,9637.00,0.44,21734087.00,33284834.00,30056410.00,372619488.00,372321232.00,478975159.00,479227222.00,TRUE,1703143101.00,1638339765.00,0.26,0.39,0.35,0.96,711240020.00,927099745.00,0.43,21374726.00,31989901.00,29561749.00
00018GCF_000003025.5_Sscrofa10.2.fna,50693.00,5814.00,0.11,22380.00,10131.00,12368.00,0.50,0.23,0.28,0.53,1443085.00,389760.00,543476.00,0.61,0.16,0.23,20479031.00,20423055.00,19386200.00,16236335.00,76524621.00,00018GCF_000003025.5_Sscrofa10.2.fna,4583.00,0.43,20867929.00,31812219.00,29736113.00,355307056.00,355252694.00,462661646.00,462813900.00,TRUE,1636035296.00,1559510675.00,0.25,0.39,0.36,0.95,669657664.00,889853011.00,0.43,20478169.00,30369134.00,29192637.00
00019GCF_000003025.6_Sscrofa11.1.fna,63841.00,1835.00,0.03,31290.00,13833.00,16883.00,0.50,0.22,0.27,0.53,2542813.00,698089.00,974661.00,0.60,0.17,0.23,35303773.00,35152507.00,34252629.00,28134400.00,132843309.00,00019GCF_000003025.6_Sscrofa11.1.fna,613.00,0.44,20013105.00,30617080.00,28470952.00,343600389.00,343316444.00,444512463.00,445116678.00,TRUE,1576545974.00,1443702665.00,0.25,0.39,0.36,0.92,616460553.00,827242112.00,0.43,19315016.00,28074267.00,27496291.00
00020GCF_000003055.6_Bos_taurus_UMD_3.1.1.fna,50872.00,3201.00,0.06,23994.00,11019.00,12658.00,0.50,0.23,0.27,0.53,1825934.00,477481.00,669470.00,0.61,0.16,0.23,25433130.00,25294083.00,24221370.00,20001840.00,94950423.00,00020GCF_000003055.6_Bos_taurus_UMD_3.1.1.fna,3144.00,0.43,20114934.00,31505831.00,29186419.00,337587288.00,337208221.00,449244033.00,450070669.00,TRUE,1574110211.00,1479159788.00,0.25,0.39,0.36,0.94,624068296.00,855091492.00,0.42,19637453.00,29679897.00,28516949.00
00021GCF_000003205.7_Btau_5.0.1.fna,30309.00,2163.00,0.07,14038.00,6453.00,7655.00,0.50,0.23,0.27,0.54,1033081.00,271798.00,383321.00,0.61,0.16,0.23,14587464.00,14633472.00,13782705.00,11493768.00,54497409.00,00021GCF_000003205.7_Btau_5.0.1.fna,3143.00,0.43,20507276.00,32148508.00,29699971.00,344613017.00,344220969.00,458167041.00,458978692.00,TRUE,1605979719.00,1551482310.00,0.25,0.39,0.36,0.97,659613050.00,891869260.00,0.43,20235478.00,31115427.00,29316650.00
00022GCF_000003625.3_OryCun2.0.fna,41641.00,4719.00,0.11,18962.00,8503.00,9457.00,0.51,0.23,0.26,0.53,1355551.00,366713.00,514189.00,0.61,0.16,0.23,18895283.00,18660862.00,18307872.00,15022881.00,70886898.00,00022GCF_000003625.3_OryCun2.0.fna,3241.00,0.44,19242197.00,30329849.00,26930694.00,346986493.00,346583997.00,437739508.00,438588467.00,TRUE,1569898465.00,1499011567.00,0.25,0.40,0.35,0.95,656014345.00,842997222.00,0.44,18875484.00,28974298.00,26416505.00
00023GCF_000004335.2_AilMel_1.0.fna,37337.00,2060.00,0.06,17625.00,7836.00,9816.00,0.50,0.22,0.28,0.52,1333553.00,377300.00,522423.00,0.60,0.17,0.23,17957713.00,17640141.00,17804964.00,14776724.00,68179542.00,00023GCF_000004335.2_AilMel_1.0.fna,81467.00,0.44,20372713.00,30575508.00,28031993.00,349682922.00,350287603.00,446908332.00,446175739.00,TRUE,1593054596.00,1524875054.00,0.26,0.39,0.35,0.96,664372671.00,860502383.00,0.44,19995413.00,29241955.00,27509570.00
00024GCF_000004665.1_Callithrix_jacchus-3.2.fna,47627.00,3869.00,0.08,21179.00,9381.00,13198.00,0.48,0.21,0.30,0.50,1698532.00,509942.00,708299.00,0.58,0.17,0.24,20851181.00,20322688.00,22256244.00,18361691.00,81791804.00,00024GCF_000004665.1_Callithrix_jacchus-3.2.fna,14205.00,0.42,23520992.00,34638796.00,33183886.00,371874890.00,371664546.00,505806404.00,506421789.00,TRUE,1755767629.00,1673975825.00,0.26,0.38,0.36,0.95,702365567.00,971610258.00,0.42,23011050.00,32940264.00,32475587.00
00025GCF_000146795.2_Nleu_3.0.fna,39081.00,1568.00,0.04,18065.00,8139.00,11309.00,0.48,0.22,0.30,0.51,1165682.00,336348.00,479217.00,0.59,0.17,0.24,14782531.00,14420893.00,15238549.00,12777393.00,57219366.00,00025GCF_000146795.2_Nleu_3.0.fna,17484.00,0.42,23111988.00,33566431.00,32570777.00,361727369.00,361677381.00,494356948.00,494155461.00,TRUE,1711917159.00,1654697793.00,0.26,0.38,0.36,0.97,694201326.00,960496467.00,0.42,22775640.00,32400749.00,32091560.00
00026GCF_000147115.1_Myoluc2.0.fna,42141.00,2505.00,0.06,19610.00,8895.00,11131.00,0.49,0.22,0.28,0.52,1442376.00,408740.00,578618.00,0.59,0.17,0.24,19188570.00,18937233.00,19330162.00,15886920.00,73342885.00,00026GCF_000147115.1_Myoluc2.0.fna,11654.00,0.44,16453057.00,24999691.00,23277819.00,284495079.00,284445593.00,363909869.00,363929515.00,TRUE,1296780056.00,1223437171.00,0.25,0.39,0.36,0.94,530814869.00,692622302.00,0.43,16044317.00,23557315.00,22699201.00
00027GCF_000151735.1_Cavpor3.0.fna,38257.00,1246.00,0.03,18879.00,8684.00,9448.00,0.51,0.23,0.26,0.53,1340838.00,356924.00,461012.00,0.62,0.17,0.21,18507147.00,18387740.00,17531100.00,14801012.00,69226999.00,00027GCF_000151735.1_Cavpor3.0.fna,3144.00,0.43,22858704.00,34692242.00,32171983.00,372072394.00,372050259.00,500965597.00,500937603.00,TRUE,1746025853.00,1676798854.00,0.25,0.39,0.36,0.96,707227766.00,969571088.00,0.42,22501780.00,33351404.00,31710971.00
00028GCF_000151845.1_Pvam_2.0.fna,34175.00,2121.00,0.06,16056.00,7132.00,8866.00,0.50,0.22,0.28,0.52,1167077.00,353362.00,478104.00,0.58,0.18,0.24,15611858.00,15420064.00,15700750.00,13057485.00,59790157.00,00028GCF_000151845.1_Pvam_2.0.fna,36094.00,0.43,19821677.00,28559364.00,27044375.00,321198559.00,321920211.00,418167335.00,417580759.00,TRUE,1478866864.00,1419076707.00,0.26,0.38,0.36,0.96,612086848.00,806989859.00,0.43,19468315.00,27392287.00,26566271.00
00029GCF_000151865.2_Ttru_1.4.fna,25083.00,5575.00,0.22,9639.00,4365.00,5504.00,0.49,0.22,0.28,0.54,590034.00,158503.00,220539.00,0.61,0.16,0.23,8375151.00,8233157.00,7798844.00,6573114.00,30980266.00,00029GCF_000151865.2_Ttru_1.4.fna,240558.00,0.44,20011249.00,30223963.00,28311237.00,339319424.00,339491964.00,440076784.00,438797169.00,TRUE,1557685341.00,1526705075.00,0.25,0.38,0.36,0.98,662203080.00,864501995.00,0.43,19852746.00,29633929.00,28090698.00
00030GCF_000151885.1_Dord_2.0.fna,30110.00,1687.00,0.06,13973.00,6523.00,7927.00,0.49,0.23,0.28,0.52,1007260.00,289933.00,373771.00,0.60,0.17,0.22,13218743.00,13156986.00,13178596.00,11153821.00,50708146.00,00030GCF_000151885.1_Dord_2.0.fna,65193.00,0.42,17789628.00,25152813.00,24011328.00,263927105.00,263892629.00,366378679.00,366702990.00,TRUE,1260901403.00,1210193257.00,0.27,0.38,0.36,0.96,501444005.00,708749252.00,0.41,17499695.00,24145553.00,23637557.00
00031GCF_000151905.2_gorGor4.fna,47003.00,1849.00,0.04,22403.00,10262.00,12489.00,0.50,0.23,0.28,0.52,1595005.00,447520.00,606324.00,0.60,0.17,0.23,20998090.00,20714370.00,20934645.00,17294978.00,79942083.00,00031GCF_000151905.2_gorGor4.fna,40711.00,0.42,24422489.00,35573352.00,34426536.00,383952397.00,383611104.00,523156176.00,523694330.00,TRUE,1814414007.00,1734471924.00,0.26,0.38,0.36,0.96,725851041.00,1008620883.00,0.42,23974969.00,33978347.00,33820212.00
00032GCF_000164805.1_Tarsius_syrichta-2.0.1.fna,28742.00,3614.00,0.13,12470.00,5672.00,6986.00,0.50,0.23,0.28,0.52,889239.00,250039.00,340537.00,0.60,0.17,0.23,11441307.00,11228197.00,11594889.00,9730958.00,43995351.00,00032GCF_000164805.1_Tarsius_syrichta-2.0.1.fna,337189.00,0.42,27230785.00,40779414.00,38231632.00,430971348.00,431422318.00,590294589.00,591249389.00,TRUE,2043937644.00,1999942293.00,0.26,0.38,0.36,0.98,839724162.00,1160218131.00,0.42,26980746.00,39890175.00,37891095.00
00033GCF_000164845.2_Vicugna_pacos-2.0.2.fna,34095.00,2224.00,0.07,16074.00,7294.00,8503.00,0.50,0.23,0.27,0.53,1200454.00,317864.00,442758.00,0.61,0.16,0.23,16235719.00,16045641.00,15772698.00,13055206.00,61109264.00,00033GCF_000164845.2_Vicugna_pacos-2.0.2.fna,276725.00,0.44,18780475.00,30106194.00,26972930.00,339669087.00,340715719.00,429102470.00,427273086.00,TRUE,1536760362.00,1475651098.00,0.25,0.40,0.36,0.96,648103446.00,827547652.00,0.44,18462611.00,28905740.00,26530172.00
00034GCF_000165445.1_Mmur_2.0.fna,56714.00,1797.00,0.03,27350.00,12634.00,14933.00,0.50,0.23,0.27,0.52,2152754.00,634534.00,871660.00,0.59,0.17,0.24,29607909.00,29375932.00,29379932.00,24007284.00,112371057.00,00034GCF_000165445.1_Mmur_2.0.fna,10311.00,0.44,21810005.00,31192252.00,29580689.00,361410946.00,361546582.00,464452367.00,464341240.00,TRUE,1651751135.00,1539380078.00,0.26,0.38,0.36,0.93,663973687.00,875406391.00,0.43,21175471.00,29039498.00,28709029.00
00035GCF_000165445.2_Mmur_3.0.fna,59298.00,1707.00,0.03,28745.00,13335.00,15511.00,0.50,0.23,0.27,0.52,2434037.00,718314.00,994812.00,0.59,0.17,0.24,32891536.00,32597411.00,33096300.00,26798662.00,125383909.00,00035GCF_000165445.2_Mmur_3.0.fna,7678.00,0.44,21878400.00,31297128.00,29627356.00,362513441.00,362111753.00,465162917.00,465622330.00,TRUE,1655410441.00,1530026532.00,0.26,0.38,0.36,0.92,659136247.00,870890285.00,0.43,21160086.00,28863091.00,28632544.00
00036GCF_000181275.1_SorAra2.0.fna,24156.00,1571.00,0.07,11480.00,5402.00,5703.00,0.51,0.24,0.25,0.55,712907.00,178010.00,253336.00,0.62,0.16,0.22,10845854.00,10883632.00,9713326.00,8225284.00,39668096.00,00036GCF_000181275.1_SorAra2.0.fna,12845.00,0.44,17014373.00,26136955.00,24226793.00,295928359.00,295977376.00,381196052.00,381098131.00,TRUE,1354199918.00,1314531822.00,0.25,0.39,0.36,0.97,570176249.00,744355573.00,0.43,16836363.00,25424048.00,23973457.00
00037GCF_000181295.1_OtoGar3.fna,27259.00,1089.00,0.04,12840.00,5935.00,7395.00,0.49,0.23,0.28,0.52,935088.00,263374.00,349559.00,0.60,0.17,0.23,12089017.00,11894253.00,11992452.00,10183931.00,46159653.00,00037GCF_000181295.1_OtoGar3.fna,7793.00,0.43,21524125.00,31472257.00,29607623.00,345121441.00,345559681.00,458420887.00,457702620.00,TRUE,1606804629.00,1560644976.00,0.26,0.38,0.36,0.97,666697852.00,893947124.00,0.43,21260751.00,30537169.00,29258064.00
00038GCF_000181335.2_Felis_catus_8.0.fna,53741.00,2301.00,0.04,25518.00,11686.00,14236.00,0.50,0.23,0.28,0.52,2086008.00,598231.00,829048.00,0.59,0.17,0.24,27665194.00,27317782.00,27865621.00,22991759.00,105840356.00,00038GCF_000181335.2_Felis_catus_8.0.fna,267625.00,0.44,21911539.00,32672774.00,30538407.00,372219771.00,372304872.00,480571406.00,480263767.00,TRUE,1705359816.00,1599519460.00,0.26,0.38,0.36,0.94,689541667.00,909977793.00,0.43,21313308.00,30586766.00,29709359.00
00039GCF_000189315.1_Devil_ref_v7.0.fna,26008.00,2564.00,0.10,10739.00,4846.00,7859.00,0.46,0.21,0.34,0.48,887129.00,294376.00,399119.00,0.56,0.19,0.25,10163863.00,9874844.00,11626695.00,9864181.00,41529583.00,00039GCF_000189315.1_Devil_ref_v7.0.fna,35974.00,0.39,27975643.00,36895596.00,38420458.00,349785646.00,349819048.00,544814440.00,544879509.00,TRUE,1789298643.00,1747769060.00,0.27,0.36,0.37,0.98,679565987.00,1068203073.00,0.39,27681267.00,36008467.00,38021339.00
00040GCF_000208655.1_Dasnov3.0.fna,39473.00,2695.00,0.07,18147.00,8153.00,10478.00,0.49,0.22,0.28,0.52,1200406.00,351976.00,500795.00,0.58,0.17,0.24,16521372.00,16443862.00,16333368.00,13697890.00,62996492.00,00040GCF_000208655.1_Dasnov3.0.fna,46559.00,0.43,25129845.00,36723900.00,36440209.00,413659068.00,413240130.00,552227232.00,552925520.00,TRUE,1932051950.00,1869055458.00,0.26,0.37,0.37,0.97,793933964.00,1075121494.00,0.42,24777869.00,35523494.00,35939414.00
00041GCF_000215625.1_MusPutFur1.0.fna,49307.00,2520.00,0.05,23474.00,10739.00,12574.00,0.50,0.23,0.27,0.53,1883536.00,531302.00,729515.00,0.60,0.17,0.23,26158117.00,25910473.00,25484039.00,21009684.00,98562313.00,00041GCF_000215625.1_MusPutFur1.0.fna,7783.00,0.44,20388590.00,30277088.00,27889026.00,345058303.00,345200218.00,443046873.00,442581455.00,TRUE,1575886849.00,1477324536.00,0.26,0.39,0.36,0.94,638189931.00,839134605.00,0.43,19857288.00,28393552.00,27159511.00
00042GCF_000223135.1_CriGri_1.0.fna,36858.00,3346.00,0.09,16287.00,7837.00,9388.00,0.49,0.23,0.28,0.51,1336935.00,388175.00,478453.00,0.61,0.18,0.22,16018511.00,15731203.00,16842803.00,14168585.00,62761102.00,00042GCF_000223135.1_CriGri_1.0.fna,109152.00,0.42,22554391.00,32570903.00,28897413.00,341173347.00,341544912.00,464045294.00,463646599.00,TRUE,1610410152.00,1547649050.00,0.27,0.39,0.34,0.96,650968545.00,896680505.00,0.42,22166216.00,31233968.00,28418960.00
00043GCF_000235385.1_SaiBol1.0.fna,36665.00,1397.00,0.04,17580.00,7851.00,9837.00,0.50,0.22,0.28,0.52,1313073.00,366603.00,495461.00,0.60,0.17,0.23,17390363.00,17169386.00,17237686.00,14327072.00,66124507.00,00043GCF_000235385.1_SaiBol1.0.fna,2686.00,0.42,21822974.00,32102676.00,30742747.00,346120035.00,346556990.00,469125180.00,468690212.00,TRUE,1630492417.00,1564367910.00,0.26,0.38,0.36,0.96,658117276.00,906250634.00,0.42,21456371.00,30789603.00,30247286.00
00044GCF_000236235.1_SpeTri2.0.fna,38979.00,1363.00,0.03,18301.00,8633.00,10682.00,0.49,0.23,0.28,0.51,1598928.00,471645.00,622774.00,0.59,0.18,0.23,19824157.00,19485422.00,20744401.00,17189711.00,77243691.00,00044GCF_000236235.1_SpeTri2.0.fna,12483.00,0.43,21613775.00,32521951.00,29580045.00,348978543.00,349504942.00,466688306.00,466286104.00,TRUE,1631457895.00,1554214204.00,0.26,0.39,0.35,0.95,659173906.00,895040298.00,0.42,21142130.00,30923023.00,28957271.00
00045GCF_000243295.1_TriManLat1.0.fna,26588.00,932.00,0.04,12491.00,5748.00,7417.00,0.49,0.22,0.29,0.52,934942.00,266134.00,365641.00,0.60,0.17,0.23,12203239.00,12032267.00,12150656.00,10250111.00,46636273.00,00045GCF_000243295.1_TriManLat1.0.fna,6323.00,0.42,21434097.00,30796709.00,30922940.00,335545740.00,335958025.00,459682517.00,459179913.00,TRUE,1590366195.00,1543729922.00,0.26,0.37,0.37,0.97,647268259.00,896461663.00,0.42,21167963.00,29861767.00,30557299.00
00046GCF_000247695.1_HetGla_female_1.0.fna,42870.00,1352.00,0.03,21448.00,9453.00,10617.00,0.52,0.23,0.26,0.53,1607491.00,431255.00,562274.00,0.62,0.17,0.22,21912769.00,21710519.00,20942722.00,17504591.00,82070601.00,00046GCF_000247695.1_HetGla_female_1.0.fna,4229.00,0.43,21293331.00,31703068.00,29176317.00,342875290.00,342954573.00,459029076.00,458759485.00,TRUE,1603618424.00,1521547823.00,0.26,0.39,0.36,0.95,642206575.00,879341248.00,0.42,20862076.00,30095577.00,28614043.00
00047GCF_000247795.1_Bos_indicus_1.0.fna,36387.00,1319.00,0.04,17575.00,8055.00,9438.00,0.50,0.23,0.27,0.53,1268672.00,339251.00,477252.00,0.61,0.16,0.23,17401782.00,17294958.00,16853299.00,13980200.00,65530239.00,00047GCF_000247795.1_Bos_indicus_1.0.fna,32.00,0.43,19085700.00,29947036.00,28001301.00,321128822.00,320744263.00,430959925.00,431647817.00,TRUE,1504480827.00,1438950588.00,0.25,0.39,0.36,0.96,607176345.00,831774243.00,0.42,18746449.00,28678364.00,27524049.00
00048GCF_000258655.2_panpan1.1.fna,47893.00,1722.00,0.04,22911.00,10312.00,12948.00,0.50,0.22,0.28,0.52,1718984.00,492674.00,676329.00,0.60,0.17,0.23,22061226.00,21681454.00,22470424.00,18659599.00,84872703.00,00048GCF_000258655.2_panpan1.1.fna,10274.00,0.42,23569992.00,34247680.00,33146438.00,369159758.00,368879127.00,503650928.00,504290969.00,TRUE,1745980782.00,1661108079.00,0.26,0.38,0.36,0.95,694296205.00,966811874.00,0.42,23077318.00,32528696.00,32470109.00
00049GCF_000260255.1_OctDeg1.0.fna,27750.00,1148.00,0.04,13380.00,6152.00,7070.00,0.50,0.23,0.27,0.53,942002.00,251792.00,326663.00,0.62,0.17,0.21,12685122.00,12525351.00,12104259.00,10264448.00,47579180.00,00049GCF_000260255.1_OctDeg1.0.fna,7135.00,0.44,21823252.00,32211640.00,28739150.00,362543687.00,362971937.00,467936271.00,467239207.00,TRUE,1660691102.00,1613111922.00,0.26,0.39,0.35,0.97,700305151.00,912806771.00,0.43,21571460.00,31269638.00,28412487.00
00050GCF_000260355.1_ConCri1.0.fna,29581.00,1258.00,0.04,14407.00,6426.00,7490.00,0.51,0.23,0.26,0.53,1061438.00,293570.00,403422.00,0.60,0.17,0.23,14304908.00,14194014.00,14002495.00,11667828.00,54169245.00,00050GCF_000260355.1_ConCri1.0.fna,2040.00,0.43,16301706.00,24376953.00,22425462.00,267401610.00,267498496.00,348497298.00,348005714.00,TRUE,1231403118.00,1177233873.00,0.26,0.39,0.36,0.96,506401184.00,670832689.00,0.43,16008136.00,23315515.00,22022040.00
00051GCF_000264685.2_Panu_2.0.fna,61257.00,2157.00,0.04,29088.00,13320.00,16692.00,0.49,0.23,0.28,0.52,2265212.00,649831.00,892969.00,0.59,0.17,0.23,29474514.00,29153357.00,29951108.00,24733345.00,113312324.00,00051GCF_000264685.2_Panu_2.0.fna,63251.00,0.42,23906651.00,35023473.00,33670899.00,377682764.00,377700438.00,513693834.00,514005132.00,TRUE,1783082168.00,1669769844.00,0.26,0.38,0.36,0.94,696755331.00,973014513.00,0.42,23256820.00,32758261.00,32777930.00
00052GCF_000276665.1_ChiLan1.0.fna,48328.00,4383.00,0.09,22546.00,10357.00,11042.00,0.51,0.24,0.25,0.53,1707818.00,466324.00,618528.00,0.61,0.17,0.22,23786743.00,23531488.00,22690754.00,18840325.00,88849310.00,00052GCF_000276665.1_ChiLan1.0.fna,2839.00,0.44,21157415.00,31604784.00,28667783.00,353304178.00,353446763.00,457946759.00,457821383.00,TRUE,1622519083.00,1533669773.00,0.26,0.39,0.35,0.95,659432710.00,874237063.00,0.43,20691091.00,29896966.00,28049255.00
00053GCF_000280705.1_JacJac1.0.fna,25741.00,1000.00,0.04,12475.00,5626.00,6640.00,0.50,0.23,0.27,0.53,915460.00,244828.00,313108.00,0.62,0.17,0.21,12088197.00,11958419.00,11683032.00,9895880.00,45625528.00,00053GCF_000280705.1_JacJac1.0.fna,10898.00,0.43,20479937.00,30518993.00,27454352.00,324595605.00,324497297.00,435207186.00,435244496.00,TRUE,1519544584.00,1473919056.00,0.26,0.39,0.35,0.97,625046286.00,848872770.00,0.42,20235109.00,29603533.00,27141244.00
00054GCF_000283155.1_CerSimSim1.0.fna,33959.00,1146.00,0.03,16369.00,7206.00,9238.00,0.50,0.22,0.28,0.52,1310339.00,371643.00,504476.00,0.60,0.17,0.23,17284340.00,17060937.00,17154513.00,14257674.00,65757464.00,00054GCF_000283155.1_CerSimSim1.0.fna,3087.00,0.43,21935645.00,32575976.00,29887434.00,361801989.00,362040121.00,471660425.00,471698555.00,TRUE,1667201090.00,1601443626.00,0.26,0.39,0.35,0.96,689496833.00,911946793.00,0.43,21564002.00,31265637.00,29382958.00
00055GCF_000292845.1_OchPri3.0.fna,26003.00,1181.00,0.05,12775.00,5909.00,6138.00,0.51,0.24,0.25,0.54,840987.00,203218.00,276326.00,0.64,0.15,0.21,11986895.00,11899652.00,11035553.00,9272945.00,44195045.00,00055GCF_000292845.1_OchPri3.0.fna,10421.00,0.44,16702806.00,26720748.00,22800057.00,299249667.00,299405136.00,380224292.00,379899300.00,TRUE,1358778395.00,1314583350.00,0.25,0.40,0.34,0.97,574768256.00,739815094.00,0.44,16499588.00,25879761.00,22523731.00
00056GCF_000296735.1_ChrAsi1.0.fna,25578.00,1025.00,0.04,11932.00,5300.00,7321.00,0.49,0.22,0.30,0.51,900092.00,260569.00,345716.00,0.60,0.17,0.23,11295585.00,11170021.00,11574941.00,9877374.00,43917921.00,00056GCF_000296735.1_ChrAsi1.0.fna,20500.00,0.40,23082466.00,33091737.00,33451921.00,332827478.00,333118517.00,490263068.00,490042153.00,TRUE,1646251216.00,1602333295.00,0.26,0.37,0.37,0.97,643480389.00,958852906.00,0.40,22821897.00,32191645.00,33106205.00
00057GCF_000296755.1_EriEur2.0.fna,29843.00,1303.00,0.04,14495.00,6511.00,7534.00,0.51,0.23,0.26,0.53,1001705.00,272650.00,352241.00,0.62,0.17,0.22,13509350.00,13540904.00,12980172.00,10982876.00,51013302.00,00057GCF_000296755.1_EriEur2.0.fna,5803.00,0.42,16830553.00,24385040.00,23172955.00,252712424.00,252586446.00,350791807.00,351067372.00,TRUE,1207158049.00,1156144747.00,0.26,0.38,0.36,0.96,478248616.00,677896131.00,0.41,16557903.00,23383335.00,22820714.00
00058GCF_000298275.1_OryAfe1.0.fna,25963.00,1177.00,0.05,12096.00,5523.00,7167.00,0.49,0.22,0.29,0.51,911740.00,260838.00,351375.00,0.60,0.17,0.23,11463228.00,11298345.00,11620306.00,9904439.00,44286318.00,00058GCF_000298275.1_OryAfe1.0.fna,22509.00,0.41,23438896.00,33866204.00,34416048.00,346407633.00,346580348.00,502087957.00,501805193.00,TRUE,1696881131.00,1652594813.00,0.26,0.37,0.38,0.97,670226408.00,982368405.00,0.41,23178058.00,32954464.00,34064673.00
00059GCF_000298355.1_BosGru_v2.0.fna,29634.00,1868.00,0.06,13736.00,6256.00,7774.00,0.49,0.23,0.28,0.53,900990.00,235507.00,332416.00,0.61,0.16,0.23,12178488.00,12046252.00,11741966.00,9959104.00,45925810.00,00059GCF_000298355.1_BosGru_v2.0.fna,41192.00,0.43,20091231.00,31401959.00,29041256.00,336135672.00,336253411.00,448042131.00,448211934.00,TRUE,1568643148.00,1522717338.00,0.25,0.39,0.36,0.97,648164343.00,874552995.00,0.43,19855724.00,30500969.00,28708840.00
00060GCF_000298735.2_Oar_v4.0.fna,43602.00,1786.00,0.04,20259.00,9295.00,12262.00,0.48,0.22,0.29,0.51,1756361.00,505573.00,731365.00,0.59,0.17,0.24,21775212.00,21233057.00,23048406.00,18921916.00,84978591.00,00060GCF_000298735.2_Oar_v4.0.fna,5466.00,0.43,20278973.00,31639281.00,29170884.00,341412894.00,341074913.00,451123014.00,451847923.00,TRUE,1585458744.00,1500480153.00,0.25,0.39,0.36,0.95,639479538.00,861000615.00,0.43,19773400.00,29882920.00,28439519.00
00061GCF_000299155.1_EleEdw1.0.fna,25607.00,1202.00,0.05,12088.00,5478.00,6839.00,0.50,0.22,0.28,0.52,838581.00,221306.00,307885.00,0.61,0.16,0.23,11061879.00,11012409.00,10870789.00,9229471.00,42174548.00,00061GCF_000299155.1_EleEdw1.0.fna,8768.00,0.41,23107389.00,34308109.00,34167282.00,350405032.00,350495004.00,502703142.00,502418790.00,TRUE,1706021968.00,1663847420.00,0.25,0.37,0.37,0.98,678825748.00,985021672.00,0.41,22886083.00,33469528.00,33859397.00
00062GCF_000306695.2_CHM1_1.1.fna,45321.00,2446.00,0.05,21285.00,9509.00,12081.00,0.50,0.22,0.28,0.52,1442609.00,400262.00,559666.00,0.60,0.17,0.23,18768743.00,18419622.00,18850096.00,15729137.00,71767598.00,00062GCF_000306695.2_CHM1_1.1.fna,23.00,0.42,24162882.00,35174481.00,34110969.00,379982830.00,379726892.00,517574054.00,518286699.00,TRUE,1795570475.00,1723802877.00,0.26,0.38,0.37,0.96,722521357.00,1001281520.00,0.42,23762620.00,33731872.00,33551303.00
00063GCF_000308155.1_EptFus1.0.fna,24526.00,1152.00,0.05,11801.00,5340.00,6233.00,0.50,0.23,0.27,0.54,794322.00,206250.00,293457.00,0.61,0.16,0.23,11345400.00,11252840.00,10622081.00,8843743.00,42064064.00,00063GCF_000308155.1_EptFus1.0.fna,6789.00,0.44,15555359.00,23577164.00,22088243.00,273145181.00,273416280.00,345422072.00,344773932.00,TRUE,1236757465.00,1194693401.00,0.25,0.39,0.36,0.97,523963221.00,670730180.00,0.44,15349109.00,22782842.00,21794786.00
00064GCF_000311805.1_CB1.fna,32598.00,2067.00,0.06,15310.00,6919.00,8302.00,0.50,0.23,0.27,0.52,1288183.00,341885.00,496961.00,0.61,0.16,0.23,16440503.00,16080965.00,16696932.00,13628501.00,62846901.00,00064GCF_000311805.1_CB1.fna,13334.00,0.44,18360313.00,29276396.00,26128261.00,329467886.00,329425697.00,415309063.00,415468870.00,TRUE,1489671516.00,1426824615.00,0.25,0.40,0.35,0.96,626372115.00,800452500.00,0.44,18018428.00,27988213.00,25631300.00
00065GCF_000313985.1_EchTel2.0.fna,23276.00,976.00,0.04,11224.00,5194.00,5882.00,0.50,0.23,0.26,0.54,713233.00,181561.00,247999.00,0.62,0.16,0.22,10371356.00,10422069.00,9586652.00,8093156.00,38473233.00,00065GCF_000313985.1_EchTel2.0.fna,8402.00,0.44,20929931.00,32241727.00,27974408.00,368651196.00,369801547.00,465760429.00,464114182.00,TRUE,1668327354.00,1629854121.00,0.26,0.40,0.34,0.98,717659318.00,912194803.00,0.44,20748370.00,31528494.00,27726409.00
00066GCF_000317375.1_MicOch1.0.fna,31073.00,1104.00,0.04,14842.00,7036.00,8091.00,0.50,0.23,0.27,0.52,1156012.00,322244.00,399062.00,0.62,0.17,0.21,14970284.00,14846045.00,14871266.00,12436471.00,57124066.00,00066GCF_000317375.1_MicOch1.0.fna,6335.00,0.44,20245844.00,29372787.00,25261467.00,326238590.00,326420119.00,418787469.00,418824477.00,TRUE,1490270655.00,1433146589.00,0.27,0.39,0.34,0.96,622842380.00,810304209.00,0.43,19923600.00,28216775.00,24862405.00
00067GCF_000317765.1_CHIR_1.0.fna,37123.00,9112.00,0.25,13792.00,6107.00,8112.00,0.49,0.22,0.29,0.51,1084165.00,299502.00,427434.00,0.60,0.17,0.24,13653710.00,13407741.00,14152192.00,11713394.00,52927037.00,00067GCF_000317765.1_CHIR_1.0.fna,77021.00,0.43,20206713.00,31521607.00,29161378.00,336473836.00,336267107.00,448915915.00,449803129.00,TRUE,1571459987.00,1518532950.00,0.25,0.39,0.36,0.97,645679492.00,872853458.00,0.43,19907211.00,30437442.00,28733944.00
00068GCF_000321225.1_Oros_1.0.fna,31648.00,1176.00,0.04,15164.00,6747.00,8561.00,0.50,0.22,0.28,0.53,1063872.00,292631.00,404854.00,0.60,0.17,0.23,14509285.00,14244564.00,13985055.00,11746627.00,54485531.00,00068GCF_000321225.1_Oros_1.0.fna,3893.00,0.44,20609875.00,30520653.00,28414271.00,344684705.00,344834350.00,446921811.00,446533062.00,TRUE,1582973928.00,1528488397.00,0.26,0.38,0.36,0.97,660765206.00,867723191.00,0.43,20317244.00,29456781.00,28009417.00
00069GCF_000325575.1_ASM32557v1.fna,33456.00,1337.00,0.04,16036.00,7195.00,8888.00,0.50,0.22,0.28,0.52,1203956.00,360957.00,495583.00,0.58,0.18,0.24,15930684.00,15669516.00,16153836.00,13430980.00,61185016.00,00069GCF_000325575.1_ASM32557v1.fna,65598.00,0.43,19224918.00,27625756.00,26154046.00,310312805.00,310344907.00,403915683.00,403942021.00,TRUE,1428515416.00,1367330400.00,0.26,0.38,0.36,0.96,589057512.00,778272888.00,0.43,18863961.00,26421800.00,25658463.00
00070GCF_000327345.1_ASM32734v1.fna,34050.00,2212.00,0.06,15711.00,7411.00,8716.00,0.49,0.23,0.27,0.52,1157351.00,326027.00,455013.00,0.60,0.17,0.23,15414826.00,15210628.00,15508186.00,12686868.00,58820508.00,00070GCF_000327345.1_ASM32734v1.fna,101769.00,0.44,16160752.00,24563602.00,22749312.00,282194595.00,282400600.00,357906068.00,357614711.00,TRUE,1280115974.00,1221295466.00,0.25,0.39,0.36,0.95,533969741.00,687325725.00,0.44,15834725.00,23406251.00,22294299.00
00071GCF_000331955.2_Oorc_1.1.fna,28009.00,846.00,0.03,13454.00,6192.00,7517.00,0.50,0.23,0.28,0.53,950035.00,256689.00,359241.00,0.61,0.16,0.23,13346277.00,13180027.00,12652350.00,10557264.00,49735918.00,00071GCF_000331955.2_Oorc_1.1.fna,1668.00,0.44,19506466.00,29442333.00,27528390.00,329767371.00,329705696.00,427182252.00,427226888.00,TRUE,1513882207.00,1464146289.00,0.26,0.38,0.36,0.97,632946763.00,831199526.00,0.43,19249777.00,28492298.00,27169149.00
00072GCF_000334495.1_TupChi_1.0.fna,38219.00,3501.00,0.09,17288.00,7983.00,9447.00,0.50,0.23,0.27,0.52,1201055.00,347885.00,478387.00,0.59,0.17,0.24,16062879.00,15945091.00,16146645.00,13472832.00,61627447.00,00072GCF_000334495.1_TupChi_1.0.fna,50750.00,0.43,22008313.00,31828837.00,29821093.00,354671715.00,354582940.00,463626567.00,463873978.00,TRUE,1636755200.00,1575127753.00,0.26,0.38,0.36,0.96,677246685.00,897881068.00,0.43,21660428.00,30627782.00,29342706.00
00073GCF_000349665.1_MesAur1.0.fna,33413.00,2052.00,0.06,15462.00,7540.00,8359.00,0.49,0.24,0.27,0.53,1201848.00,338030.00,406739.00,0.62,0.17,0.21,15790076.00,15718619.00,15430524.00,12980534.00,59919753.00,00073GCF_000349665.1_MesAur1.0.fna,21484.00,0.43,20366098.00,29642176.00,25973338.00,318927098.00,318954569.00,420934506.00,420731862.00,TRUE,1479548035.00,1419628282.00,0.27,0.39,0.34,0.96,606372972.00,813255310.00,0.43,20028068.00,28440328.00,25566599.00
00074GCF_000349705.1_LepWed1.0.fna,26838.00,2725.00,0.10,11936.00,5362.00,6815.00,0.50,0.22,0.28,0.53,739969.00,206898.00,288901.00,0.60,0.17,0.23,10090361.00,9877823.00,9758142.00,8211013.00,37937339.00,00074GCF_000349705.1_LepWed1.0.fna,16711.00,0.44,20059758.00,29691664.00,27564531.00,335238284.00,334962569.00,433636925.00,433708606.00,TRUE,1537546384.00,1499609045.00,0.26,0.38,0.36,0.98,650232669.00,849376376.00,0.43,19852860.00,28951695.00,27275630.00
00075GCF_000364345.1_Macaca_fascicularis_5.0.fna,63248.00,2081.00,0.03,29772.00,13696.00,17699.00,0.49,0.22,0.29,0.51,2786191.00,821162.00,1147899.00,0.59,0.17,0.24,34643488.00,33913801.00,36594249.00,29788552.00,134940090.00,00075GCF_000364345.1_Macaca_fascicularis_5.0.fna,7601.00,0.42,23740828.00,34729062.00,33307264.00,374440825.00,374011656.00,508489577.00,509266055.00,TRUE,1766208113.00,1631268023.00,0.26,0.38,0.36,0.92,679895192.00,951372831.00,0.42,22919666.00,31942871.00,32159365.00
00076GCF_000400835.1_PHO1.0.fna,32945.00,1691.00,0.05,15662.00,6602.00,8990.00,0.50,0.21,0.29,0.54,962826.00,241608.00,343948.00,0.62,0.16,0.22,13498042.00,13311530.00,12477472.00,10707860.00,49994904.00,00076GCF_000400835.1_PHO1.0.fna,15059.00,0.43,20070570.00,31573797.00,28690465.00,343657295.00,343347599.00,448764634.00,449153957.00,TRUE,1584923485.00,1534928581.00,0.25,0.39,0.36,0.97,660195322.00,874733259.00,0.43,19828962.00,30610971.00,28346517.00
00077GCF_000409795.2_Chlorocebus_sabeus_1.1.fna,62312.00,1836.00,0.03,29998.00,13643.00,16835.00,0.50,0.23,0.28,0.51,2733361.00,792070.00,1101959.00,0.59,0.17,0.24,35083959.00,34486971.00,35996123.00,29543964.00,135111017.00,00077GCF_000409795.2_Chlorocebus_sabeus_1.1.fna,2004.00,0.42,23897040.00,34900086.00,33425868.00,375891952.00,375733326.00,511092038.00,511356333.00,TRUE,1774073649.00,1638962632.00,0.26,0.38,0.36,0.92,682054348.00,956908284.00,0.42,23104970.00,32166725.00,32323909.00
00078GCF_000412655.1_ASM41265v1.fna,41802.00,2431.00,0.06,19364.00,9035.00,10972.00,0.49,0.23,0.28,0.52,1492386.00,421644.00,592900.00,0.60,0.17,0.24,19500926.00,19249775.00,19917080.00,16287195.00,74954976.00,00078GCF_000412655.1_ASM41265v1.fna,169750.00,0.44,16949211.00,25760149.00,23898057.00,294118769.00,294139915.00,374987993.00,374970347.00,TRUE,1338217024.00,1263262048.00,0.25,0.39,0.36,0.94,549507983.00,713754065.00,0.43,16527567.00,24267763.00,23305157.00
00079GCF_000419365.1_C_griseus_v1.0.fna,34313.00,2578.00,0.08,15492.00,7412.00,8831.00,0.49,0.23,0.28,0.51,1211171.00,351154.00,434866.00,0.61,0.18,0.22,14574771.00,14329985.00,15273455.00,12894209.00,57072420.00,00079GCF_000419365.1_C_griseus_v1.0.fna,52710.00,0.42,22412541.00,32348133.00,28683381.00,339145267.00,339309290.00,460647184.00,460531262.00,TRUE,1599633003.00,1542560583.00,0.27,0.39,0.34,0.96,649549801.00,893010782.00,0.42,22061387.00,31136962.00,28248515.00
00080GCF_000442215.1_Lipotes_vexillifer_v1.fna,27293.00,1447.00,0.05,12941.00,5646.00,7259.00,0.50,0.22,0.28,0.53,897157.00,238733.00,336644.00,0.61,0.16,0.23,12510799.00,12280393.00,11800171.00,9896873.00,46488236.00,00080GCF_000442215.1_Lipotes_vexillifer_v1.fna,30713.00,0.43,19972215.00,30268908.00,28419726.00,337909573.00,337896467.00,439348880.00,439171359.00,TRUE,1554326279.00,1507838043.00,0.25,0.38,0.36,0.97,651014848.00,856823195.00,0.43,19733482.00,29371751.00,28083082.00
00081GCF_000464555.1_PanTig1.0.fna,30140.00,1539.00,0.05,14070.00,6383.00,8148.00,0.49,0.22,0.28,0.51,1016413.00,294768.00,409983.00,0.59,0.17,0.24,13065117.00,12787381.00,13408266.00,11243004.00,50503768.00,00081GCF_000464555.1_PanTig1.0.fna,1479.00,0.44,20486621.00,30481151.00,28515894.00,344291340.00,344803868.00,447608149.00,447268089.00,TRUE,1583971446.00,1533467678.00,0.26,0.38,0.36,0.97,663242710.00,870224968.00,0.43,20191853.00,29464738.00,28105911.00
00082GCF_000471725.1_UMD_CASPUR_WB_2.0.fna,42505.00,2497.00,0.06,20193.00,9064.00,10751.00,0.50,0.23,0.27,0.53,1423052.00,371628.00,523591.00,0.61,0.16,0.23,19943092.00,19798394.00,18892545.00,15719619.00,74353650.00,00082GCF_000471725.1_UMD_CASPUR_WB_2.0.fna,366983.00,0.43,20860022.00,32629466.00,30426500.00,349399558.00,349998585.00,467620585.00,466876713.00,TRUE,1633895441.00,1559541791.00,0.25,0.39,0.36,0.95,659656657.00,899885134.00,0.42,20488394.00,31206414.00,29902909.00
00083GCF_000472045.1_Physeter_macrocephalus-2.0.2.fna,32473.00,2487.00,0.08,14844.00,6623.00,8519.00,0.50,0.22,0.28,0.52,1105885.00,315828.00,449421.00,0.59,0.17,0.24,14727912.00,14391944.00,14719458.00,12124803.00,55964117.00,00083GCF_000472045.1_Physeter_macrocephalus-2.0.2.fna,11711.00,0.43,19611765.00,29573595.00,27734919.00,330605826.00,330759501.00,429467977.00,429684288.00,TRUE,1520517592.00,1464553475.00,0.25,0.38,0.36,0.96,632245471.00,832308004.00,0.43,19295937.00,28467710.00,27285498.00
00084GCF_000493695.1_BalAcu1.0.fna,35261.00,1411.00,0.04,17050.00,7576.00,9224.00,0.50,0.22,0.27,0.52,1285639.00,358232.00,505968.00,0.60,0.17,0.24,17169019.00,16797013.00,17037765.00,14016493.00,65020290.00,00084GCF_000493695.1_BalAcu1.0.fna,10776.00,0.43,19945198.00,30159395.00,28117513.00,335865060.00,335982817.00,436953430.00,436532504.00,TRUE,1545333811.00,1480313521.00,0.25,0.39,0.36,0.96,637881845.00,842431676.00,0.43,19586966.00,28873756.00,27611545.00
00085GCF_000500345.1_Pman_1.0.fna,46378.00,2010.00,0.04,22116.00,10435.00,11817.00,0.50,0.24,0.27,0.52,1937365.00,520296.00,677897.00,0.62,0.17,0.22,24929140.00,24679571.00,24974804.00,20462916.00,95046431.00,00085GCF_000500345.1_Pman_1.0.fna,30921.00,0.44,22766044.00,33909806.00,29038097.00,368951698.00,369196235.00,479091134.00,478618941.00,TRUE,1695858008.00,1600811577.00,0.27,0.40,0.34,0.94,688539222.00,912272355.00,0.43,22245748.00,31972441.00,28360200.00
00086GCF_000622305.1_S.galili_v1.0.fna,39600.00,2312.00,0.06,18621.00,8533.00,10134.00,0.50,0.23,0.27,0.52,1506512.00,432600.00,530727.00,0.61,0.18,0.21,18858484.00,18665172.00,19153838.00,16079405.00,72756899.00,00086GCF_000622305.1_S.galili_v1.0.fna,154976.00,0.42,25207780.00,36854379.00,33360010.00,385111557.00,385111431.00,525780106.00,525870464.00,TRUE,1821873558.00,1749116659.00,0.26,0.39,0.35,0.96,732699332.00,1016417327.00,0.42,24775180.00,35347867.00,32829283.00
00087GCF_000687225.1_UrsMar_1.0.fna,29816.00,1735.00,0.06,13846.00,6351.00,7884.00,0.49,0.23,0.28,0.52,914683.00,261113.00,366408.00,0.59,0.17,0.24,12069471.00,11843157.00,12152902.00,10294898.00,46360428.00,00087GCF_000687225.1_UrsMar_1.0.fna,23819.00,0.44,20278511.00,30326023.00,27860169.00,348554737.00,348868739.00,444205330.00,443533147.00,TRUE,1585161953.00,1538801525.00,0.26,0.39,0.36,0.97,673510848.00,865290677.00,0.44,20017398.00,29411340.00,27493761.00
00088GCF_000696425.1_G_variegatus-3.0.2.fna,34399.00,4858.00,0.14,14466.00,6629.00,8446.00,0.49,0.22,0.29,0.51,1018247.00,293299.00,401909.00,0.59,0.17,0.23,13050838.00,12853161.00,13282530.00,11181619.00,50368148.00,00088GCF_000696425.1_G_variegatus-3.0.2.fna,179514.00,0.43,25168197.00,37127332.00,35407887.00,405157981.00,405026847.00,545071344.00,544683155.00,TRUE,1899939327.00,1849571179.00,0.26,0.38,0.36,0.97,784280829.00,1065290350.00,0.42,24874898.00,36109085.00,35005978.00
00089GCF_000696695.1_Burgud.fna,40088.00,3434.00,0.09,18127.00,8210.00,10317.00,0.49,0.22,0.28,0.51,1348159.00,384049.00,537259.00,0.59,0.17,0.24,17310617.00,16965548.00,17638288.00,14756973.00,66671426.00,00089GCF_000696695.1_Burgud.fna,53097.00,0.44,21805950.00,33356361.00,30139332.00,373316324.00,373345928.00,480452557.00,479966199.00,TRUE,1707081008.00,1640409582.00,0.26,0.39,0.35,0.96,712386087.00,928023495.00,0.43,21421901.00,32008202.00,29602073.00
00090GCF_000743615.1_DMR_v1.0.fna,44639.00,1951.00,0.04,21578.00,9722.00,11388.00,0.51,0.23,0.27,0.52,1696939.00,474575.00,629086.00,0.61,0.17,0.22,21917223.00,21590061.00,22070862.00,18442488.00,84020634.00,00090GCF_000743615.1_DMR_v1.0.fna,74730.00,0.43,20755888.00,31009690.00,28287252.00,340961222.00,340637523.00,449222567.00,449795837.00,TRUE,1580617149.00,1496596515.00,0.26,0.39,0.35,0.95,638091461.00,858505054.00,0.43,20281313.00,29312751.00,27658166.00
00091GCF_000754665.1_Bison_UMD1.0.fna,36645.00,2560.00,0.07,16832.00,7616.00,9637.00,0.49,0.22,0.28,0.52,1281508.00,355732.00,512063.00,0.60,0.17,0.24,16635473.00,16392455.00,16895554.00,14068937.00,63992419.00,00091GCF_000754665.1_Bison_UMD1.0.fna,128431.00,0.43,20280537.00,31738960.00,29651944.00,338703532.00,338620776.00,454399440.00,454218262.00,TRUE,1585942010.00,1521949591.00,0.25,0.39,0.36,0.96,644296380.00,877653211.00,0.42,19924805.00,30457452.00,29139881.00
00092GCF_000765115.1_Oori1.fna,54049.00,1920.00,0.04,26178.00,12144.00,13807.00,0.50,0.23,0.26,0.53,2382872.00,632733.00,904650.00,0.61,0.16,0.23,32572238.00,32101085.00,31627610.00,25631828.00,121932761.00,00092GCF_000765115.1_Oori1.fna,6173.00,0.43,19790195.00,30928052.00,28551473.00,334312136.00,334332919.00,441474413.00,441394661.00,TRUE,1551514129.00,1429581368.00,0.25,0.39,0.36,0.92,603971732.00,825609636.00,0.42,19157462.00,28545180.00,27646823.00
00093GCF_000767585.1_PRJNA234474_Ca_dromedarius_V1.0.fna,29769.00,4421.00,0.15,12711.00,5716.00,6921.00,0.50,0.23,0.27,0.52,896395.00,236390.00,338303.00,0.61,0.16,0.23,11981614.00,11834631.00,11746634.00,9843485.00,45406364.00,00093GCF_000767585.1_PRJNA234474_Ca_dromedarius_V1.0.fna,32573.00,0.44,18250889.00,29123788.00,26051560.00,328109516.00,328504266.00,413830302.00,413587864.00,TRUE,1484031948.00,1438625584.00,0.25,0.40,0.35,0.97,632797537.00,805828047.00,0.44,18014499.00,28227393.00,25713257.00
00094GCF_000767855.1_Ca_bactrianus_MBC_1.0.fna,30513.00,3072.00,0.10,13709.00,6274.00,7458.00,0.50,0.23,0.27,0.52,1000920.00,265663.00,376241.00,0.61,0.16,0.23,13361742.00,13181587.00,13117738.00,10916929.00,50577996.00,00094GCF_000767855.1_Ca_bactrianus_MBC_1.0.fna,35455.00,0.44,18241102.00,29100469.00,26003163.00,327894170.00,327846403.00,413040161.00,412852968.00,TRUE,1481633702.00,1431055706.00,0.25,0.40,0.35,0.97,629197244.00,801858462.00,0.44,17975439.00,28099549.00,25626922.00
00095GCF_000769185.1_Rrox_v1.fna,38286.00,2498.00,0.07,17696.00,7956.00,10136.00,0.49,0.22,0.28,0.51,1386219.00,392929.00,548458.00,0.60,0.17,0.24,17614889.00,17236131.00,18005409.00,14889922.00,67746351.00,00095GCF_000769185.1_Rrox_v1.fna,135512.00,0.42,24322112.00,35640057.00,34081511.00,382284411.00,381248968.00,520520616.00,521566922.00,TRUE,1805620917.00,1737874566.00,0.26,0.38,0.36,0.96,728682359.00,1009192207.00,0.42,23929183.00,34253838.00,33533053.00
00096GCF_000772875.2_Mmul_8.0.1.fna,56590.00,3102.00,0.05,26013.00,11948.00,15527.00,0.49,0.22,0.29,0.51,2329851.00,685092.00,950654.00,0.59,0.17,0.24,29199510.00,28588385.00,30603100.00,24929768.00,113320763.00,00096GCF_000772875.2_Mmul_8.0.1.fna,284728.00,0.42,24847108.00,36425202.00,35062630.00,393653206.00,393784757.00,534782339.00,534959070.00,TRUE,1857179372.00,1743858609.00,0.26,0.38,0.36,0.94,729650068.00,1014208541.00,0.42,24162016.00,34095351.00,34111976.00
00097GCF_000951035.1_Cang.pa_1.0.fna,39120.00,1616.00,0.04,18329.00,8175.00,11000.00,0.49,0.22,0.29,0.51,1221399.00,343269.00,477492.00,0.60,0.17,0.23,15583586.00,15235131.00,15850911.00,13291050.00,59960678.00,00097GCF_000951035.1_Cang.pa_1.0.fna,13124.00,0.42,23496016.00,34390387.00,32950320.00,368339589.00,368118866.00,503044100.00,503393183.00,TRUE,1742895738.00,1682935060.00,0.26,0.38,0.36,0.97,705639738.00,977295322.00,0.42,23152747.00,33168988.00,32472828.00
00098GCF_000951045.1_Mleu.le_1.0.fna,38968.00,1667.00,0.04,18135.00,8278.00,10888.00,0.49,0.22,0.29,0.51,1200169.00,338056.00,469877.00,0.60,0.17,0.23,15273128.00,14937805.00,15566889.00,13087186.00,58865008.00,00098GCF_000951045.1_Mleu.le_1.0.fna,12821.00,0.42,23942496.00,35019233.00,33592818.00,376069342.00,376356604.00,513268360.00,512787058.00,TRUE,1778481364.00,1719616356.00,0.26,0.38,0.36,0.97,722215013.00,997401343.00,0.42,23604440.00,33819064.00,33122941.00
00099GCF_000952055.1_Anan_1.0.fna,44328.00,1823.00,0.04,20948.00,9537.00,12020.00,0.49,0.22,0.28,0.51,1658232.00,488034.00,664007.00,0.59,0.17,0.24,21125569.00,20824762.00,21796931.00,18046674.00,81793936.00,00099GCF_000952055.1_Anan_1.0.fna,29223.00,0.42,22812042.00,33342169.00,31954012.00,358154337.00,358380488.00,487164452.00,486516779.00,TRUE,1690216056.00,1608422120.00,0.26,0.38,0.36,0.95,674584494.00,933837626.00,0.42,22324008.00,31683937.00,31290005.00
00100GCF_000952055.2_Anan_2.0.fna,47934.00,1757.00,0.04,22712.00,10302.00,13163.00,0.49,0.22,0.29,0.51,1860927.00,543826.00,746934.00,0.59,0.17,0.24,23517933.00,23210438.00,24425402.00,20104984.00,91258757.00,00100GCF_000952055.2_Anan_2.0.fna,28922.00,0.42,23846393.00,34841737.00,33334042.00,375599816.00,375429026.00,508736940.00,508831631.00,TRUE,1768597413.00,1677338656.00,0.26,0.38,0.36,0.95,704300471.00,973038185.00,0.42,23302567.00,32980810.00,32587108.00
00101GCF_000955945.1_Caty_1.0.fna,66301.00,2017.00,0.03,31736.00,14650.00,17898.00,0.49,0.23,0.28,0.52,2783909.00,812254.00,1109593.00,0.59,0.17,0.24,36019764.00,35557091.00,36813480.00,30315360.00,138705695.00,00101GCF_000955945.1_Caty_1.0.fna,11433.00,0.43,24098347.00,35269778.00,33700110.00,382576639.00,382814521.00,517276274.00,516993410.00,TRUE,1799660844.00,1660955149.00,0.26,0.38,0.36,0.92,693814305.00,967140844.00,0.42,23286093.00,32485869.00,32590517.00
00102GCF_000956065.1_Mnem_1.0.fna,63222.00,1940.00,0.03,29845.00,13891.00,17546.00,0.49,0.23,0.29,0.52,2592641.00,752601.00,1032554.00,0.59,0.17,0.24,33471996.00,32969095.00,34285013.00,28161883.00,128887987.00,00102GCF_000956065.1_Mnem_1.0.fna,9733.00,0.43,24507609.00,35869350.00,34298621.00,389607923.00,389871663.00,526461320.00,526183104.00,TRUE,1832124010.00,1703236023.00,0.26,0.38,0.36,0.93,713038495.00,990197528.00,0.42,23755008.00,33276709.00,33266067.00
00103GCF_000956105.1_Pcoq_1.0.fna,28579.00,1259.00,0.04,13695.00,6328.00,7297.00,0.50,0.23,0.27,0.54,886237.00,239136.00,324564.00,0.61,0.16,0.22,12852169.00,12781311.00,11949546.00,10019421.00,47602447.00,00103GCF_000956105.1_Pcoq_1.0.fna,22539.00,0.44,19530243.00,28485438.00,26713849.00,330389294.00,331039429.00,422798609.00,422043878.00,TRUE,1506271210.00,1458668763.00,0.26,0.38,0.36,0.97,635795243.00,822873520.00,0.44,19291107.00,27599201.00,26389285.00
00104GCF_001305755.1_ASM130575v1.fna,42785.00,1572.00,0.04,20403.00,9372.00,11438.00,0.50,0.23,0.28,0.52,1761924.00,490536.00,690885.00,0.60,0.17,0.23,22550476.00,22037060.00,22935534.00,18843347.00,86366417.00,00104GCF_001305755.1_ASM130575v1.fna,2167.00,0.44,21504484.00,32920517.00,29706303.00,368930612.00,369511898.00,474371631.00,473471309.00,TRUE,1686285450.00,1599919033.00,0.26,0.39,0.35,0.95,693854974.00,906064059.00,0.43,21013948.00,31158593.00,29015418.00
00105GCF_001443585.1_aciJub1.fna,28136.00,1880.00,0.07,12909.00,5762.00,7585.00,0.49,0.22,0.29,0.51,918026.00,267032.00,372731.00,0.59,0.17,0.24,11737386.00,11446233.00,12080211.00,10169241.00,45433071.00,00105GCF_001443585.1_aciJub1.fna,14383.00,0.43,20633802.00,30706344.00,28729215.00,345125269.00,345243243.00,450192740.00,450207206.00,TRUE,1590768458.00,1545335387.00,0.26,0.38,0.36,0.97,667184893.00,878150494.00,0.43,20366770.00,29788318.00,28356484.00
00106GCF_001458135.1_marMar2.1.fna,32438.00,1664.00,0.05,15165.00,6904.00,8705.00,0.49,0.22,0.28,0.52,1128140.00,321016.00,423650.00,0.60,0.17,0.23,14430484.00,14190612.00,14530940.00,12360395.00,55512431.00,00106GCF_001458135.1_marMar2.1.fna,14543.00,0.43,22082229.00,33247122.00,30553374.00,354027956.00,354119461.00,477980639.00,477827434.00,TRUE,1663955490.00,1608443059.00,0.26,0.39,0.36,0.97,679526321.00,928916738.00,0.42,21761213.00,32118982.00,30129724.00
00107GCF_001466805.2_Raegyp2.0.fna,49368.00,1733.00,0.04,23949.00,10736.00,12950.00,0.50,0.23,0.27,0.52,1890154.00,560288.00,766616.00,0.59,0.17,0.24,25915422.00,25634230.00,25689755.00,21236971.00,98476378.00,00107GCF_001466805.2_Raegyp2.0.fna,2490.00,0.44,18822935.00,26922519.00,25619524.00,308653649.00,308534250.00,395357381.00,395705021.00,TRUE,1408250301.00,1309773923.00,0.26,0.38,0.36,0.93,565638247.00,744135676.00,0.43,18262647.00,25032365.00,24852908.00
00108GCF_001595765.1_Mnat.v1.fna,30211.00,1282.00,0.04,14559.00,6564.00,7806.00,0.50,0.23,0.27,0.52,1116141.00,317199.00,440841.00,0.60,0.17,0.24,14656244.00,14441456.00,14703367.00,12241075.00,56042142.00,00108GCF_001595765.1_Mnat.v1.fna,1269.00,0.45,16017888.00,24216090.00,22279126.00,282503217.00,282486385.00,351836792.00,351934381.00,TRUE,1268760775.00,1212718633.00,0.26,0.39,0.36,0.96,535891902.00,676826731.00,0.44,15700689.00,23099949.00,21838285.00
00109GCF_001604975.1_Cebus_imitator-1.0.fna,53473.00,1668.00,0.03,25546.00,11558.00,14701.00,0.49,0.22,0.28,0.52,2235058.00,644893.00,886864.00,0.59,0.17,0.24,28802814.00,28150073.00,29316271.00,23961808.00,110230966.00,00109GCF_001604975.1_Cebus_imitator-1.0.fna,7156.00,0.42,22949175.00,33599336.00,32297490.00,362828928.00,362726954.00,491819755.00,492065685.00,TRUE,1709441322.00,1599210356.00,0.26,0.38,0.36,0.94,668602995.00,930607361.00,0.42,22304282.00,31364278.00,31410626.00
00110GCF_001685135.1_ManJav1.0.fna,43666.00,4653.00,0.11,20022.00,8649.00,10342.00,0.51,0.22,0.27,0.53,1424161.00,387272.00,518959.00,0.61,0.17,0.22,19365995.00,19154071.00,18518961.00,15673844.00,72712871.00,00110GCF_001685135.1_ManJav1.0.fna,80670.00,0.43,21003856.00,31767698.00,29897112.00,352354288.00,352231093.00,461424678.00,461826973.00,TRUE,1627837032.00,1555124161.00,0.25,0.38,0.36,0.96,666065315.00,889058846.00,0.43,20616584.00,30343537.00,29378153.00
00111GCF_001698545.1_ASM169854v1.fna,50530.00,2763.00,0.05,23809.00,10766.00,13192.00,0.50,0.23,0.28,0.53,1652770.00,456665.00,605146.00,0.61,0.17,0.22,22169728.00,21954855.00,21662503.00,18099157.00,83886243.00,00111GCF_001698545.1_ASM169854v1.fna,105032.00,0.42,24163678.00,35378043.00,33919248.00,380390487.00,380510867.00,518667225.00,517946457.00,TRUE,1797515036.00,1713628793.00,0.26,0.38,0.36,0.95,716776771.00,996852022.00,0.42,23707013.00,33725273.00,33314102.00
00112GCF_001704415.1_ARS1.fna,43127.00,1636.00,0.04,21347.00,9405.00,10739.00,0.51,0.23,0.26,0.54,1643916.00,427327.00,597057.00,0.62,0.16,0.22,23271092.00,23043261.00,21861534.00,17930295.00,86106182.00,00112GCF_001704415.1_ARS1.fna,29907.00,0.43,20690933.00,32412772.00,30259682.00,349378080.00,349260195.00,464392546.00,464714708.00,TRUE,1627745529.00,1541639347.00,0.25,0.39,0.36,0.95,652323922.00,889315425.00,0.42,20263606.00,30768856.00,29662625.00
00113GCF_001857705.1_PanPar1.0.fna,58283.00,1845.00,0.03,28244.00,12861.00,15333.00,0.50,0.23,0.27,0.52,2332051.00,667598.00,925088.00,0.59,0.17,0.24,31735738.00,31210510.00,31383528.00,25720721.00,120050497.00,00113GCF_001857705.1_PanPar1.0.fna,50377.00,0.44,21292041.00,31794609.00,29568142.00,364433747.00,364455428.00,466865805.00,466574057.00,TRUE,1662329037.00,1542278540.00,0.26,0.38,0.36,0.93,665942927.00,876335613.00,0.43,20624443.00,29462558.00,28643054.00
00114GCF_001888835.1_ASM188883v1.fna,48524.00,2589.00,0.05,22997.00,10366.00,12572.00,0.50,0.23,0.27,0.52,1919089.00,533799.00,741945.00,0.60,0.17,0.23,25383753.00,24846742.00,25411971.00,20849885.00,96492351.00,00114GCF_001888835.1_ASM188883v1.fna,63439.00,0.43,19081625.00,28557359.00,26239022.00,317564881.00,317230730.00,413350470.00,413726254.00,TRUE,1461872335.00,1365379984.00,0.26,0.39,0.36,0.93,584565116.00,780814868.00,0.43,18547826.00,26638270.00,25497077.00
00115GCF_001890085.1_ASM189008v1.fna,46370.00,1882.00,0.04,22181.00,10330.00,11977.00,0.50,0.23,0.27,0.53,1687070.00,458163.00,618769.00,0.61,0.17,0.22,23388527.00,23297503.00,22461258.00,18495566.00,87642854.00,00115GCF_001890085.1_ASM189008v1.fna,7571.00,0.44,18210068.00,27345405.00,25176338.00,303762675.00,303867138.00,394155574.00,393902680.00,TRUE,1395688067.00,1308045213.00,0.26,0.39,0.36,0.94,560943783.00,747101430.00,0.43,17751905.00,25658335.00,24557569.00
00116GCF_001922835.1_NIST_Tur_tru_v1.fna,39225.00,1596.00,0.04,18490.00,7981.00,11158.00,0.49,0.21,0.30,0.51,1461528.00,448164.00,644886.00,0.57,0.18,0.25,18408392.00,17693313.00,19438360.00,15914887.00,71454952.00,00116GCF_001922835.1_NIST_Tur_tru_v1.fna,2648.00,0.43,18973790.00,28422786.00,27065332.00,311389525.00,311369617.00,413274228.00,413167685.00,TRUE,1449201055.00,1377746103.00,0.25,0.38,0.36,0.95,586657437.00,791088666.00,0.43,18525626.00,26961258.00,26420446.00
00117GCF_001984765.1_C.can_genome_v1.0.fna,39263.00,3894.00,0.10,17472.00,8221.00,9676.00,0.49,0.23,0.27,0.52,1311094.00,374210.00,483060.00,0.60,0.17,0.22,16607762.00,16375570.00,16683216.00,14138193.00,63804741.00,00117GCF_001984765.1_C.can_genome_v1.0.fna,21157.00,0.42,23786953.00,35022272.00,32759273.00,360625804.00,360548435.00,502639281.00,502697017.00,TRUE,1726510537.00,1662705796.00,0.26,0.38,0.36,0.96,688190907.00,974514889.00,0.41,23412743.00,33711178.00,32276213.00
00118GCF_002102435.1_Ovir.te_1.0.fna,48781.00,2067.00,0.04,23753.00,10304.00,12657.00,0.51,0.22,0.27,0.53,1711438.00,459758.00,654332.00,0.61,0.16,0.23,23132659.00,22994095.00,22655534.00,18687258.00,87469546.00,00118GCF_002102435.1_Ovir.te_1.0.fna,17026.00,0.43,19938235.00,31285933.00,28559847.00,335313552.00,335375226.00,443048123.00,443081831.00,TRUE,1556818732.00,1469349186.00,0.25,0.39,0.36,0.94,624562024.00,844787162.00,0.43,19478477.00,29574495.00,27905515.00
00119GCF_002204375.1_MunDraft-v1.0.fna,40126.00,3296.00,0.08,19011.00,8742.00,9077.00,0.52,0.24,0.25,0.53,1382407.00,373906.00,456928.00,0.62,0.17,0.21,18822475.00,18735055.00,17857821.00,14900067.00,70315418.00,00119GCF_002204375.1_MunDraft-v1.0.fna,68793.00,0.44,21737940.00,32158610.00,28070094.00,355499444.00,355586743.00,457817229.00,457799908.00,TRUE,1626703324.00,1556387906.00,0.27,0.39,0.34,0.96,673528657.00,882859249.00,0.43,21364034.00,30776203.00,27613166.00
00120GCF_900095145.1_PAHARI_EIJ_v1.1.fna,36489.00,1145.00,0.03,17704.00,8063.00,9577.00,0.50,0.23,0.27,0.52,1282200.00,359500.00,446714.00,0.61,0.17,0.21,16658842.00,16535302.00,16463882.00,13943363.00,63601389.00,00120GCF_900095145.1_PAHARI_EIJ_v1.1.fna,2581.00,0.43,21916800.00,31094623.00,27476944.00,338266706.00,338271554.00,443812017.00,444011682.00,TRUE,1564361959.00,1500760570.00,0.27,0.39,0.34,0.96,643344116.00,857416454.00,0.43,21557300.00,29812423.00,27030230.00
