provided by Gürkan Korkmaz,http://orcid.org/0000-0003-1911-027X
Sequence,TotalCDS,GenomicGC,GenomicOffTAG,GenomicOffTGA,GenomicOffTAA,Genomic Gs,Genomic Cs,Genomic As,Genomic Ts
00001GCF_000006175.1_ASM617v2_Genomic.fna,1,0.28594616061132344,23601,29534,84767,274132,279571,687654,695032
00002GCF_000006805.1_ASM680v1_Genomic.fna,3,0.659336107331804,9702,27615,4781,847572,847593,436710,439143
00003GCF_000007005.1_ASM700v1_Genomic.fna,1,0.3578719797770638,58938,48386,97820,536709,534132,955581,965824
00004GCF_000007065.1_ASM706v1_Genomic.fna,1,0.41484937677398914,31769,76350,81955,850358,849009,1201032,1195948
00005GCF_000007305.1_ASM730v1_Genomic.fna,1,0.40769927740341055,28813,31649,41184,389365,388630,565156,565106
00006GCF_000007345.1_ASM734v1_Genomic.fna,1,0.4268090296522904,46845,105800,101642,1226378,1228412,1638005,1658700
00007GCF_000008265.1_ASM826v1_Genomic.fna,1,0.3597046631856218,11653,29396,47229,275829,280237,494440,495390
00008GCF_000008645.1_ASM864v1_Genomic.fna,1,0.4954395909963469,12413,42407,20171,434571,433131,439338,444338
00009GCF_000008665.1_ASM866v1_Genomic.fna,1,0.4858166674470552,15299,41540,26889,531003,527301,562097,558001
00010GCF_000009185.1_ASM918v1_Genomic.fna,2,0.4786112815680374,19745,77189,32308,757084,764595,830062,827622
00011GCF_000009965.1_ASM996v1_Genomic.fna,1,0.5199546137863018,19001,36522,21864,542161,543889,503441,499249
00012GCF_000011085.1_ASM1108v1_Genomic.fna,9,0.6111885435542287,22273,56666,14032,1306187,1306457,831935,830115
00013GCF_000011105.1_ASM1110v1_Genomic.fna,1,0.4187895597834465,27981,28323,41043,359442,368627,504061,506378
00014GCF_000011185.1_ASM1118v1_Genomic.fna,1,0.39918526408246296,22310,26920,34440,317148,315484,478012,474164
00015GCF_000011205.1_ASM1120v1_Genomic.fna,1,0.32786728901073864,52305,43743,99610,444673,438850,900902,910333
00016GCF_000011585.1_ASM1158v1_Genomic.fna,1,0.33100380582468164,14138,29419,51001,275635,274208,559092,552203
00017GCF_000012285.1_ASM1228v1_Genomic.fna,1,0.36707622778486587,42569,39299,67311,409058,408039,702249,706614
00018GCF_000012545.1_ASM1254v1_Genomic.fna,1,0.27633749838746546,27261,31853,71094,242608,245792,645239,633765
00019GCF_000013445.1_ASM1344v1_Genomic.fna,1,0.4514905046605688,19387,84399,45125,796919,803497,981407,962916
00020GCF_000013725.1_ASM1372v1_Genomic.fna,1,0.4075811843964718,23286,57032,44358,529204,520331,760719,764779
00021GCF_000015145.1_ASM1514v1_Genomic.fna,1,0.5373676494933912,35353,19920,17334,448391,447489,387694,383590
00022GCF_000015205.1_ASM1520v1_Genomic.fna,1,0.4959907534098444,32119,19789,28759,453771,452108,460654,459870
00023GCF_000015225.1_ASM1522v1_Genomic.fna,2,0.5764608762113999,26467,19002,15610,518776,526577,382590,385455
00024GCF_000015765.1_ASM1576v1_Genomic.fna,1,0.5000662063432879,8465,32229,16070,449479,453122,450744,451618
00025GCF_000015825.1_ASM1582v1_Genomic.fna,1,0.6206305163318935,10437,30974,8689,768993,768989,468958,471156
00026GCF_000015945.1_ASM1594v1_Genomic.fna,1,0.35726584000112066,34068,25582,45703,288188,272893,515199,494206
00027GCF_000016125.1_ASM1612v1_Genomic.fna,2,0.32976142099917777,15608,31779,54635,293705,296255,594552,604539
00028GCF_000016525.1_ASM1652v1_Genomic.fna,1,0.3103431156966595,22882,36525,68113,276724,298393,652121,625927
00029GCF_000016605.1_ASM1660v1_Genomic.fna,1,0.46225356123016104,34303,41185,37927,513726,499311,593176,585305
00030GCF_000017165.1_ASM1716v1_Genomic.fna,1,0.3132835169230644,18597,29393,61589,270512,268351,592742,588444
00031GCF_000017185.1_ASM1718v1_Genomic.fna,1,0.3003750873685331,17957,22912,58478,235871,235568,546837,551225
00032GCF_000017225.1_ASM1722v1_Genomic.fna,1,0.3328449999323065,15441,31772,52800,295279,294754,593876,588787
00033GCF_000017625.1_ASM1762v1_Genomic.fna,1,0.5451362317563959,10079,37743,19928,693876,692376,580143,576551
00034GCF_000017945.1_ASM1794v1_Genomic.fna,1,0.5652038204632,16337,16038,14617,366636,366738,281521,282644
00035GCF_000018305.1_ASM1830v1_Genomic.fna,1,0.430959245657186,37168,42983,73371,447209,448139,591972,590250
00036GCF_000018365.1_ASM1836v1_Genomic.fna,1,0.512726711806063,17846,32588,20527,476955,470364,454017,446274
00037GCF_000018485.1_ASM1848v1_Genomic.fna,1,0.33423269760548563,14910,31460,52022,290832,292135,577398,583830
00038GCF_000019605.1_ASM1960v1_Genomic.fna,1,0.49000760014559086,26587,32805,22535,395711,383773,408429,402846
00039GCF_000020905.1_ASM2090v1_Genomic.fna,1,0.4533915313530966,25290,23027,26668,303024,315957,366809,379434
00040GCF_000021965.1_ASM2196v1_Genomic.fna,1,0.5535370634629286,12788,57482,15542,810340,807604,648456,656519
00041GCF_000022205.1_ASM2220v1_Genomic.fna,3,0.6397195683358551,15310,42148,10217,1182033,1180191,660779,669590
00042GCF_000022365.1_ASM2236v1_Genomic.fna,1,0.5356148310387985,17140,35145,19627,544605,550963,470421,479451
00043GCF_000022385.1_ASM2238v1_Genomic.fna,1,0.3511104337907804,55432,44126,92849,485602,475132,888038,887501
00044GCF_000022405.1_ASM2240v1_Genomic.fna,1,0.35099525343324006,52758,41818,88652,459206,456482,845854,847291
00045GCF_000022425.1_ASM2242v1_Genomic.fna,1,0.35009729227013936,54640,43257,91911,473585,469018,875110,874690
00046GCF_000022445.1_ASM2244v1_Genomic.fna,1,0.35002288676310034,52116,41550,87827,453889,451497,839911,841351
00047GCF_000022465.1_ASM2246v1_Genomic.fna,1,0.3538540965041487,54087,43523,90661,482616,473519,873665,872260
00048GCF_000022485.1_ASM2248v1_Genomic.fna,2,0.3530544994906131,56783,45432,95775,499371,508392,919520,927129
00049GCF_000022545.1_ASM2254v1_Genomic.fna,1,0.40201278360300835,23087,32835,39412,370810,371226,550363,553403
00050GCF_000023945.1_ASM2394v1_Genomic.fna,1,0.6289997805438662,11706,37841,6611,980610,979854,582913,573419
00051GCF_000023965.1_ASM2396v1_Genomic.fna,2,0.6553073190669291,13120,32044,5577,1092749,1090965,574261,574376
00052GCF_000023985.1_ASM2398v1_Genomic.fna,2,0.3221852676749884,19643,24745,53713,244004,241612,511165,510476
00053GCF_000024185.1_ASM2418v1_Genomic.fna,1,0.3264100825138465,38012,59070,98957,479215,479518,985807,992664
00054GCF_000024305.1_ASM2430v1_Genomic.fna,2,0.35262615425306854,55232,43523,92823,484589,484653,886903,892494
00055GCF_000024625.1_ASM2462v1_Genomic.fna,3,0.3157584935819206,21661,27144,64147,276754,279531,602038,603419
00056GCF_000024745.1_ASM2474v1_Genomic.fna,1,0.3582517633173784,52387,42952,86566,476790,479375,849347,863463
00057GCF_000025285.1_ASM2528v1_Genomic.fna,2,0.4200455665371223,20594,28784,30591,329477,327234,453664,453053
00058GCF_000025325.1_ASM2532v1_Genomic.fna,7,0.6426424814755932,25232,55686,13330,1748579,1747907,968432,975877
00059GCF_000025505.1_ASM2550v1_Genomic.fna,1,0.4413543526356313,21314,34629,38253,487587,481745,615993,610942
00060GCF_000025525.1_ASM2552v1_Genomic.fna,2,0.3203918702323226,25175,28729,63970,286220,281879,602862,602177
00061GCF_000025625.1_ASM2562v1_Genomic.fna,4,0.6105015922653105,21278,54649,12771,1356364,1356503,864945,865857
00062GCF_000025665.1_ASM2566v1_Genomic.fna,1,0.39157952650726635,17550,24033,31418,287479,294714,452190,452398
00063GCF_000025685.1_ASM2568v1_Genomic.fna,5,0.6547994532639073,16565,40384,8639,1315687,1311961,691855,693402
00064GCF_000025865.1_ASM2586v1_Genomic.fna,1,0.4261823421990882,15101,39776,30885,428659,429001,572776,581989
00065GCF_000026045.1_ASM2604v1_Genomic.fna,3,0.6311970873902926,12287,29050,7030,868972,866630,506772,507325
00066GCF_000063445.1_ASM6344v1_Genomic.fna,1,0.546029660522586,24509,51193,29550,867422,868907,717692,725896
00067GCF_000069025.1_ASM6902v1_Genomic.fna,5,0.6571063717854706,10184,28989,5124,876840,876833,455202,459906
00068GCF_000091665.1_ASM9166v1_Genomic.fna,3,0.3129388504610857,23955,28465,65124,273937,270550,598808,596620
00069GCF_000092185.1_ASM9218v1_Genomic.fna,1,0.46734346197051946,19416,23101,23853,311039,304264,349077,352217
00070GCF_000092305.1_ASM9230v1_Genomic.fna,1,0.3361855751602739,24398,20645,51433,220689,225831,439979,441696
00071GCF_000092465.1_ASM9246v1_Genomic.fna,1,0.36838341934814356,32760,24095,43386,285234,296940,487633,510541
00072GCF_000144915.1_ASM14491v1_Genomic.fna,1,0.5721735702042494,18665,25322,17497,426519,429713,319286,320937
00073GCF_000145295.1_ASM14529v1_Genomic.fna,2,0.4864068797136056,11314,39328,20253,398956,398332,420335,421515
00074GCF_000147875.1_ASM14787v1_Genomic.fna,1,0.4739919339947969,15708,49604,37573,674621,673076,753786,741808
00075GCF_000148385.1_ASM14838v1_Genomic.fna,1,0.45427729980312853,36234,46956,65737,545378,533139,647458,648163
00076GCF_000151085.1_ASM15108v1_Genomic.fna,41,0.39141506552774014,35505,48226,63295,574257,589456,912617,896762
00077GCF_000151105.2_ASM15110v2_Genomic.fna,2,0.41666723184587856,19193,40635,39905,429321,430781,603431,600709
00078GCF_000151205.2_ASM15120v2_Genomic.fna,1,0.5478096328131628,16635,34159,18808,572242,570725,474971,468493
00079GCF_000151225.1_ASM15122v1_Genomic.fna,10,0.31275874742084564,21318,35891,62279,273581,266802,593680,593732
00080GCF_000151245.1_ASM15124v1_Genomic.fna,9,0.3127942681678608,20878,34221,61595,263418,269854,584061,587532
00081GCF_000152265.2_ASM15226v2_Genomic.fna,1,0.3646606886423567,19452,33997,51692,355763,349928,618692,610816
00082GCF_000166095.1_ASM16609v1_Genomic.fna,1,0.3163704625352779,18049,20952,39835,196198,197159,425465,424521
00083GCF_000172995.2_ASM17299v2_Genomic.fna,6,0.5994070690812182,19589,50949,13804,1180047,1184298,790017,790111
00084GCF_000175555.1_ASM17555v1_Genomic.fna,506,0.351961272046643,54313,43004,90502,474388,469387,873345,864354
00085GCF_000179575.2_ASM17957v2_Genomic.fna,2,0.2927685819853612,19241,25231,66917,244868,246239,593149,593202
00086GCF_000186365.1_ASM18636v1_Genomic.fna,1,0.5314169658613765,19715,22450,14087,345215,353407,305753,310265
00087GCF_000187225.1_ASM18722v1_Genomic.fna,32,0.6181498197494486,18102,45882,12176,1322788,1325903,818707,817471
00088GCF_000189555.1_ASM18955v1_Genomic.fna,1,0.3530777322498587,50888,40597,84664,447974,442839,814415,817766
00089GCF_000189575.1_ASM18957v1_Genomic.fna,1,0.35148250658425223,53469,42424,90128,468123,465133,861342,860601
00090GCF_000189795.1_ASM18979v2_Genomic.fna,44,0.31122345951306635,21901,35191,65543,267764,287069,628095,599820
00091GCF_000189815.1_ASM18981v2_Genomic.fna,54,0.31125569182241236,21985,34563,66504,263248,296245,636101,601941
00092GCF_000189835.1_ASM18983v2_Genomic.fna,66,0.3124846213804797,21915,34621,65975,264620,295434,633907,598300
00093GCF_000189855.1_ASM18985v2_Genomic.fna,43,0.3113819629814729,21927,34817,66459,265337,293541,635590,600363
00094GCF_000189875.1_ASM18987v2_Genomic.fna,102,0.31216531109800294,24096,38557,71109,294791,313273,684452,655375
00095GCF_000189895.1_ASM18989v2_Genomic.fna,33,0.31128663336374135,21078,33098,63539,252662,280685,605381,574635
00096GCF_000189915.1_ASM18991v2_Genomic.fna,64,0.3042333828289104,25133,37649,75275,283456,310518,696621,661768
00097GCF_000189935.1_ASM18993v2_Genomic.fna,61,0.3048302751859798,25890,39330,77096,295285,317187,714566,682185
00098GCF_000189955.1_ASM18995v2_Genomic.fna,40,0.3042712539894483,25329,37852,75455,285262,312687,697291,669944
00099GCF_000189975.1_ASM18997v2_Genomic.fna,40,0.30448148467233926,25379,38423,75620,289138,311674,697084,675334
00100GCF_000189995.1_ASM18999v2_Genomic.fna,47,0.3026822032149181,24270,35881,73704,271157,300781,673004,644624
00101GCF_000190015.1_ASM19001v2_Genomic.fna,58,0.30267883367246423,24209,35841,73522,270817,300094,671382,643901
00102GCF_000190035.1_ASM19003v2_Genomic.fna,50,0.3028853754526885,24538,36415,74528,275965,302623,679138,652528
00103GCF_000190055.1_ASM19005v2_Genomic.fna,56,0.3022403847456887,25766,38309,77426,288461,313717,706843,683360
00104GCF_000190075.1_ASM19007v2_Genomic.fna,44,0.302651282805189,25641,37884,76638,285457,311562,700303,675308
00105GCF_000190095.1_ASM19009v2_Genomic.fna,37,0.3024336582792487,25622,38187,77039,287410,311105,702031,678450
00106GCF_000190115.1_ASM19011v2_Genomic.fna,58,0.3026410161463084,26189,38561,78487,291022,317866,714837,688190
00107GCF_000190135.1_ASM19013v2_Genomic.fna,47,0.3027791728601574,25661,38151,76794,288053,309994,699700,677445
00108GCF_000190155.1_ASM19015v2_Genomic.fna,45,0.3027918197914828,24278,36458,72249,273765,292271,662314,641040
00109GCF_000190175.1_ASM19017v2_Genomic.fna,108,0.31155277672542203,22280,33241,67130,256768,309844,640378,611681
00110GCF_000190315.1_ASM19031v1_Genomic.fna,1,0.4238702835687417,37536,44941,69179,487656,486815,662394,662119
00111GCF_000191585.1_ASM19158v1_Genomic.fna,1,0.3582866796580945,29141,51334,69059,459196,466529,824552,833478
00112GCF_000193375.1_ASM19337v1_Genomic.fna,1,0.5965507356416236,24523,19878,14589,581944,573017,393528,387576
00113GCF_000194625.1_ASM19462v1_Genomic.fna,1,0.4704899458186225,16085,32643,25664,447051,447795,500557,506542
00114GCF_000195895.1_ASM19589v1_Genomic.fna,2,0.39233668898478546,48445,90448,108631,952543,959615,1488230,1473380
00115GCF_000195915.1_ASM19591v1_Genomic.fna,1,0.45994397114718566,14211,31410,19456,361266,358504,425441,419697
00116GCF_000195935.2_ASM19593v1_Genomic.fna,2,0.4471150937453882,27828,28571,36333,394114,396639,487609,490205
00117GCF_000196655.1_ASM19665v1_Genomic.fna,2,0.3642499589607831,23343,48316,57749,430510,445961,760906,768858
00118GCF_000196895.1_ASM19689v1_Genomic.fna,7,0.6252088603282716,19515,42807,11433,1157966,1154459,694327,691892
00119GCF_000204415.1_ASM20441v1_Genomic.fna,2,0.5098789090248295,25368,55015,28930,773207,770018,740957,742468
00120GCF_000204925.1_ASM20492v1_Genomic.fna,1,0.41994566250984866,34408,33571,45906,381751,391096,530131,537372
00121GCF_000211475.1_ASM21147v1_Genomic.fna,1,0.42740267401341625,25996,33902,36816,396428,399106,532486,533302
00122GCF_000213215.1_ASM21321v1_Genomic.fna,1,0.3414815105891687,41010,31528,76607,363023,366947,707431,700255
00123GCF_000214415.1_ASM21441v1_Genomic.fna,1,0.32299948549184065,21904,32083,62232,313620,285285,641433,613860
00124GCF_000214725.1_ASM21472v1_Genomic.fna,1,0.35731774409464123,25864,49103,74880,455780,454145,819638,816980
00125GCF_000215915.2_HLRTI_V2_Genomic.fna,72,0.625071341137111,13899,38219,7702,984419,982588,584906,594939
00126GCF_000215995.1_ASM21599v1_Genomic.fna,1,0.516375624701483,18125,28417,21241,446938,439586,419081,411215
00127GCF_000217715.1_ASM21771v1_Genomic.fna,4,0.6518355429894487,18350,39933,9953,1420643,1418282,760126,756227
00128GCF_000217995.1_ASM21799v1_Genomic.fna,1,0.3915606901276395,18874,49692,38736,418886,418445,645955,655159
00129GCF_000220175.1_ASM22017v1_Genomic.fna,1,0.32673134303292223,21794,35749,40919,262183,263102,540263,542149
00130GCF_000220645.1_ASM22064v1_Genomic.fna,1,0.3294080130807113,15023,31225,53874,286368,289007,591958,579361
00131GCF_000221185.1_ASM22118v1_Genomic.fna,1,0.5607878798123821,15662,32724,15256,562581,565344,441510,441887
00132GCF_000223395.1_ASM22339v1_Genomic.fna,1,0.5490414041575049,34396,24265,16361,507020,505011,415839,415399
00133GCF_000223905.1_ASM22390v1_Genomic.fna,3,0.624546403360394,19454,46824,11123,1213777,1215721,728940,731582
00134GCF_000224475.1_ASM22447v1_Genomic.fna,3,0.6238077318021356,17838,45543,9513,1136997,1135635,687232,683297
00135GCF_000226975.1_HalLac_AJ5_1_Genomic.fna,156,0.6534463495258055,16879,39443,8766,1412321,1413709,745389,753389
00136GCF_000226975.2_ASM22697v3_Genomic.fna,3,0.6526802951740148,17528,40255,8946,1429250,1430502,758329,763470
00137GCF_000230715.2_ASM23071v3_Genomic.fna,1,0.6223552848899933,17205,38976,9761,1180617,1177087,718771,711882
00138GCF_000230735.2_ASM23073v3_Genomic.fna,3,0.6399110081585041,19804,46262,10751,1391024,1395217,781139,786727
00139GCF_000230955.2_ASM23095v3_Genomic.fna,2,0.6643218378011245,13806,29772,4929,1050614,1050345,530584,531019
00140GCF_000231015.2_ASM23101v3_Genomic.fna,1,0.44828796987537906,26397,23617,28266,309772,310711,377694,385940
00141GCF_000235565.1_ASM23556v1_Genomic.fna,2,0.6059631923125243,15614,34826,13276,779899,778056,504480,508604
00142GCF_000235685.2_ASM23568v3_Genomic.fna,1,0.5650035219191976,6519,30943,10474,579363,580509,448446,444540
00143GCF_000237865.1_ASM23786v1_Genomic.fna,4,0.47676035927170346,20290,80066,33375,777249,777221,854016,851999
00144GCF_000241145.1_ASM24114v2_Genomic.fna,343,0.325208987527256,24654,42282,48224,300201,303689,617469,635570
00145GCF_000242875.2_ASM24287v3_Genomic.fna,171,0.33797539558696876,19381,37713,36670,262035,269700,512250,529310
00146GCF_000243255.1_ASM24325v1_Genomic.fna,1,0.422032111896363,17663,68957,63241,659849,690758,966608,883032
00147GCF_000243315.1_ASM24331v1_Genomic.fna,21,0.47744261010489575,40292,52891,46836,667733,672711,732537,734569
00148GCF_000243455.1_ASM24345v2_Genomic.fna,121,0.3244547479111016,20293,30911,59610,300916,289274,620060,608771
00149GCF_000245095.1_ASM24509v2_Genomic.fna,1,0.35001831582839144,53309,42357,90262,462951,462936,858055,861311
00150GCF_000245115.1_ASM24511v2_Genomic.fna,5,0.3523296425458041,54037,43239,90903,475233,469299,869921,866366
00151GCF_000245135.1_ASM24513v2_Genomic.fna,3,0.35051375079624447,53349,42352,89873,463708,460180,855800,856123
00152GCF_000245155.1_ASM24515v2_Genomic.fna,3,0.3522365635355324,54062,43258,91024,475233,469109,870197,866449
00153GCF_000245175.1_ASM24517v2_Genomic.fna,1,0.3507680502181358,52753,41842,88485,458681,453713,843931,844807
00154GCF_000245195.1_ASM24519v2_Genomic.fna,4,0.3506786376180169,53079,42005,89003,460016,454664,847101,846533
00155GCF_000245215.1_ASM24521v2_Genomic.fna,1,0.34981259269043946,53920,42770,90967,467213,464962,865979,866630
00156GCF_000245235.1_ASM24523v2_Genomic.fna,1,0.35024312303342175,52590,41453,88201,455122,451952,840914,841853
00157GCF_000245255.1_ASM24525v2_Genomic.fna,2,0.35021063068973757,54644,43293,91936,474218,469517,875824,875205
00158GCF_000245275.1_ASM24527v2_Genomic.fna,1,0.3505196657063097,53392,42398,89966,464093,460424,855450,857594
00159GCF_000246985.2_ASM24698v3_Genomic.fna,1,0.43088035465187147,26295,37123,41009,476480,477976,628058,632616
00160GCF_000251105.1_ASM25110v1_Genomic.fna,1,0.5274022163275998,23038,35901,33578,630681,623713,563550,560495
00161GCF_000253055.1_ASM25305v1_Genomic.fna,1,0.5512825107627078,24734,23475,17868,504503,510708,409052,417281
00162GCF_000258515.1_TheZil1.0_Genomic.fna,5,0.5447572912369147,14022,28585,17273,481192,480078,399495,403819
00163GCF_000259215.1_ASM25921v1_Genomic.fna,453,0.6545512401380023,15264,33717,5568,1107603,1107780,587954,581246
00164GCF_000263735.1_ASM26373v1_Genomic.fna,1,0.4229330981232515,24662,29839,34445,364406,370181,501515,500785
00165GCF_000264495.1_ASM26449v1_Genomic.fna,1,0.5564114663206323,23389,18251,12843,379810,374862,301633,300015
00166GCF_000265525.1_ASM26552v1_Genomic.fna,1,0.558175188020813,16304,31244,15633,543389,545229,431170,430528
00167GCF_000275605.1_ASM27560v1_Genomic.fna,1,0.4078716360032024,28806,31630,40855,388162,390799,558694,572164
00168GCF_000275865.1_ASM27586v1_Genomic.fna,1,0.6096990868057843,9208,36921,8370,755014,753687,483763,482037
00169GCF_000281695.1_ASM28169v1_Genomic.fna,2,0.6410622274860404,15925,39657,9481,1216621,1215321,683091,678580
00170GCF_000283335.1_162.HSB1.1_Genomic.fna,17,0.6220042503622291,22136,51107,10026,1398251,1395993,852823,845256
00171GCF_000296615.1_ASM29661v1_Genomic.fna,10,0.68477806594006,10130,27951,6483,1079999,1089356,495839,502774
00172GCF_000299395.1_ASM29939v1_Genomic.fna,1,0.33588758229306387,22089,39290,38428,283029,284926,559291,563662
00173GCF_000300255.2_ASM30025v2_Genomic.fna,1,0.5559487255173705,9328,24171,8640,463419,463233,368847,371295
00174GCF_000302455.1_ASM30245v1_Genomic.fna,28,0.38020946063495337,26991,51737,75311,510441,510164,820890,842828
00175GCF_000304355.2_Mb_MS2_Genomic.fna,1,0.6064002988053521,12622,42910,10897,848819,842902,543698,554357
00176GCF_000306725.1_ASM30672v1_Genomic.fna,1,0.44610888546816063,26299,62840,45031,685301,685489,852701,849279
00177GCF_000306765.2_ASM30676v2_Genomic.fna,4,0.6027092290959137,19532,46006,13872,1177881,1175534,775973,775339
00178GCF_000308215.1_ASM30821v1_Genomic.fna,26,0.6047865022316274,13693,39093,10663,792347,792366,515676,519896
00179GCF_000317795.1_ASM31779v1_Genomic.fna,1,0.30034108070088333,25495,25621,62171,234603,229979,542242,540024
00180GCF_000320505.1_ASM32050v2_Genomic.fna,54,0.28986054113870224,27568,38898,85846,307045,285983,711771,741109
00181GCF_000327485.1_ASM32748v1_Genomic.fna,1,0.551959527222027,9953,45959,17801,777632,779368,634194,629665
00182GCF_000327505.1_ASM32750v1_Genomic.fna,1,0.44129433516132915,11274,26666,20442,316151,318030,400445,402467
00183GCF_000328285.1_Haloferax_sp._BAB2207_V.1_Genomic.fna,777,0.6577940589452024,14804,36847,7744,1231256,1233993,644280,638223
00184GCF_000328665.1_ASM32866v1_Genomic.fna,2,0.41867070791034394,27627,54348,44971,571485,564794,781353,796384
00185GCF_000328685.1_ASM32868v1_Genomic.fna,3,0.6466367076862239,18337,41037,10231,1394619,1395050,762967,761485
00186GCF_000328925.1_NAR_Genomic.fna,58,0.337319655924351,42225,84400,76019,578334,582614,1125298,1155439
00187GCF_000328945.1_NSJ_Genomic.fna,15,0.3419471299459669,20404,38140,35046,281144,283356,541640,544700
00188GCF_000334895.1_ASM33489v1_Genomic.fna,58,0.6602150284036409,12077,34430,4319,1148364,1147100,590802,590577
00189GCF_000336615.1_ASM33661v1_Genomic.fna,81,0.6212677979306678,21378,50709,12620,1312682,1312436,800348,799955
00190GCF_000336635.1_ASM33663v1_Genomic.fna,48,0.6117619710675838,22632,54716,14188,1311249,1307288,832112,829671
00191GCF_000336655.1_ASM33665v1_Genomic.fna,79,0.6532818577314241,17207,39889,8691,1418516,1415829,749545,754735
00192GCF_000336675.1_ASM33667v1_Genomic.fna,46,0.6539649902750764,15599,33752,5921,1118129,1117810,593397,589714
00193GCF_000336695.1_ASM33669v1_Genomic.fna,167,0.6384345167640333,12466,33164,5049,953930,956019,541393,540271
00194GCF_000336715.1_ASM33671v1_Genomic.fna,198,0.6182089894028648,20015,50673,9714,1252997,1252243,770229,776947
00195GCF_000336735.1_ASM33673v1_Genomic.fna,36,0.6630081970290326,14022,34666,7076,1210532,1208950,616117,613650
00196GCF_000336755.1_ASM33675v1_Genomic.fna,27,0.6115292672164264,18429,45817,11068,1209526,1207404,768169,767173
00197GCF_000336775.1_ASM33677v1_Genomic.fna,30,0.658539116152604,15523,39544,7982,1336184,1335741,698662,686765
00198GCF_000336795.1_ASM33679v1_Genomic.fna,33,0.6638956739908927,13248,33894,6928,1201896,1200769,613395,602980
00199GCF_000336815.1_ASM33681v1_Genomic.fna,58,0.6568932395252378,16035,38447,8221,1313315,1313471,684832,687184
00200GCF_000336835.1_ASM33683v1_Genomic.fna,41,0.6664262851241897,13162,33427,6765,1196738,1201361,600945,599402
00201GCF_000336855.1_ASM33685v1_Genomic.fna,48,0.6662833536994318,13187,33623,6807,1200558,1204563,603295,601341
00202GCF_000336875.1_ASM33687v1_Genomic.fna,83,0.661869978106029,13407,38070,8517,1214678,1222823,622334,622914
00203GCF_000336895.1_ASM33689v1_Genomic.fna,33,0.6111564709836941,22598,53009,13647,1267738,1266778,803328,809238
00204GCF_000336915.1_ASM33691v1_Genomic.fna,36,0.6402792026277212,13476,38258,6012,1104858,1103901,618149,622773
00205GCF_000336935.1_ASM33693v1_Genomic.fna,109,0.634441311343313,17145,48607,7748,1331147,1333254,771734,763467
00206GCF_000336955.1_ASM33695v1_Genomic.fna,36,0.6203615014967915,16872,40751,9458,1149467,1144574,695132,708737
00207GCF_000336975.1_ASM33697v1_Genomic.fna,38,0.6666151876341045,13723,33352,6665,1195132,1196164,592977,602948
00208GCF_000336995.1_ASM33699v1_Genomic.fna,37,0.6719017157599962,9306,29546,6090,1046497,1042133,512536,507369
00209GCF_000337015.1_ASM33701v1_Genomic.fna,110,0.6733554697061609,11718,32340,7561,1137259,1140479,554588,550342
00210GCF_000337035.1_ASM33703v1_Genomic.fna,69,0.6699180167093934,13144,36528,8220,1218269,1223753,597879,605354
00211GCF_000337055.1_ASM33705v1_Genomic.fna,83,0.6807412840796808,10402,30446,6673,1127323,1124158,529506,526409
00212GCF_000337075.1_ASM33707v1_Genomic.fna,64,0.6912746795286443,9348,26229,4655,1055866,1044082,471376,466467
00213GCF_000337095.1_ASM33709v1_Genomic.fna,45,0.6564541570608408,18299,41167,8716,1431049,1447169,746630,759644
00214GCF_000337115.1_ASM33711v1_Genomic.fna,68,0.6538774743172138,16205,37463,8198,1273716,1273278,673979,674243
00215GCF_000337135.1_ASM33713v1_Genomic.fna,106,0.6041705391278115,21493,55458,13069,1298580,1304957,860542,845196
00216GCF_000337155.1_ASM33715v1_Genomic.fna,52,0.6454881375247651,15275,38272,8856,1220790,1215909,665937,672335
00217GCF_000337175.1_ASM33717v1_Genomic.fna,88,0.6372198987803338,17471,43168,10317,1282115,1281882,730648,729079
00218GCF_000337195.1_ASM33719v1_Genomic.fna,72,0.6395641362577672,18485,43232,10539,1338534,1341784,754228,756305
00219GCF_000337215.1_ASM33721v1_Genomic.fna,121,0.6428978011934373,18862,44052,10754,1472040,1478065,817391,821266
00220GCF_000337235.1_ASM33723v1_Genomic.fna,59,0.6225072104016514,22502,54400,13967,1533864,1533173,930659,929214
00221GCF_000337255.1_ASM33725v1_Genomic.fna,52,0.6264800578188225,18872,41094,11165,1135899,1128230,677824,672095
00222GCF_000337275.1_ASM33727v1_Genomic.fna,84,0.6076874257760152,23729,58098,15107,1338728,1338490,866293,862073
00223GCF_000337295.1_ASM33729v1_Genomic.fna,16,0.6026567418644181,19633,46741,13761,1172484,1174635,773621,773880
00224GCF_000337315.1_ASM33731v1_Genomic.fna,119,0.6576501555049475,15448,38086,8095,1273478,1269496,665194,658590
00225GCF_000337335.1_ASM33733v1_Genomic.fna,68,0.680813853955633,10769,29997,6600,1123525,1127345,525399,529877
00226GCF_000337355.1_ASM33735v1_Genomic.fna,105,0.6686117985328496,12727,35637,8679,1202764,1217481,594764,604797
00227GCF_000337375.1_ASM33737v1_Genomic.fna,41,0.6801243315035721,10358,30805,6751,1167958,1161493,550024,545562
00228GCF_000337395.1_ASM33739v1_Genomic.fna,63,0.6890302278562341,9060,27029,5562,1081066,1080951,491310,484441
00229GCF_000337415.1_ASM33741v1_Genomic.fna,93,0.6803164683207245,11058,30648,6567,1132151,1132530,531244,532939
00230GCF_000337435.1_ASM33743v1_Genomic.fna,79,0.6802871400678634,10947,30829,6842,1149849,1146931,539873,539539
00231GCF_000337455.1_ASM33745v1_Genomic.fna,50,0.6767404516301767,18164,40868,6905,1586186,1591015,760933,756725
00232GCF_000337475.1_ASM33747v1_Genomic.fna,94,0.6179370554916741,16959,42190,10769,1086253,1090214,670416,675267
00233GCF_000337495.1_ASM33749v1_Genomic.fna,71,0.6516905336888119,20959,45339,10922,1577900,1577291,846754,839603
00234GCF_000337515.1_ASM33751v1_Genomic.fna,24,0.6445419321210744,12578,32971,6384,1043859,1043472,577736,573405
00235GCF_000337535.1_ASM33753v1_Genomic.fna,66,0.619836537820279,21698,52791,13827,1433663,1428938,880636,875079
00236GCF_000337555.1_ASM33755v1_Genomic.fna,49,0.6238826120827868,20509,48618,12935,1373617,1374045,825167,831304
00237GCF_000337575.1_ASM33757v1_Genomic.fna,48,0.6172747884357456,19208,49148,10877,1284884,1282739,799340,792648
00238GCF_000337595.1_ASM33759v1_Genomic.fna,70,0.6152028877663672,21704,55326,14065,1426756,1424710,893397,890138
00239GCF_000337615.1_ASM33761v1_Genomic.fna,115,0.6371775613388748,16706,41287,10282,1248753,1246247,706104,714602
00240GCF_000337635.1_ASM33763v1_Genomic.fna,134,0.6412260837204329,19147,44926,10471,1368632,1365817,765490,764468
00241GCF_000337655.1_ASM33765v1_Genomic.fna,128,0.622990870515623,17060,37906,9137,1152613,1148762,694703,697997
00242GCF_000337675.1_ASM33767v1_Genomic.fna,44,0.6436220147241231,19536,42769,10527,1421846,1420663,784277,789640
00243GCF_000337695.1_ASM33769v1_Genomic.fna,170,0.6440624247969713,21153,43916,12048,1448000,1447809,801436,798917
00244GCF_000337715.1_ASM33771v1_Genomic.fna,62,0.6039084567936819,18328,53016,12742,1241852,1240960,814210,814217
00245GCF_000337735.1_ASM33773v1_Genomic.fna,63,0.617793509151471,14284,41288,9581,1066943,1070819,661691,660865
00246GCF_000337755.1_ASM33775v1_Genomic.fna,133,0.6081897640660279,23747,58719,14758,1344070,1335369,870843,855315
00247GCF_000337775.1_ASM33777v1_Genomic.fna,69,0.6179566973786494,19678,50184,11837,1211859,1212725,747047,751919
00248GCF_000337795.1_ASM33779v1_Genomic.fna,21,0.6628605062416396,14464,35939,7364,1264520,1271636,647587,642335
00249GCF_000337815.1_ASM33781v1_Genomic.fna,20,0.6184632079218265,15046,36979,9850,1042170,1041508,649328,636116
00250GCF_000337835.1_ASM33783v1_Genomic.fna,29,0.6629912519727191,14749,36037,7334,1264323,1263418,645297,639593
00251GCF_000337855.1_ASM33785v1_Genomic.fna,56,0.599441219054756,19612,50991,13523,1178178,1176758,782746,790870
00252GCF_000337875.1_ASM33787v1_Genomic.fna,66,0.6105301482909957,20907,54649,12594,1349144,1347274,855694,864407
00253GCF_000337895.1_ASM33789v1_Genomic.fna,205,0.6371954971389538,15100,35095,8237,1177184,1173564,669363,669099
00254GCF_000337915.1_ASM33791v1_Genomic.fna,72,0.6688365781235305,11767,33493,7163,1143219,1146638,564193,569592
00255GCF_000338775.1_ASM33877v1_Genomic.fna,1,0.367067838617544,42563,39267,67236,408676,407677,701678,705953
00256GCF_000340315.1_ASM34031v1_Genomic.fna,1,0.3666773419691476,41617,38431,65825,399460,398563,686915,691425
00257GCF_000350305.1_ASM35030v1_Genomic.fna,1,0.5830294543592944,6705,21883,5498,424288,427581,306725,302514
00258GCF_000363885.1_MethanoVillo1.0_Genomic.fna,81,0.29351159356799,20622,17912,48991,170703,183719,418204,434897
00259GCF_000364745.1_ASM36474v1_Genomic.fna,1,0.3514215397745965,49924,39292,83886,435516,430801,800229,798633
00260GCF_000371805.1_ASM37180v1_Genomic.fna,2,0.2949803704993217,22081,19522,50521,184008,184539,441992,438856
00261GCF_000376445.1_ASM37644v1_Genomic.fna,6,0.6176617389594444,19046,46962,12301,1335684,1331107,824631,826137
00262GCF_000376965.1_ASM37696v1_Genomic.fna,55,0.32799988145689474,21673,28351,54385,279135,274250,564961,568804
00263GCF_000379085.1_ASM37908v1_Genomic.fna,2,0.6503181512616228,14842,36127,6497,1171891,1173047,630291,630603
00264GCF_000383975.1_ASM38397v1_Genomic.fna,5,0.6225369981000634,22496,54585,13975,1536771,1535060,933365,929179
00265GCF_000385565.1_ASM38556v1_Genomic.fna,1,0.4323899711738414,18421,41456,32687,443101,454944,589849,589039
00266GCF_000400975.1_ASM40097v1_Genomic.fna,537,0.6684544150876374,10112,23606,3635,813726,812153,402894,403523
00267GCF_000403645.1_ASM40364v1_Genomic.fna,1,0.6658599725183326,12181,27809,4130,1083177,1084371,543458,544255
00268GCF_000404165.1_ASM40416v1_Genomic.fna,1,0.29038615427654313,27266,36307,85105,288782,291465,706573,711371
00269GCF_000404225.1_ASM40422v1_Genomic.fna,1,0.41255494646295165,18928,43064,32879,399884,397029,566490,568250
00270GCF_000421805.1_ASM42180v1_Genomic.fna,96,0.6659689974275883,13588,36764,8550,1192981,1199153,601125,598701
00271GCF_000427685.1_ASM42768v1_Genomic.fna,8,0.6500689217530745,16310,39508,8525,1233970,1234852,665234,663729
00272GCF_000430485.1_ASM43048v1_Genomic.fna,7,0.44053389029695744,23633,36795,37636,476593,476773,607062,603687
00273GCF_000430905.1_ASM43090v1_Genomic.fna,27,0.5142707801093551,7254,32348,12914,438195,437459,414327,412729
00274GCF_000446015.1_ASM44601v1_Genomic.fna,1,0.46506263922923496,30171,22541,24643,405670,408311,466721,469559
00275GCF_000447865.2_ASM44786v2_Genomic.fna,3,0.6768084979337007,7838,26641,4611,972416,977139,464098,466859
00276GCF_000455345.1_Halgo_Genomic.fna,3,0.6606436143536399,15212,34000,6570,1288682,1291897,668213,657367
00277GCF_000455365.1_HdjelfamassiliensisIIH2_Genomic.fna,6,0.643095304732123,13759,35541,9076,1204949,1210034,668083,672183
00278GCF_000470655.1_HATI1_Genomic.fna,2,0.6274274783975162,13107,37434,7370,987732,986259,588809,583366
00279GCF_000474235.1_ASM47423v1_Genomic.fna,165,0.6737310211230917,10898,25186,3650,888147,883519,429272,428696
00280GCF_000485535.1_ASM48553v1_Genomic.fna,35,0.6262966085643448,19220,41725,11151,1140258,1137998,678923,680484
00281GCF_000493245.1_Nat_J71_Genomic.fna,42,0.6437557085406584,15023,37758,8902,1183312,1177823,657057,649558
00282GCF_000495475.1_Htyrrel1.0_Genomic.fna,72,0.7011834166581641,11230,28066,4000,1287046,1290066,547199,551064
00283GCF_000499765.1_Methanobacterium_Genomic.fna,1,0.397424433444824,24664,36158,51607,402776,403903,615612,607476
00284GCF_000504205.1_ASM50420v1_Genomic.fna,1,0.397898400480982,26837,70926,57244,623567,630563,948640,949115
00285GCF_000504565.1_ASM50456v2_Genomic.fna,4,0.6242623668492546,19509,47190,11207,1216947,1218612,731744,734196
00286GCF_000508305.1_ASM50830v1_Genomic.fna,1,0.3630025772070912,38826,36760,63039,373416,375067,653882,659557
00287GCF_000513315.1_ANOR1_Genomic.fna,1,0.2552721139737415,35437,40664,106922,285216,281762,826943,827152
00288GCF_000513435.1_HRSP_AJ67_Genomic.fna,50,0.6370656425874328,12906,32802,8135,896589,885232,499932,515166
00289GCF_000513855.1_ASM51385v1_Genomic.fna,1,0.45165409587466854,24128,22044,25902,289943,300368,351137,365550
00290GCF_000517445.1_ASM51744v1_Genomic.fna,1,0.4029653519561291,22180,39671,40738,398269,390634,590138,578703
00291GCF_000517625.1_ASM51762v1_Genomic.fna,5,0.6089786431531322,19732,45814,14047,1257661,1258140,810341,805039
00292GCF_000529525.1_Methanobrevibacter_oralis_JMR01_Genomic.fna,14,0.2777339151043689,29389,38671,91102,271917,306748,760203,744655
00293GCF_000585495.1_ASM58549v1_Genomic.fna,1,0.5484168354113982,15683,33433,18233,544460,539408,445329,447161
00294GCF_000591055.1_ASM59105v1_Genomic.fna,1,0.6452584552358155,11955,28922,7634,942552,936811,516526,516685
00295GCF_000621965.1_ASM62196v1_Genomic.fna,26,0.24207917416914407,28238,34828,106122,248467,245077,772908,772319
00296GCF_000632495.1_AciCop1.0_Genomic.fna,68,0.35636995552694356,49263,39618,76928,442816,431821,788461,791197
00297GCF_000685155.1_ANME2D_V10_Genomic.fna,10,0.43216343963072645,29372,62557,58548,689286,692519,905187,910421
00298GCF_000685395.1_NKMY2_Genomic.fna,24,0.41760620301018425,17968,34865,25865,368001,368245,517966,508803
00299GCF_000685635.1_ASM68563v1_Genomic.fna,4,0.6026274154532014,19677,46812,13756,1172688,1174779,773846,774074
00300GCF_000690595.1_ASM69059v2_Genomic.fna,24,0.6511188448246458,16333,37514,8658,1236691,1233510,667279,656299
00301GCF_000691505.1_ASM69150v2_Genomic.fna,26,0.6077739772142373,15857,36493,11544,966755,965040,623813,622868
00302GCF_000691865.1_MethMaris1.0_Genomic.fna,306,0.6143400990274233,11341,32548,10124,780644,781457,492313,488316
00303GCF_000698785.1_ASM69878v1_Genomic.fna,1,0.5271547296038394,20322,38458,19877,664344,668271,596353,598971
00304GCF_000700025.1_ASM70002v2_Genomic.fna,189,0.6648336432209259,11231,32691,7379,1092894,1089338,551473,548668
00305GCF_000710605.1_HTGA29.1_Genomic.fna,20,0.6491782868887493,17540,41130,9153,1337223,1345009,723123,726379
00306GCF_000710615.1_HAPD43.1_Genomic.fna,13,0.5775552301521615,20373,47699,15803,1132017,1135898,829030,829805
00307GCF_000711215.1_ASM71121v1_Genomic.fna,12,0.49463705406875297,8229,27255,22034,419626,427113,433877,431223
00308GCF_000711905.1_ASM71190v1_Genomic.fna,15,0.5466314523077493,8914,23907,9967,408097,417932,341492,343605
00309GCF_000723185.1_APF_1883_PRJEB4650_Genomic.fna,14,0.42245809871486223,17677,31927,22763,345382,345830,476337,468618
00310GCF_000723845.1_PRJEB5511_assembly_1_Genomic.fna,5,0.6600454955104196,15484,37212,7563,1284198,1285736,656088,667549
00311GCF_000725425.1_ASM72542v1_Genomic.fna,1,0.4304428755745895,24508,32673,37521,405485,394868,525583,533435
00312GCF_000730175.1_ASM73017v1_Genomic.fna,120,0.6179037538639862,20130,51428,13005,1302260,1307729,809775,804177
00313GCF_000731985.1_ASM73198v1_Genomic.fna,20,0.6455781961451382,15235,37103,8875,1212538,1224000,670492,667165
00314GCF_000734035.1_ASM73403v1_Genomic.fna,1,0.48076513768359647,16901,43860,29901,556222,557369,601900,600798
00315GCF_000739065.1_ASM73906v1_Genomic.fna,1,0.3078814623680529,22044,26069,60821,247165,247772,555165,557455
00316GCF_000739555.1_ASM73955v1_Genomic.fna,71,0.6904711548645869,9952,24947,3443,1017009,1023432,457023,457679
00317GCF_000739575.1_ASM73957v1_Genomic.fna,81,0.6411748993674302,16355,41831,9020,1232296,1237754,688436,693895
00318GCF_000739595.1_ASM73959v1_Genomic.fna,103,0.6513898559830951,14249,39297,9929,1196924,1198869,638389,643789
00319GCF_000744315.1_ASM74431v1_Genomic.fna,1,0.41501759133964816,31660,75677,81157,844002,842837,1187884,1189777
00320GCF_000744455.1_ASM74445v1_Genomic.fna,1,0.3257126728760937,30983,47910,81356,408610,402652,844788,834679
00321GCF_000745485.1_ASM74548v1_Genomic.fna,13,0.3321471987562376,40064,61413,117289,571833,545933,1111582,1135925
00322GCF_000746075.1_ASM74607v1_Genomic.fna,35,0.33169641738556255,40185,58395,117893,549165,576067,1133809,1133314
00323GCF_000746205.1_ASM74620v1_Genomic.fna,42,0.660082429137392,9484,28154,5443,914786,911971,470441,470270
00324GCF_000747605.1_ASM74760v1_Genomic.fna,1,0.462194748788586,34289,41225,37915,513118,498899,592639,584934
00325GCF_000755225.1_ASM75522v1_Genomic.fna,3,0.6373140010511378,15461,37272,5910,1097478,1102210,625868,625942
00326GCF_000755245.1_ASM75524v1_Genomic.fna,27,0.6229313883861556,18542,44774,8878,1173603,1171373,713083,706362
00327GCF_000762265.1_ASM76226v1_Genomic.fna,1,0.4133954941820123,24698,43677,60185,502857,509957,720384,716790
00328GCF_000765475.1_Mmet_Version1_Genomic.fna,15,0.4249799980944871,20440,55901,38456,536212,529855,724340,718104
00329GCF_000769655.1_ASM76965v1_Genomic.fna,2,0.5345402928929921,17884,36809,21256,570833,565690,496554,493092
00330GCF_000784335.1_ASM78433v1_Genomic.fna,81,0.6541430856405255,18353,41691,10058,1426371,1419661,755109,749638
00331GCF_000784355.1_Metpay_Genomic.fna,46,0.47538598447985025,15394,48480,36122,664735,659533,736220,725181
00332GCF_000789255.1_ASM78925v1_Genomic.fna,1,0.46840715664141075,10213,38879,21137,434725,436895,496543,492654
00333GCF_000800805.1_ASM80080v1_Genomic.fna,1,0.49205735044388554,8458,26807,14435,361468,371044,369745,386415
00334GCF_000812185.1_ASM81218v1_Genomic.fna,1,0.331579190849025,15536,28736,29325,202790,205759,411277,412305
00335GCF_000813245.1_ASM81324v1_Genomic.fna,1,0.4640392841832593,30193,22486,25027,404016,409998,469748,470430
00336GCF_000815385.1_ASM81538v1_Genomic.fna,191,0.6206513286551274,20839,49877,12198,1271630,1268002,777940,774310
00337GCF_000816105.1_ASM81610v1_Genomic.fna,1,0.5286228028711303,16603,33926,19404,507002,508438,451828,453648
00338GCF_000824705.1_Methanobrevibacter_smithii_Genomic.fna,87,0.3151649006360503,21288,33511,61916,257455,284229,599438,577610
00339GCF_000827835.1_ASM82783v1_Genomic.fna,6,0.6194983081913079,21402,52319,12577,1307964,1309456,805508,802136
00340GCF_000828575.1_ASM82857v1_Genomic.fna,2,0.49347555325506,11929,41824,20450,427478,426742,435444,441364
00341GCF_000949015.1_ASM94901v1_Genomic.fna,9,0.3402335608355815,12959,31847,58954,295462,299056,572541,580323
00342GCF_000953115.1_DSM1535_Genomic.fna,1,0.4123052822474228,25060,43908,60993,506775,514948,726575,729776
00343GCF_000955905.1_ASM95590v3_Genomic.fna,1,0.40996938573968006,18757,32993,21546,330545,333671,472694,483250
00344GCF_000956175.1_ASM95617v1_Genomic.fna,1,0.33406947621086447,23832,43206,42210,303209,299149,603095,597639
00345GCF_000966265.1_ASM96626v1_Genomic.fna,23,0.5430659415363698,19162,35996,21524,596345,601930,502561,505664
00346GCF_000968355.1_ASM96835v1_Genomic.fna,1,0.35859847715401016,53508,43838,88341,487564,490428,867622,881648
00347GCF_000968395.1_ASM96839v1_Genomic.fna,1,0.3585912733187304,53429,43822,88335,487551,490440,867631,881692
00348GCF_000968435.1_ASM96843v1_Genomic.fna,1,0.3585971527558547,53470,43869,88418,487562,490454,867640,881683
00349GCF_000969885.1_ASM96988v1_Genomic.fna,1,0.41150017314818577,28489,56687,64142,644368,642549,920077,920385
00350GCF_000969905.1_ASM96990v1_Genomic.fna,2,0.3971285879777479,42478,84970,97730,899710,912740,1359565,1391872
00351GCF_000969945.1_ASM96994v1_Genomic.fna,2,0.3984634227276311,42495,84809,97454,902643,911759,1356427,1382668
00352GCF_000969965.1_ASM96996v1_Genomic.fna,1,0.41692508564685793,34440,77781,77615,866629,858331,1188053,1224325
00353GCF_000969985.1_ASM96998v1_Genomic.fna,2,0.39249579084954533,48746,91953,107722,966731,959311,1483820,1497304
00354GCF_000970005.1_ASM97000v1_Genomic.fna,1,0.41819835540561084,32604,72836,73391,818857,817986,1136150,1141042
00355GCF_000970025.1_ASM97002v1_Genomic.fna,2,0.39194353374023394,45649,85421,101543,896309,896797,1390450,1391353
00356GCF_000970045.1_ASM97004v1_Genomic.fna,1,0.45930233386442265,29863,72440,62432,966716,967622,1142783,1134349
00357GCF_000970065.1_ASM97006v1_Genomic.fna,2,0.3922271397638317,44804,84771,99274,881044,879100,1380750,1346669
00358GCF_000970085.1_ASM97008v1_Genomic.fna,1,0.42940413268600675,40021,90939,88725,1081510,1073051,1420708,1442291
00359GCF_000970145.1_ASM97014v1_Genomic.fna,1,0.42600921315309886,44007,99921,96759,1162129,1150203,1549314,1566246
00360GCF_000970165.1_ASM97016v1_Genomic.fna,1,0.41457440443424276,32008,75760,81914,848290,850007,1190731,1207455
00361GCF_000970185.1_ASM97018v1_Genomic.fna,1,0.4148706324178321,31573,75237,81060,843400,843693,1190094,1189365
00362GCF_000970205.1_ASM97020v1_Genomic.fna,1,0.41420728938787305,32571,76524,83028,857107,858878,1210875,1215957
00363GCF_000970225.1_ASM97022v1_Genomic.fna,1,0.4139060636740416,31472,77465,82296,857474,862035,1199768,1235069
00364GCF_000970245.1_ASM97024v1_Genomic.fna,1,0.41487642463485686,31445,77888,82010,864828,863648,1191781,1245986
00365GCF_000970265.1_ASM97026v1_Genomic.fna,1,0.4182279907116488,34052,75911,78824,865468,865916,1207815,1200610
00366GCF_000970285.1_ASM97028v1_Genomic.fna,1,0.41311056771120597,44727,91475,98302,1033986,1039254,1463604,1481764
00367GCF_000970305.1_ASM97030v1_Genomic.fna,1,0.39080620825107715,46690,84040,104779,889212,893039,1399643,1378553
00368GCF_000970325.1_ASM97032v1_Genomic.fna,1,0.4402324861764017,18009,53638,32425,531321,522876,674195,666245
00369GCF_000978935.1_gtlEnvA5udCFS_Genomic.fna,146,0.41636450257357766,31083,74790,80327,845488,848232,1180625,1193533
00370GCF_000978945.1_gtlEnvA5udCFS_Genomic.fna,147,0.41637766640338486,31441,74957,80547,846049,849836,1183497,1193567
00371GCF_000978955.1_gtlEnvA5udCFS_Genomic.fna,236,0.41603375070377563,31178,74651,81133,842541,847396,1183718,1188364
00372GCF_000978965.1_gtlEnvA5udCFS_Genomic.fna,156,0.41458154295432886,32445,77735,83157,864850,861725,1222488,1215558
00373GCF_000979015.1_gtlEnvA5udCFS_Genomic.fna,159,0.41612503895977343,30388,74677,79306,832510,824363,1169580,1155218
00374GCF_000979025.1_gtlEnvA5udCFS_Genomic.fna,167,0.4169016646050627,30437,73915,79091,835241,838146,1166173,1174305
00375GCF_000979035.1_gtlEnvA5udCFS_Genomic.fna,211,0.4146137041859681,32420,76733,82982,857361,854761,1215738,1201579
00376GCF_000979045.1_gtlEnvA5udCFS_Genomic.fna,136,0.4146425962510532,31966,76382,82522,853058,856037,1201243,1211513
00377GCF_000979095.1_gtlEnvA5udCFS_Genomic.fna,199,0.4168181433278538,30228,74553,79002,836570,832106,1168791,1165900
00378GCF_000979105.1_gtlEnvA5udCFS_Genomic.fna,124,0.4153849041329788,31345,74678,80614,840079,841942,1187079,1180207
00379GCF_000979115.1_gtlEnvA5udCFS_Genomic.fna,238,0.41742410317486295,30098,74325,77922,831076,826728,1155704,1158002
00380GCF_000979125.1_gtlEnvA5udCFS_Genomic.fna,164,0.41614182509318964,31610,75156,80912,847673,846998,1187734,1189935
00381GCF_000979175.1_gtlEnvA5udCFS_Genomic.fna,205,0.4157308073986205,31840,75847,81720,850934,847407,1199952,1186901
00382GCF_000979185.1_gtlEnvA5udCFS_Genomic.fna,123,0.41575242930226447,30514,73359,79286,828051,830131,1160468,1169738
00383GCF_000979195.1_gtlEnvA5udCFS_Genomic.fna,171,0.4161039573056239,31556,75631,81308,850058,852314,1189962,1198884
00384GCF_000979205.1_gtlEnvA5udCFS_Genomic.fna,374,0.41353754181990693,34654,78311,85814,877338,873056,1240586,1241753
00385GCF_000979255.1_gtlEnvA5udCFS_Genomic.fna,155,0.415700601411306,31773,75344,81536,847211,849222,1193129,1191339
00386GCF_000979265.1_gtlEnvA5udCFS_Genomic.fna,263,0.4162455665078745,32826,77932,83193,873326,869679,1230566,1213873
00387GCF_000979275.1_gtlEnvA5udCFS_Genomic.fna,154,0.41574696662522126,31577,75660,81264,847787,849157,1187787,1196944
00388GCF_000979295.1_gtlEnvA5udCFS_Genomic.fna,160,0.43145425755190764,30302,70031,69018,832962,824775,1102576,1081895
00389GCF_000979335.1_gtlEnvA5udCFS_Genomic.fna,189,0.4157412949914797,31724,75764,81231,848802,846554,1192470,1190085
00390GCF_000979345.1_gtlEnvA5udCFS_Genomic.fna,146,0.4155636106925155,32768,78158,83970,873946,870824,1237825,1215968
00391GCF_000979375.1_gtlEnvA5udCFS_Genomic.fna,136,0.41531359023394776,31732,76195,82141,852652,846697,1200415,1191961
00392GCF_000979385.1_gtlEnvA5udCFS_Genomic.fna,94,0.42932267224974374,30459,71066,69997,838027,839356,1111852,1117810
00393GCF_000979415.1_gtlEnvA5udCFS_Genomic.fna,352,0.4278840380527404,32472,74201,74898,875745,870211,1177526,1156960
00394GCF_000979425.1_gtlEnvA5udCFS_Genomic.fna,92,0.4278094260433377,32106,74609,74480,873308,873695,1170924,1165674
00395GCF_000979455.1_gtlEnvA5udCFS_Genomic.fna,54,0.4277503619470506,31925,74300,74138,871574,871291,1160285,1171341
00396GCF_000979475.1_gtlEnvA5udCFS_Genomic.fna,69,0.4277680682105493,31986,74205,74405,870202,870758,1164792,1164117
00397GCF_000979495.1_gtlEnvA5udCFS_Genomic.fna,267,0.4164833016811409,31844,76057,81797,853965,854836,1201285,1192842
00398GCF_000979505.1_gtlEnvA5udCFS_Genomic.fna,167,0.4152360817580777,31364,75755,81224,847681,845746,1191017,1193783
00399GCF_000979515.1_gtlEnvA5udCFS_Genomic.fna,209,0.41630724188696844,31220,74863,80927,845928,851019,1182717,1196525
00400GCF_000979555.1_gtlEnvA5udCFS_Genomic.fna,185,0.41622369571389134,31232,75153,80740,847148,850586,1184856,1196308
00401GCF_000979575.1_gtlEnvA5udCFS_Genomic.fna,160,0.41639731118628137,30949,74783,80388,842186,841173,1181247,1178069
00402GCF_000979585.1_gtlEnvA5udCFS_Genomic.fna,142,0.4162444574961759,30881,74110,79925,836995,839810,1170211,1181398
00403GCF_000979595.1_gtlEnvA5udCFS_Genomic.fna,163,0.4149254829824509,32793,76567,83427,862235,862904,1216873,1215696
00404GCF_000979635.1_gtlEnvA5udCFS_Genomic.fna,139,0.41465928012197556,33070,77084,83902,864936,860120,1226819,1208302
00405GCF_000979655.1_gtlEnvA5udCFS_Genomic.fna,349,0.41636521108705005,31045,74194,80131,836592,833488,1175525,1165489
00406GCF_000979665.1_gtlEnvA5udCFS_Genomic.fna,162,0.414671049173754,32553,76437,82215,853489,850673,1205212,1200298
00407GCF_000979675.1_gtlEnvA5udCFS_Genomic.fna,182,0.4153440303135361,31195,75513,81251,850707,850484,1189152,1205517
00408GCF_000979685.1_gtlEnvA5udCFS_Genomic.fna,157,0.4143684043709725,32504,76668,83109,856055,852659,1212319,1202626
00409GCF_000979735.1_gtlEnvA5udCFS_Genomic.fna,186,0.4156992666506078,31761,75171,81601,849934,851637,1195305,1196398
00410GCF_000979745.1_gtlEnvA5udCFS_Genomic.fna,222,0.41662579089929436,30377,73745,79575,832950,836070,1166532,1170489
00411GCF_000979755.1_gtlEnvA5udCFS_Genomic.fna,167,0.4142404740757997,32335,77194,83301,857066,849961,1215192,1198641
00412GCF_000979765.1_gtlEnvA5udCFS_Genomic.fna,136,0.4146549341866046,31929,77029,82537,856694,853882,1203491,1211233
00413GCF_000979815.1_gtlEnvA5udCFS_Genomic.fna,128,0.41538415099970083,31561,74693,81663,844986,847650,1195522,1186711
00414GCF_000979825.1_gtlEnvA5udCFS_Genomic.fna,185,0.4152572095743607,31481,75232,81484,848283,850729,1193290,1199167
00415GCF_000979845.1_gtlEnvA5udCFS_Genomic.fna,144,0.4154903931846831,31309,74298,80340,836577,839451,1183641,1174186
00416GCF_000979855.1_gtlEnvA5udCFS_Genomic.fna,171,0.41551108837096395,31238,74348,80846,838819,845466,1181429,1187812
00417GCF_000979895.1_gtlEnvA5udCFS_Genomic.fna,157,0.41728718343563614,30045,72133,77817,822652,833058,1143901,1168184
00418GCF_000979915.1_gtlEnvA5udCFS_Genomic.fna,172,0.41580616436899986,31149,75188,80557,841519,840466,1181289,1181844
00419GCF_000979925.1_gtlEnvA5udCFS_Genomic.fna,231,0.4157039600587256,31917,74682,81785,846279,849789,1194247,1189675
00420GCF_000979935.1_gtlEnvA5udCFS_Genomic.fna,294,0.4165010658895582,30701,74587,79107,834062,831138,1169475,1163394
00421GCF_000979975.1_gtlEnvA5udCFS_Genomic.fna,103,0.43091957132194336,30394,70329,69687,837075,830841,1108220,1094461
00422GCF_000979995.1_gtlEnvA5udCFS_Genomic.fna,204,0.4159997923375553,30703,74436,79649,834737,831967,1168910,1170888
00423GCF_000980005.1_gtlEnvA5udCFS_Genomic.fna,337,0.41682374938648825,31708,75841,80824,850342,849023,1189100,1188474
00424GCF_000980025.1_gtlEnvA5udCFS_Genomic.fna,176,0.4157468185604378,31186,75351,80897,842237,847277,1183375,1190916
00425GCF_000980055.1_gtlEnvA5udCFS_Genomic.fna,175,0.4156599846084857,31720,75688,81214,847719,850405,1190812,1196432
00426GCF_000980075.1_gtlEnvA5udCFS_Genomic.fna,142,0.41625100688553834,31267,73520,79325,830002,825683,1167844,1154083
00427GCF_000980085.1_gtlEnvA5udCFS_Genomic.fna,257,0.4157202982910003,31444,75689,81585,848254,848683,1192690,1192293
00428GCF_000980105.1_gtlEnvA5udCFS_Genomic.fna,260,0.41572426060859535,31713,76135,81734,850011,845769,1199516,1183802
00429GCF_000980135.1_gtlEnvA5udCFS_Genomic.fna,159,0.41569264201988193,31859,75308,81572,847588,847220,1198437,1183825
00430GCF_000980155.1_gtlEnvA5udCFS_Genomic.fna,148,0.4161267769281258,30779,73394,78960,826231,826605,1159899,1159218
00431GCF_000980175.1_gtlEnvA5udCFS_Genomic.fna,142,0.4156613249434981,31793,75696,81662,849680,848405,1194632,1192544
00432GCF_000993805.1_ASM99380v1_Genomic.fna,1,0.4794012369803783,25597,25386,25660,388442,384348,418231,420969
00433GCF_001006045.1_ASM100604v1_Genomic.fna,1,0.5310861846398075,11690,34123,14128,475206,464867,416156,413866
00434GCF_001006085.1_ASM100608v1_Genomic.fna,58,0.5306171663117809,17648,21187,13109,320190,313516,281842,278733
00435GCF_001011115.1_ASM101111v1_Genomic.fna,2,0.628475748278078,8013,25006,5295,695129,693639,413302,407670
00436GCF_001017125.1_ASM101712v1_Genomic.fna,15,0.6232985877524841,10252,30197,8747,775164,775836,470008,467366
00437GCF_001027005.1_ASM102700v1_Genomic.fna,1,0.3917805425385783,45056,84736,100193,882208,881264,1384562,1353139
00438GCF_001190965.1_ASM119096v1_Genomic.fna,5,0.6620387584653512,15688,36916,7512,1296859,1297322,656513,667779
00439GCF_001261915.1_Halorubrum_SD626R_Genomic.fna,159,0.6755877183557525,11255,31605,7132,1100270,1094172,525769,527986
00440GCF_001266655.1_ASM126665v1_Genomic.fna,1,0.46225225697969685,34311,41207,37877,513729,499313,593184,585309
00441GCF_001266675.1_ASM126667v1_Genomic.fna,1,0.46225173178020296,34323,41211,37936,513730,499309,593184,585308
00442GCF_001266695.1_ASM126669v1_Genomic.fna,1,0.46224994102301903,34346,41214,37907,513731,499305,593185,585312
00443GCF_001266715.1_ASM126671v1_Genomic.fna,1,0.4622495191726347,34316,41207,37877,513731,499305,593185,585314
00444GCF_001266735.1_ASM126673v1_Genomic.fna,1,0.46224930824773125,34315,41205,37877,513728,499308,593185,585315
00445GCF_001280425.1_ASM128042v1_Genomic.fna,18,0.6204889667201042,19791,49252,11679,1234614,1229339,755156,751877
00446GCF_001280455.1_ASM128045v1_Genomic.fna,17,0.6764620540876959,12789,34411,7305,1208251,1204679,577909,576146
00447GCF_001282785.1_halo7_Genomic.fna,1,0.6794302257516238,9854,25367,3370,963139,963630,456391,452700
00448GCF_001304615.1_ASM130461v1_Genomic.fna,74,0.4130169309387946,30435,58749,67473,674641,675164,964380,953974
00449GCF_001305655.1_ASM130565v1_Genomic.fna,2,0.6276076600673174,8316,25605,5539,707746,706571,421859,417329
00450GCF_001307315.1_Halpeg_cdk2_1_Genomic.fna,3,0.6760402092344252,10846,27459,4075,1004548,1005016,481308,481679
00451GCF_001315885.1_ASM131588v1_Genomic.fna,629,0.26301558721976026,36163,41307,104977,291336,308460,829846,850816
00452GCF_001315925.1_ASM131592v1_Genomic.fna,118,0.5313929469812982,22166,31596,27257,524916,495630,447582,452383
00453GCF_001315945.1_ASM131594v1_Genomic.fna,52,0.5206005626878899,11495,56427,19563,712941,685781,629519,658506
00454GCF_001316025.1_ASM131602v1_Genomic.fna,58,0.45458569721660835,37199,46945,62690,564308,541684,663583,663392
00455GCF_001316045.1_ASM131604v1_Genomic.fna,167,0.38617662994401303,39999,37915,60598,421445,433859,679632,679864
00456GCF_001316065.1_ASM131606v1_Genomic.fna,41,0.5670281076793803,29205,18721,15813,449565,452651,344626,344289
00457GCF_001316085.1_ASM131608v1_Genomic.fna,74,0.42286339779838766,43358,47636,53557,536221,529229,726178,727980
00458GCF_001316105.1_ASM131610v1_Genomic.fna,27,0.5642832547088599,12918,30095,11301,498176,485065,383204,376015
00459GCF_001316225.1_ASM131622v1_Genomic.fna,108,0.3390682155978576,13060,31433,59644,292245,300432,571443,583838
00460GCF_001316245.1_ASM131624v1_Genomic.fna,25,0.46727205250841775,37626,47320,61208,572825,569165,649209,652752
00461GCF_001316265.1_ASM131626v1_Genomic.fna,28,0.4527585382055074,34423,43235,60609,512699,505612,614427,616388
00462GCF_001316285.1_ASM131628v1_Genomic.fna,20,0.45931772074454474,36173,44050,61926,533322,516981,618198,618158
00463GCF_001317345.1_ASM131734v1_Genomic.fna,43,0.3928425767031682,24870,32005,40501,357277,357416,556623,547970
00464GCF_001368915.1_PRJEB5949_assembly_1_Genomic.fna,8,0.6634053032960205,15209,37539,7531,1326952,1321017,676535,666976
00465GCF_001399695.1_ASM139969v1_Genomic.fna,483,0.34384204660147066,13303,32233,57958,300392,300560,572508,574296
00466GCF_001402935.1_ASM140293v1_Genomic.fna,312,0.34171161286596985,12760,31215,58119,291402,300340,566123,573835
00467GCF_001402945.1_ASM140294v1_Genomic.fna,296,0.3398150005421991,14009,32671,60396,303162,301637,590560,584430
00468GCF_001412615.1_ASM141261v1_Genomic.fna,1,0.5391397627378094,46623,22795,20479,541602,549529,464529,468177
00469GCF_001418715.1_ASM141871v1_Genomic.fna,41,0.5345535951358422,17402,34765,19634,547126,550080,478450,476909
00470GCF_001433455.1_ASM143345v1_Genomic.fna,1,0.4183690386974415,22292,48115,45402,505638,493649,700050,689193
00471GCF_001458655.1_Mb9_Genomic.fna,1,0.41143711590653076,25902,43690,61624,512262,514072,728641,739535
00472GCF_001462205.1_HalopeDYS1.0_Genomic.fna,143,0.6827373598307745,10672,29247,4607,1102723,1101074,514535,509552
00473GCF_001462395.1_ASM146239v1_Genomic.fna,2,0.6349702879207464,24364,15866,8983,513659,516092,296398,295582
00474GCF_001469865.1_ASM146986v1_Genomic.fna,716,0.6085347577333892,17605,46436,9834,1168752,1162398,747968,751641
00475GCF_001469875.1_ASM146987v1_Genomic.fna,66,0.6565528854532966,15430,38393,7677,1280861,1280772,669871,670136
00476GCF_001469955.1_ASM146995v1_Genomic.fna,41,0.6253262136164458,17138,41477,9125,1223288,1233967,735786,736516
00477GCF_001477655.1_ASM147765v1_Genomic.fna,1,0.3181091384877527,26240,57516,83783,403379,405744,864358,870058
00478GCF_001481295.1_ASM148129v1_Genomic.fna,50,0.6039569255482382,7291,25644,5950,520300,520412,342972,339472
00479GCF_001481635.1_ASM148163v1_Genomic.fna,1,0.3671305679656444,41952,39063,66855,406943,407089,704954,698296
00480GCF_001481685.1_ASM148168v1_Genomic.fna,1,0.4490045996708887,27254,19760,29726,313596,312615,382622,385832
00481GCF_001482285.1_ASM148228v1_Genomic.fna,56,0.6506336210743588,15993,40483,8394,1295260,1292658,697972,691645
00482GCF_001483125.1_ASM148312v1_Genomic.fna,574,0.6399032037919187,12719,29741,7023,946832,942543,530086,533134
00483GCF_001484195.1_ASM148419v1_Genomic.fna,73,0.5428803443998865,18283,39468,21164,633503,635362,534469,533949
00484GCF_001484685.1_ASM148468v1_Genomic.fna,1,0.44596815354500735,20289,32662,34098,436546,438097,542087,544493
00485GCF_001485535.1_ASM148553v1_Genomic.fna,4,0.6595092503067725,13250,27872,5858,992341,994641,510628,515209
00486GCF_001485555.1_ASM148555v1_Genomic.fna,6,0.6194804062022432,21290,51827,12516,1295081,1297206,796810,795518
00487GCF_001485575.1_ASM148557v1_Genomic.fna,9,0.6095293936559867,23179,56544,14483,1328112,1329004,851454,850721
00488GCF_001488575.1_Halobacterium_hubeiense_JI20-1_Genomic.fna,4,0.6657416363931422,13557,29121,6027,1041182,1042821,523463,522882
00489GCF_001541925.1_ASM154192v1_Genomic.fna,26,0.3139783220983203,18703,29633,38066,215486,218941,487588,461606
00490GCF_001542905.1_ASM154290v1_Genomic.fna,3,0.679719247731133,10123,30699,5344,1132103,1128493,536430,528753
00491GCF_001548675.1_ASM154867v1_Genomic.fna,1,0.34248142675594084,24105,51333,66216,387585,390977,748782,745953
00492GCF_001559955.1_GG12_C01_01_Genomic.fna,16,0.3671111263160596,42450,39218,67033,408356,407181,700839,705123
00493GCF_001559965.1_GG12_C01_03_Genomic.fna,3,0.36707983754995266,42281,39076,66845,407001,405749,698571,702775
00494GCF_001559975.1_GG12_C01_02_Genomic.fna,8,0.36724512771021534,43138,40105,68377,416219,417910,719576,717609
00495GCF_001559985.1_GG12_C01_04_Genomic.fna,9,0.36708698399439776,41958,39118,67098,407819,407838,705209,701106
00496GCF_001560035.1_GG12_C01_05_Genomic.fna,21,0.3671393206846763,42356,39200,67001,408065,406887,700232,704551
00497GCF_001560045.1_GG12_C01_07_Genomic.fna,17,0.3671223017370402,42382,39189,67011,408099,407012,700409,704751
00498GCF_001560065.1_GG12_C01_08_Genomic.fna,6,0.36714076771267534,42518,39251,67152,408794,407520,701439,705683
00499GCF_001560085.1_GG12_C01_10_Genomic.fna,9,0.3670287794821647,41968,39138,67230,407145,408074,705960,699952
00500GCF_001560115.1_GG12_C01_11_Genomic.fna,2,0.3670594790285545,42403,39262,67070,408365,407214,700954,705393
00501GCF_001560125.1_GG12_C01_12_Genomic.fna,5,0.36695475838453345,42337,39138,66974,407361,406221,699618,703918
00502GCF_001560135.1_GG12_C01_13_Genomic.fna,6,0.36704693599734944,42165,39356,67295,405762,409599,704607,701440
00503GCF_001560165.1_GG12_C01_14_Genomic.fna,13,0.36699559593740333,42341,39142,67044,407587,406225,699755,703931
00504GCF_001560195.1_GG12_C01_15_Genomic.fna,16,0.36722919944135163,43209,39913,68236,416164,415782,713534,719988
00505GCF_001560205.1_GG12_C01_16_Genomic.fna,8,0.36704959183205005,42208,38753,67103,402883,412612,700073,706189
00506GCF_001560215.1_GG12_C01_17_Genomic.fna,10,0.36707444810806283,42383,39253,67057,408115,407023,700585,704911
00507GCF_001560245.1_GG12_C01_18_Genomic.fna,5,0.36708561463842376,41904,39087,67025,406982,408096,704852,700473
00508GCF_001560275.1_GG12_C01_20_Genomic.fna,8,0.3670051740438023,42317,39202,67082,407839,406602,700271,704442
00509GCF_001560285.1_GG12_C01_21_Genomic.fna,12,0.3669629138021829,42354,39175,67024,407547,406365,699883,704173
00510GCF_001560305.1_GG12_C01_22_Genomic.fna,12,0.3671000274887454,42370,39162,67059,407892,406736,700068,704394
00511GCF_001560315.1_NG05A_C04_Genomic.fna,20,0.3673433456471755,42089,38868,66290,404949,404585,693823,700396
00512GCF_001560355.1_NG05A_C05_01_Genomic.fna,15,0.36717208969967763,42085,39244,66745,408400,404490,698110,702921
00513GCF_001560375.1_NG05B_C03_01_Genomic.fna,5,0.3671618995848359,42533,39118,66962,408794,407133,700919,705408
00514GCF_001560385.1_NG05B_C06_02_Genomic.fna,18,0.3672040787104948,43097,39679,68013,414468,413875,710769,716699
00515GCF_001560405.1_NG05B_C06_03_Genomic.fna,17,0.36719603811402934,42706,39306,67413,411180,410651,705059,711236
00516GCF_001560435.1_NG05B_C06_04_Genomic.fna,18,0.3672921528130859,41729,38548,65807,401797,400783,688889,693658
00517GCF_001560455.1_NG05B_C06_05_Genomic.fna,17,0.3672873062711057,41782,38572,65945,402252,401081,689565,694308
00518GCF_001560465.1_NG05B_C06_06_Genomic.fna,43,0.3674363421454826,42836,39716,67774,413859,413651,709963,714645
00519GCF_001560485.1_NG05B_C06_07_Genomic.fna,18,0.3672944344145499,41798,38523,65853,402144,401054,689460,694138
00520GCF_001560515.1_NG05B_C06_11_Genomic.fna,6,0.36719005487333006,42357,39145,66888,407717,407453,699136,705716
00521GCF_001560525.1_NG05B_C06_12_Genomic.fna,7,0.367079811065934,42551,39759,67664,409504,412420,711106,706058
00522GCF_001560555.1_NG05B_C06_13_Genomic.fna,10,0.3671986568200376,42500,39191,66855,408392,408249,700371,706964
00523GCF_001560565.1_NG05B_CO5_01_Genomic.fna,21,0.3671217207845574,42363,39146,67073,408066,407170,700575,704804
00524GCF_001560595.1_NG05B_CO5_02_Genomic.fna,14,0.3671099125035306,42563,39755,67938,409418,413319,717033,701349
00525GCF_001560605.1_NG05B_CO5_03_Genomic.fna,8,0.3674538915575464,41798,39111,66269,406119,401753,701474,689221
00526GCF_001560635.1_NG05B_CO5_04_Genomic.fna,5,0.3671072924146147,42370,39249,67068,408428,407559,701189,705572
00527GCF_001560645.1_NG05B_CO5_05_Genomic.fna,19,0.3672296097951112,42317,39028,66741,407097,407000,697970,704794
00528GCF_001560675.1_NG05B_CO5_06_Genomic.fna,7,0.36706054910980546,42534,39660,67570,409991,412849,711368,707493
00529GCF_001560685.1_NG05B_CO5_08_Genomic.fna,8,0.36749986690092107,41581,38402,65570,400759,399960,686472,691637
00530GCF_001560715.1_NG05B_CO5_09_Genomic.fna,4,0.3674268493230076,42157,38901,66373,405778,405718,695201,701895
00531GCF_001560725.1_NG05B_CO5_10_Genomic.fna,7,0.3671675958923893,42424,39617,68084,410246,412223,712293,705275
00532GCF_001560755.1_NG05B_CO5_11_Genomic.fna,6,0.3675100129590267,41640,38343,65545,400862,400007,686732,691575
00533GCF_001560765.1_NG05B_CO5_12_Genomic.fna,7,0.36698579733509257,42564,39416,67456,410140,409816,704283,710060
00534GCF_001560795.1_NG05B_CO5_13_Genomic.fna,4,0.3671684190625904,42161,39319,66899,405460,408295,703385,699159
00535GCF_001560815.1_NG05B_CO5_14_Genomic.fna,10,0.36707376273505676,42434,39581,67591,409061,412888,709292,707952
00536GCF_001560835.1_NG05B_CO5_15_Genomic.fna,4,0.3674998236604451,41999,38633,66031,403712,403856,691515,698382
00537GCF_001560915.1_ASM156091v1_Genomic.fna,1,0.5400395482908161,10670,32959,11716,524169,522365,447866,443484
00538GCF_001563245.1_ASM156324v1_Genomic.fna,1,0.26931850137629915,35962,39290,101725,296504,296318,803111,805260
00539GCF_001571385.1_ASM157138v1_Genomic.fna,3,0.6033496209724756,10170,40238,8116,818798,818644,538113,538364
00540GCF_001571405.1_ASM157140v1_Genomic.fna,23,0.5932506957060308,11165,33407,10170,660277,658686,447953,456365
00541GCF_001577775.1_ASM157777v1_Genomic.fna,1,0.4462214889476048,27869,35851,38495,454622,427615,541989,552902
00542GCF_001592435.1_ASM159243v1_Genomic.fna,2,0.5173597340241505,17777,33849,19857,490612,490360,456581,458559
00543GCF_001593955.1_ASM159395v1_Genomic.fna,23,0.6166953313928746,22273,48431,13336,1231572,1223185,763101,762644
00544GCF_001602375.1_ASM160237v1_Genomic.fna,15,0.6204135828915481,10418,31328,8277,759021,758595,459973,468547
00545GCF_001625445.1_ASM162544v1_Genomic.fna,34,0.601850255925998,21823,58000,15516,1473013,1474084,976087,973544
00546GCF_001639265.1_ASM163926v1_Genomic.fna,295,0.2698480722917914,42896,47276,122773,354804,348538,960962,942133
00547GCF_001639275.1_ASM163927v1_Genomic.fna,136,0.27708240192210576,30882,42488,91301,303359,289755,769698,777757
00548GCF_001639285.1_ASM163928v1_Genomic.fna,169,0.2679564130868059,45424,50775,116374,359068,340041,958704,951227
00549GCF_001639295.1_ASM163929v1_Genomic.fna,232,0.2572363032219967,36309,41117,113914,310232,310952,902107,891547
00550GCF_001647085.1_ASM164708v1_Genomic.fna,1,0.5110700724386719,18744,33916,22290,495361,490393,471980,471070
00551GCF_001647155.1_ASM164715v1_Genomic.fna,46,0.6166704065689306,23064,54745,13370,1334909,1336300,822523,837932
00552GCF_001663375.1_ASM166337v1_Genomic.fna,86,0.48467684538925276,40483,41846,57037,548335,547388,582354,582652
00553GCF_001719125.1_ASM171912v1_Genomic.fna,1,0.34775262905927457,56384,45405,95050,467326,467544,876289,877160
00554GCF_001723155.1_ASM172315v1_Genomic.fna,420,0.6032035395196482,24787,61768,17596,1568654,1563522,1037149,1023244
00555GCF_001729285.1_ASM172928v1_Genomic.fna,70,0.33243892784268075,39337,58901,115105,549286,557598,1120043,1102659
00556GCF_001729375.1_ASM172937v1_Genomic.fna,390,0.39269016753989144,41841,79454,94389,837193,842066,1292480,1304556
00557GCF_001729385.1_ASM172938v1_Genomic.fna,58,0.30062759437259073,20920,40148,67392,276328,267786,637084,628729
00558GCF_001729395.1_ASM172939v1_Genomic.fna,167,0.27743509006552497,24006,29348,61441,216398,215516,568889,556008
00559GCF_001729455.1_ASM172945v1_Genomic.fna,112,0.31299168916835624,21136,34965,61982,267845,268142,588565,587912
00560GCF_001729965.1_ASM172996v1_Genomic.fna,37,0.276968086828993,26968,31882,68216,236686,242245,606102,644159
00561GCF_001748385.1_ASM174838v1_Genomic.fna,10,0.49075507855142625,27931,36738,45493,495148,497465,512591,517420
00562GCF_001767315.1_ASM176731v1_Genomic.fna,1,0.6376365484704289,7385,22147,4119,628957,628644,357358,357326
00563GCF_001861355.1_ASM186135v1_Genomic.fna,61,0.6147327445404809,22219,55007,12629,1406741,1409287,884624,880246
00564GCF_001886955.1_ASM188695v1_Genomic.fna,1,0.6362117541816739,7735,23888,4553,663556,663548,380190,378653
00565GCF_001888095.1_ASM188809v1_Genomic.fna,15,0.42064934209765714,15363,39512,31451,417447,419405,579073,573504
00566GCF_001889405.1_ASM188940v1_Genomic.fna,1,0.4240044291533199,15548,40118,31832,429598,428146,589713,575503
00567GCF_001950595.1_ASM195059v1_Genomic.fna,2,0.6536351237915,9897,26257,4909,840948,841750,445253,446418
00568GCF_001953745.1_ASM195374v1_Genomic.fna,3,0.6525399692861839,17255,38142,8859,1296601,1300912,686766,696340
00569GCF_001971705.1_ASM197170v1_Genomic.fna,4,0.6135257728303565,16748,43589,11533,1177907,1175457,742973,739466
00570GCF_001989615.1_ASM198961v1_Genomic.fna,3,0.6558166833907031,14724,37967,6450,1241744,1236582,650159,650507
00571GCF_002025255.1_ASM202525v1_Genomic.fna,5,0.6675665853428158,13034,33700,5323,1159008,1159141,575654,578733
00572GCF_002072215.1_ASM207221v1_Genomic.fna,40,0.25442260447284765,39349,41355,120935,296515,325576,926550,896468
00573GCF_002077075.1_ASM207707v1_Genomic.fna,178,0.46201086528619795,37494,42218,55388,543417,542163,635528,628577
00574GCF_002078205.1_ASM207820v1_Genomic.fna,80,0.6089438378058762,16884,16806,10114,472731,470618,301834,303973
00575GCF_002078355.1_ASM207835v1_Genomic.fna,1,0.3649252522244798,18111,31928,48957,335533,331165,583148,577098
00576GCF_002114285.1_ASM211428v1_Genomic.fna,155,0.6659344257745834,13585,36889,8485,1198856,1200872,600016,603806
00577GCF_002135005.1_ASM213500v1_Genomic.fna,402,0.7011716181643893,8930,26642,4375,1159612,1159856,494767,493754
00578GCF_002135045.1_ASM213504v1_Genomic.fna,137,0.6899789980809962,9549,27368,4880,1086567,1084040,490584,484712
00579GCF_002153915.1_ASM215391v1_Genomic.fna,8,0.3789764256183054,24372,22892,30427,285525,287930,454295,485418
00580GCF_002156705.1_ASM215670v1_Genomic.fna,1,0.6410828719048846,15203,41646,7955,1261367,1258440,703280,707461
00581GCF_002156965.1_ASM215696v1_Genomic.fna,1,0.31437365035413384,17488,31414,37833,211779,215794,464438,468068
00582GCF_002177135.1_ASM217713v1_Genomic.fna,8,0.6020221069592189,18205,50042,12650,1176332,1180183,777453,780365
00583GCF_002194565.1_Pdsh-A1.0_Genomic.fna,9,0.5387945255906803,47697,23502,21020,553277,547380,472921,469236
00584GCF_002197185.1_ASM219718v1_Genomic.fna,1,0.5568574449124514,15099,30546,14292,516290,516631,408264,413726
00585GCF_002201915.1_ASM220191v1_Genomic.fna,1,0.5767432754630439,13061,20340,9569,412943,411921,303112,302234
00586GCF_002208625.1_ASM220862v1_Genomic.fna,300,0.24415426646811775,27273,32859,99173,235194,233893,726753,725433
00587GCF_002214165.1_ASM221416v1_Genomic.fna,1,0.3935546946786536,10987,16342,22060,189165,185601,295415,282078
00588GCF_002214365.1_ASM221436v1_Genomic.fna,1,0.5644751157181112,13586,28894,16888,527056,526718,407592,405455
00589GCF_002214385.1_ASM221438v1_Genomic.fna,1,0.5166678214994828,15637,28288,18832,434193,430773,408404,400754
00590GCF_002214465.1_ASM221446v1_Genomic.fna,1,0.5469228644506068,15410,32465,16469,526886,524530,436031,434974
00591GCF_002214485.1_ASM221448v1_Genomic.fna,1,0.5424077729710054,15628,29534,16385,485297,483267,408373,408738
00592GCF_002214505.1_ASM221450v1_Genomic.fna,1,0.5499396304893134,17024,32909,17078,557584,558337,453123,460126
00593GCF_002214525.1_ASM221452v1_Genomic.fna,1,0.5487943420758855,10913,24308,15572,420974,414741,345669,341436
00594GCF_002214545.1_ASM221454v1_Genomic.fna,1,0.5345289178991595,17369,35316,19707,551963,552339,480320,481313
00595GCF_002214565.1_ASM221456v1_Genomic.fna,1,0.5559766975995617,15353,30667,14451,518305,520811,415429,414447
00596GCF_002214585.1_ASM221458v1_Genomic.fna,2,0.5308628983985015,18819,34559,20273,543280,541352,481387,477130
00597GCF_002214605.1_ASM221460v1_Genomic.fna,1,0.4492177306236952,27887,34300,36383,443014,438344,543265,537361
00598GCF_002215285.1_ASM221528v1_Genomic.fna,277,0.6539068228037579,11947,34249,7806,1072541,1071507,569153,565627
00599GCF_002215305.1_ASM221530v1_Genomic.fna,193,0.6437096013889045,14651,40198,9783,1169810,1169394,643009,651730
00600GCF_002215405.1_ASM221540v1_Genomic.fna,1,0.3674787897542448,41373,38198,65307,398652,399362,683261,690317
00601GCF_002215445.1_ASM221544v1_Genomic.fna,1,0.367397879698036,43282,39915,68470,416847,417270,714654,721566
00602GCF_002215485.1_ASM221548v1_Genomic.fna,1,0.3675767227049878,43560,40271,68943,419992,420549,719720,726448
00603GCF_002215525.1_ASM221552v1_Genomic.fna,1,0.3669616803852737,42661,39455,67668,410319,411015,705127,711740
00604GCF_002215565.1_ASM221556v1_Genomic.fna,1,0.36708117479561747,42548,39368,67274,409054,408014,702200,706583
00605GCF_002243045.1_ASM224304v1_Genomic.fna,106,0.41328761682309434,27820,66971,53337,644800,663140,924219,932562
00606GCF_900003505.1_ASM90000350v1_Genomic.fna,16,0.6645438342282256,14047,30153,6364,1073096,1071894,541438,541335
00607GCF_900003515.1_ASM90000351v1_Genomic.fna,10,0.6645432894958692,14050,30164,6328,1073716,1070409,540306,542033
00608GCF_900003525.1_ASM90000352v1_Genomic.fna,12,0.6645210919236066,13944,30143,6308,1071999,1073824,541056,542248
00609GCF_900003565.1_ASM90000356v1_Genomic.fna,10,0.6645251575706207,14165,30072,6355,1074683,1071193,542039,541272
00610GCF_900003575.1_ASM90000357v1_Genomic.fna,18,0.6645351812815927,13782,30221,6325,1071508,1073476,542468,540344
00611GCF_900004275.1_ASM90000427v1_Genomic.fna,11,0.6645499485277512,13862,30014,6321,1071416,1073720,543849,538968
00612GCF_900005775.1_ASM90000577v1_Genomic.fna,15,0.6645193954238753,13922,30107,6301,1072144,1073835,540979,542412
00613GCF_900012635.1_Pyrococcus_chitonophagus_genome_sequence_Genomic.fna,1,0.44920462945663386,27623,33095,36664,432390,452385,544120,540753
00614GCF_900036045.1_Methanoculleus_sp_MAB1_Genomic.fna,1,0.6025750340467708,13263,44130,11768,864460,858484,562473,573885
00615GCF_900064395.1_ASM90006439v1_Genomic.fna,207,0.43192052741967235,25595,36646,39772,470002,466790,612233,619874
00616GCF_900069765.1_ASM90006976v1_Genomic.fna,206,0.48739928113706404,14190,38911,24898,498355,494529,524465,519757
00617GCF_900079115.1_SSOP1_Genomic.fna,1,0.35835004655531844,59733,49258,99039,544793,542450,968859,977923
00618GCF_900079125.1_MBBA_Genomic.fna,1,0.6088705236103451,12002,39157,9656,775813,777532,494739,503107
00619GCF_900090055.1_C.divulgatum_PM4_Genomic.fna,1,0.3716067589928038,19899,40323,42887,347735,350484,589469,591231
00620GCF_900095295.1_MCBB_Genomic.fna,2,0.384897494591179,22097,53038,58879,475821,474713,758965,760078
00621GCF_900095385.1_L21_Genomic.fna,70,0.6183676543141837,11965,33683,9821,815716,822437,507241,503763
00622GCF_900095815.1_SIV6_Genomic.fna,1,0.48886176471285653,11500,41046,22188,413093,411564,430864,431371
00623GCF_900100335.1_IMG-taxon_2636416021_annotated_assembly_Genomic.fna,11,0.6355279170724866,19696,47073,11165,1474017,1476000,849005,842815
00624GCF_900100385.1_IMG-taxon_2651870124_annotated_assembly_Genomic.fna,56,0.6107479325921995,15741,38993,10756,1003199,1002758,639914,638556
00625GCF_900100715.1_IMG-taxon_2642422561_annotated_assembly_Genomic.fna,20,0.40266978021063954,25554,67748,51445,593611,592417,890634,868749
00626GCF_900100875.1_IMG-taxon_2671180169_annotated_assembly_Genomic.fna,9,0.6571552102427122,15508,33587,8341,1271936,1272429,662177,665245
00627GCF_900102305.1_IMG-taxon_2651870125_annotated_assembly_Genomic.fna,55,0.6502502998558259,16020,42331,7658,1307169,1311889,701930,706781
00628GCF_900103505.1_IMG-taxon_2651870127_annotated_assembly_Genomic.fna,73,0.6731242376877872,13450,33061,5224,1267022,1269957,620619,611363
00629GCF_900103715.1_IMG-taxon_2617270902_annotated_assembly_Genomic.fna,11,0.6514210932964054,15774,38298,6253,1228332,1227676,656855,657368
00630GCF_900104065.1_IMG-taxon_2636416047_annotated_assembly_Genomic.fna,9,0.6287156182719474,17912,39159,9691,1260029,1260993,737026,751749
00631GCF_900106715.1_IMG-taxon_2693429892_annotated_assembly_Genomic.fna,55,0.6178943875263421,19731,49494,11710,1203019,1204507,745336,743477
00632GCF_900106905.1_IMG-taxon_2642422606_annotated_assembly_Genomic.fna,10,0.4244084316196593,15618,39903,32032,429968,430122,597283,569189
00633GCF_900107195.1_IMG-taxon_2617270777_annotated_assembly_Genomic.fna,30,0.6411347986124464,14183,42078,8192,1201897,1205627,674239,673335
00634GCF_900107205.1_IMG-taxon_2654587885_annotated_assembly_Genomic.fna,27,0.6548711096212102,12453,35768,8202,1120980,1121651,588401,593506
00635GCF_900107665.1_IMG-taxon_2617270898_annotated_assembly_Genomic.fna,10,0.651102049518936,12017,28883,5590,902842,904978,483051,485683
00636GCF_900108095.1_IMG-taxon_2617270925_annotated_assembly_Genomic.fna,6,0.6110419449872421,16897,43855,11524,1156853,1154327,737799,733380
00637GCF_900108505.1_IMG-taxon_2651870118_annotated_assembly_Genomic.fna,41,0.6448066456164334,10899,34720,7092,1008822,1013694,558064,556044
00638GCF_900109065.1_IMG-taxon_2693429898_annotated_assembly_Genomic.fna,78,0.588048127772416,18451,45256,13198,964928,966569,670308,682785
00639GCF_900109425.1_IMG-taxon_2654588132_annotated_assembly_Genomic.fna,3,0.5345334921280428,17507,35084,19820,551565,552546,486932,474517
00640GCF_900109595.1_IMG-taxon_2654588138_annotated_assembly_Genomic.fna,20,0.30240971157368446,21321,40710,68833,284875,278967,646962,653693
00641GCF_900109695.1_IMG-taxon_2639762639_annotated_assembly_Genomic.fna,24,0.6163386453865716,17908,42822,10448,1199484,1197661,747528,744658
00642GCF_900110215.1_IMG-taxon_2654588107_annotated_assembly_Genomic.fna,121,0.6345852866227651,21785,55388,11619,1546459,1543965,891377,888189
00643GCF_900110455.1_IMG-taxon_2671180170_annotated_assembly_Genomic.fna,8,0.654485134641745,17881,40614,9797,1396879,1397747,737087,738248
00644GCF_900110465.1_IMG-taxon_2617270928_annotated_assembly_Genomic.fna,61,0.6291974370144388,24149,59011,12651,1632616,1627249,960175,960949
00645GCF_900110535.1_IMG-taxon_2617270915_annotated_assembly_Genomic.fna,2,0.6792788680040179,10875,25330,3599,1002804,1002972,473750,473276
00646GCF_900110865.1_IMG-taxon_2639762573_annotated_assembly_Genomic.fna,11,0.649798284599956,19041,46256,9830,1575800,1577430,850821,848578
00647GCF_900111485.1_IMG-taxon_2642422550_annotated_assembly_Genomic.fna,92,0.6104248817134322,19672,49996,12619,1208020,1208154,769317,772693
00648GCF_900111645.1_IMG-taxon_2642422537_annotated_assembly_Genomic.fna,15,0.4344269983871895,17779,51208,31929,510031,494952,629666,678704
00649GCF_900111935.1_IMG-taxon_2617270732_annotated_assembly_Genomic.fna,9,0.6902382856028481,8786,25516,5210,1037690,1054093,467718,471022
00650GCF_900112175.1_IMG-taxon_2617270920_annotated_assembly_Genomic.fna,7,0.6764974350156192,14547,35070,5454,1416240,1416363,677079,677478
00651GCF_900112205.1_IMG-taxon_2693429869_annotated_assembly_Genomic.fna,31,0.6543321355857395,17524,40793,9123,1471451,1469840,776905,776908
00652GCF_900113245.1_IMG-taxon_2617270917_annotated_assembly_Genomic.fna,14,0.6502361471617998,14090,30699,7101,1146071,1148851,620705,613740
00653GCF_900114025.1_IMG-taxon_2693429900_annotated_assembly_Genomic.fna,86,0.6232420958096054,17531,37862,9548,1159501,1161121,696813,706033
00654GCF_900114435.1_IMG-taxon_2667527389_annotated_assembly_Genomic.fna,6,0.6622130209654667,17062,39988,7241,1407053,1406808,714058,721259
00655GCF_900114455.1_IMG-taxon_2619618990_annotated_assembly_Genomic.fna,17,0.6220460370602013,22229,51538,10230,1421542,1418974,861225,864667
00656GCF_900114585.1_IMG-taxon_2593339150_annotated_assembly_Genomic.fna,49,0.26807074917123946,34563,36982,99976,279611,289274,785334,767926
00657GCF_900114835.1_IMG-taxon_2642422540_annotated_assembly_Genomic.fna,18,0.42583387289799185,27906,71019,44080,660204,662393,893427,889875
00658GCF_900115675.1_IMG-taxon_2663762745_annotated_assembly_Genomic.fna,37,0.6708993758188245,12233,30314,5131,1059248,1061318,519369,520846
00659GCF_900115785.1_IMG-taxon_2617270895_annotated_assembly_Genomic.fna,8,0.6585244855819711,13686,32209,5673,1187399,1194004,613622,621246
00660GCF_900116205.1_IMG-taxon_2639762563_annotated_assembly_Genomic.fna,16,0.6145096560566115,19887,45893,13315,1263730,1260766,794789,788862
00661GCF_900129775.1_IMG-taxon_2695420988_annotated_assembly_Genomic.fna,16,0.6855390497282212,9446,28907,3964,1098302,1100740,500196,508518
00662GCF_900142335.1_IMG-taxon_2698536698_annotated_assembly_Genomic.fna,14,0.6181538348049542,18730,46299,12292,1329573,1318420,822633,813086
00663GCF_900156425.1_IMG-taxon_2681812914_annotated_assembly_Genomic.fna,11,0.5699134597128196,25959,60997,20841,1331569,1330894,1008939,1000295
00664GCF_900156445.1_IMG-taxon_2681812915_annotated_assembly_Genomic.fna,14,0.6135880732718836,17106,43531,11651,1177754,1172897,742961,737380
00665GCF_900156475.1_IMG-taxon_2681812919_annotated_assembly_Genomic.fna,62,0.6094871088218803,19252,52064,13228,1279931,1285449,819903,823797
00666GCF_900176435.1_IMG-taxon_2579779151_annotated_assembly_Genomic.fna,6,0.3597837245910615,11864,30327,46886,277082,274882,489359,492832
00667GCF_900177455.1_IMG-taxon_2706794887_annotated_assembly_Genomic.fna,9,0.4194731757571232,16611,40534,33797,430365,445870,626066,586593
00668GCF_900188065.1_IMG-taxon_2724679803_annotated_assembly_Genomic.fna,72,0.6289465360882842,13582,44538,11181,1095127,1092261,642047,648425
00669GCF_900188075.1_IMG-taxon_2724679704_annotated_assembly_Genomic.fna,49,0.6642233369531484,14211,38064,8855,1223750,1211860,616519,614725
