00001GCF_000002435.1_GL2.fna,6503.00,163.00,0.03,2224.00,2190.00,1926.00,0.35,0.35,0.30,0.49,142771.00,85403.00,91905.00,0.45,0.27,0.29,2069666.00,2107182.00,2235313.00,2049660.00,8460000.00,00001GCF_000002435.1_GL2.fna,92.00,0.49,130318.00,177467.00,123962.00,2599541.00,2604170.00,2714620.00,2706283.00,TRUE,10624614.00,2162793.00,0.30,0.41,0.29,0.20,1026863.00,1135930.00,0.47,44915.00,34696.00,32057.00
00002GCF_000002445.1_ASM244v1.fna,8725.00,267.00,0.03,3122.00,2372.00,2964.00,0.37,0.28,0.35,0.51,267083.00,85559.00,118175.00,0.57,0.18,0.25,3646509.00,3083843.00,3304187.00,3202194.00,13200000.00,00002GCF_000002445.1_ASM244v1.fna,12.00,0.48,186086.00,376300.00,286370.00,5404978.00,5417298.00,5738909.00,5789679.00,TRUE,22350864.00,9114131.00,0.22,0.44,0.34,0.41,4091924.00,5022207.00,0.45,100527.00,109217.00,168195.00
00003GCF_000002725.2_ASM272v2.fna,8328.00,205.00,0.02,3485.00,2978.00,1660.00,0.43,0.37,0.20,0.62,205419.00,49812.00,32733.00,0.71,0.17,0.11,4991358.00,4893502.00,3055570.00,2888482.00,15800000.00,00003GCF_000002725.2_ASM272v2.fna,36.00,0.59,147188.00,346927.00,91253.00,7659766.00,7705776.00,5394451.00,5443222.00,TRUE,26203215.00,10374303.00,0.25,0.59,0.16,0.40,5480682.00,4893621.00,0.53,97376.00,141508.00,58520.00
00004GCF_000002765.3_ASM276v1.fna,5340.00,150.00,0.03,1084.00,519.00,3587.00,0.21,0.10,0.69,0.24,328572.00,154786.00,644940.00,0.29,0.14,0.57,1720030.00,1206744.00,5543199.00,3814884.00,12300000.00,00004GCF_000002765.3_ASM276v1.fna,15.00,0.29,115127.00,172771.00,293405.00,1324582.00,1317008.00,3171824.00,3173313.00,TRUE,8986727.00,-3298130.00,0.20,0.30,0.50,-0.37,-285184.00,-3012946.00,0.09,-39659.00,-155801.00,-351535.00
00005GCF_000002825.2_ASM282v1.fna,62874.00,9189.00,0.15,10413.00,6643.00,36629.00,0.19,0.12,0.68,0.36,1261453.00,486564.00,1112007.00,0.44,0.17,0.39,9828675.00,9788448.00,19921033.00,15549329.00,55100000.00,00005GCF_000002825.2_ASM282v1.fna,64769.00,0.33,799822.00,1904270.00,2180789.00,13389435.00,13311897.00,27377502.00,27500130.00,TRUE,81578964.00,26491479.00,0.16,0.39,0.45,0.32,7084209.00,19407270.00,0.27,313258.00,642817.00,1068782.00
00006GCF_000002845.2_ASM284v2.fna,8456.00,444.00,0.05,3272.00,2859.00,1881.00,0.41,0.36,0.23,0.60,222487.00,61715.00,45011.00,0.68,0.19,0.14,4750475.00,4698143.00,3198549.00,3011907.00,15700000.00,00006GCF_000002845.2_ASM284v2.fna,138.00,0.57,174925.00,379098.00,119400.00,7454538.00,7502559.00,5597294.00,5622801.00,TRUE,26177192.00,10518118.00,0.26,0.56,0.18,0.40,5508479.00,5009639.00,0.52,113210.00,156611.00,74389.00
00007GCF_000002875.2_ASM287v2.fna,8296.00,343.00,0.04,3418.00,2906.00,1629.00,0.43,0.37,0.20,0.62,201771.00,49229.00,33150.00,0.71,0.17,0.12,4922700.00,4858526.00,3035339.00,2846809.00,15700000.00,00007GCF_000002875.2_ASM287v2.fna,76.00,0.59,145055.00,338155.00,92678.00,7468115.00,7514834.00,5269878.00,5320178.00,TRUE,25573005.00,9909631.00,0.25,0.59,0.16,0.39,5201723.00,4707908.00,0.52,95826.00,136384.00,59528.00
00008GCF_000003085.2_ASM308v2.fna,8150.00,1752.00,0.21,1196.00,898.00,4304.00,0.19,0.14,0.67,0.25,250370.00,135464.00,478168.00,0.29,0.16,0.55,1440522.00,1085263.00,4499775.00,3147911.00,10200000.00,00008GCF_000003085.2_ASM308v2.fna,5687.00,0.34,135924.00,192036.00,314895.00,1861548.00,1836696.00,3661909.00,3619175.00,TRUE,10979328.00,805857.00,0.21,0.30,0.49,0.07,1172459.00,-366602.00,1.45,460.00,-58334.00,-163273.00
00009GCF_000003225.3_ASM322v1.fna,3799.00,100.00,0.03,517.00,502.00,2680.00,0.14,0.14,0.72,0.36,144635.00,70881.00,180432.00,0.37,0.18,0.46,1143502.00,1042381.00,2154698.00,1776675.00,6120000.00,00009GCF_000003225.3_ASM322v1.fna,8.00,0.37,96174.00,142968.00,167271.00,1229123.00,1227486.00,2113128.00,2114838.00,TRUE,6684575.00,567319.00,0.24,0.35,0.41,0.08,270726.00,296593.00,0.48,25293.00,-1667.00,-13161.00
00010GCF_000004695.1_dicty_2.7.fna,13417.00,542.00,0.04,766.00,796.00,11313.00,0.06,0.06,0.88,0.28,454050.00,286248.00,917375.00,0.27,0.17,0.55,2914686.00,2928918.00,8614683.00,6751800.00,21200000.00,00010GCF_000004695.1_dicty_2.7.fna,41.00,0.32,183981.00,387140.00,438489.00,2596314.00,2598082.00,5448102.00,5446316.00,TRUE,16088814.00,-5121273.00,0.18,0.38,0.43,-0.32,-649208.00,-4472065.00,0.13,-102267.00,-66910.00,-478886.00
00011GCF_000004825.1_PolPal_Dec2009.fna,12352.00,349.00,0.03,1340.00,1307.00,9356.00,0.11,0.11,0.78,0.38,371796.00,189166.00,361504.00,0.40,0.21,0.39,3506712.00,3813553.00,6608240.00,5290028.00,19200000.00,00011GCF_000004825.1_PolPal_Dec2009.fna,43.00,0.39,261871.00,508456.00,381844.00,4311518.00,4322548.00,6871004.00,6875841.00,TRUE,22380911.00,3162378.00,0.23,0.44,0.33,0.14,1313801.00,1848577.00,0.42,72705.00,136660.00,20340.00
00012GCF_000004985.1_V1.0.fna,16311.00,1651.00,0.10,1710.00,1608.00,11342.00,0.12,0.11,0.77,0.34,641811.00,230482.00,457111.00,0.48,0.17,0.34,4344475.00,3840297.00,8282958.00,7261964.00,23700000.00,00012GCF_000004985.1_V1.0.fna,784.00,0.36,315948.00,666782.00,585313.00,5078657.00,5078263.00,9074385.00,9053229.00,TRUE,28284534.00,4554840.00,0.20,0.43,0.37,0.16,1972148.00,2582692.00,0.43,85466.00,24971.00,128202.00
00013GCF_000005395.1_ASM539v1.fna,13552.00,6982.00,0.52,1316.00,1014.00,4240.00,0.20,0.15,0.65,0.25,196899.00,110822.00,383047.00,0.29,0.16,0.55,1172320.00,912366.00,3661950.00,2665300.00,8410000.00,00013GCF_000005395.1_ASM539v1.fna,7479.00,0.31,119089.00,160811.00,268670.00,1401994.00,1392284.00,3052534.00,3032633.00,TRUE,8879445.00,467509.00,0.22,0.29,0.49,0.05,709592.00,-242083.00,1.52,8267.00,-36088.00,-114377.00
00014GCF_000006355.1_ASM635v1.fna,5232.00,325.00,0.06,1876.00,1430.00,1601.00,0.38,0.29,0.33,0.40,234655.00,108286.00,230776.00,0.41,0.19,0.40,2502459.00,2009476.00,3966135.00,2702100.00,11200000.00,00014GCF_000006355.1_ASM635v1.fna,14.00,0.43,167637.00,260696.00,292223.00,3492172.00,3509288.00,4659614.00,4675418.00,TRUE,16336492.00,5156322.00,0.23,0.36,0.41,0.32,2489525.00,2666797.00,0.48,59351.00,26041.00,61447.00
00015GCF_000006405.1_JCVI_PMG_1.0.fna,27197.00,8226.00,0.30,8192.00,5327.00,5452.00,0.43,0.28,0.29,0.51,498806.00,190744.00,195871.00,0.56,0.22,0.22,6337373.00,5357361.00,5671041.00,5545294.00,22900000.00,00015GCF_000006405.1_JCVI_PMG_1.0.fna,17897.00,0.48,928326.00,1455155.00,839707.00,17476758.00,17536699.00,19039379.00,19058644.00,TRUE,73111480.00,50200411.00,0.29,0.45,0.26,0.69,23318723.00,26881688.00,0.46,737582.00,956349.00,643836.00
00016GCF_000006425.1_ASM642v1.fna,3958.00,338.00,0.09,623.00,816.00,2181.00,0.17,0.23,0.60,0.33,122133.00,71151.00,152979.00,0.35,0.21,0.44,944156.00,789671.00,1927783.00,1630743.00,5290000.00,00016GCF_000006425.1_ASM642v1.fna,1422.00,0.35,92062.00,136976.00,179732.00,1161043.00,1191744.00,2213301.00,2223829.00,TRUE,6789917.00,1497564.00,0.23,0.34,0.44,0.22,618960.00,878604.00,0.41,20911.00,14843.00,26753.00
00017GCF_000006515.1_JCVI_cmg_v1.0.fna,3951.00,132.00,0.03,560.00,916.00,2343.00,0.15,0.24,0.61,0.30,159870.00,121750.00,241594.00,0.31,0.23,0.46,1141899.00,944500.00,2590987.00,2255264.00,6930000.00,00017GCF_000006515.1_JCVI_cmg_v1.0.fna,84.00,0.33,126312.00,140981.00,210315.00,1143893.00,1143771.00,2374894.00,2370841.00,TRUE,7033399.00,100749.00,0.26,0.30,0.44,0.01,201265.00,-100516.00,2.00,4562.00,-18889.00,-31279.00
00018GCF_000006565.1_JCVI_tgg_v1.0.fna,8005.00,225.00,0.03,3643.00,2062.00,2075.00,0.47,0.27,0.27,0.58,205228.00,52450.00,39120.00,0.69,0.18,0.13,5315359.00,5074319.00,3928727.00,3571308.00,17900000.00,00018GCF_000006565.1_JCVI_tgg_v1.0.fna,381.00,0.53,367387.00,778995.00,326532.00,14195290.00,14191467.00,12557033.00,12561367.00,TRUE,53505157.00,35615444.00,0.25,0.53,0.22,0.67,17997079.00,17618365.00,0.51,314937.00,573767.00,287412.00
00019GCF_000006565.2_TGA4.fna,8358.00,278.00,0.03,3807.00,2173.00,2100.00,0.47,0.27,0.26,0.58,227935.00,61092.00,45993.00,0.68,0.18,0.14,5890454.00,5717383.00,4378607.00,4078141.00,20100000.00,00019GCF_000006565.2_TGA4.fna,2264.00,0.53,378523.00,798964.00,332789.00,14574958.00,14587810.00,12860414.00,12870631.00,TRUE,54893813.00,34829228.00,0.25,0.53,0.22,0.63,17554931.00,17274297.00,0.50,317431.00,571029.00,286796.00
00020GCF_000142905.1_TheTra_May2010.fna,10740.00,401.00,0.04,4444.00,3260.00,2635.00,0.43,0.32,0.25,0.65,214987.00,32681.00,22180.00,0.80,0.12,0.08,6600511.00,6937346.00,3455288.00,3855927.00,20800000.00,00020GCF_000142905.1_TheTra_May2010.fna,131.00,0.62,94234.00,281120.00,44130.00,6593359.00,6610523.00,4117609.00,4125626.00,TRUE,21447117.00,598045.00,0.22,0.67,0.11,0.03,-333975.00,932020.00,-0.56,61553.00,66133.00,21950.00
00021GCF_000142945.1_ASM14294v1.fna,17920.00,734.00,0.04,5376.00,5307.00,6503.00,0.31,0.31,0.38,0.54,369097.00,108652.00,127653.00,0.61,0.18,0.21,6329396.00,5836951.00,5445359.00,4932127.00,22500000.00,00021GCF_000142945.1_ASM14294v1.fna,4921.00,0.50,1250673.00,2048933.00,1389975.00,30836716.00,30822596.00,31394789.00,31360745.00,TRUE,124414846.00,101871013.00,0.27,0.44,0.30,0.82,49492965.00,52378048.00,0.49,1142021.00,1679836.00,1262322.00
00022GCF_000149405.2_ASM14940v2.fna,13533.00,3778.00,0.28,3686.00,3010.00,3059.00,0.38,0.31,0.31,0.48,384827.00,120026.00,103445.00,0.63,0.20,0.17,4491389.00,3934970.00,4870943.00,4286297.00,17600000.00,00022GCF_000149405.2_ASM14940v2.fna,64.00,0.47,264774.00,594856.00,242384.00,6710595.00,6710655.00,7575126.00,7565896.00,TRUE,28562272.00,10978673.00,0.24,0.54,0.22,0.38,4994891.00,5983782.00,0.45,144748.00,210029.00,138939.00
00023GCF_000149755.1_P.sojae_V3.0.fna,30479.00,8587.00,0.28,7122.00,7331.00,7439.00,0.33,0.33,0.34,0.58,442033.00,95761.00,97620.00,0.70,0.15,0.15,9087233.00,8577367.00,6652740.00,5926270.00,30200000.00,00023GCF_000149755.1_P.sojae_V3.0.fna,82.00,0.54,585537.00,1091299.00,514338.00,18916639.00,18932332.00,16136116.00,16122086.00,TRUE,70107173.00,39863563.00,0.27,0.50,0.23,0.57,20184371.00,19679192.00,0.51,489776.00,649266.00,416718.00
00024GCF_000150955.2_ASM15095v2.fna,11605.00,2687.00,0.23,2447.00,2949.00,3522.00,0.27,0.33,0.39,0.51,222506.00,84390.00,81734.00,0.57,0.22,0.21,3747445.00,3706477.00,3700132.00,3452948.00,14600000.00,00024GCF_000150955.2_ASM15095v2.fna,88.00,0.49,226051.00,395442.00,215058.00,6226282.00,6228448.00,6431351.00,6420334.00,TRUE,25306415.00,10699413.00,0.27,0.47,0.26,0.42,5000808.00,5698605.00,0.47,141661.00,172936.00,133324.00
00025GCF_000151545.1_ASM15154v2.fna,20935.00,2259.00,0.11,3988.00,6782.00,7906.00,0.21,0.36,0.42,0.62,237420.00,36049.00,31567.00,0.78,0.12,0.10,7698576.00,8571317.00,5041064.00,4784421.00,26100000.00,00025GCF_000151545.1_ASM15154v2.fna,1443.00,0.56,280658.00,507972.00,174198.00,11123403.00,11118231.00,8627562.00,8630393.00,TRUE,39499589.00,13404211.00,0.29,0.53,0.18,0.34,5971741.00,7432470.00,0.45,244609.00,270552.00,142631.00
00026GCF_000151665.1_ASM15166v1.fna,6032.00,180.00,0.03,1993.00,1573.00,2286.00,0.34,0.27,0.39,0.51,123152.00,23469.00,40234.00,0.66,0.13,0.22,1768796.00,1563213.00,1642078.00,1542213.00,6520000.00,00026GCF_000151665.1_ASM15166v1.fna,54.00,0.46,149596.00,288948.00,183044.00,3759447.00,3758312.00,4363699.00,4363758.00,TRUE,16245216.00,9728916.00,0.24,0.46,0.29,0.60,4185750.00,5543166.00,0.43,126127.00,165796.00,142810.00
00027GCF_000165345.1_ASM16534v1.fna,4145.00,459.00,0.11,597.00,865.00,2224.00,0.16,0.23,0.60,0.32,159698.00,91529.00,207977.00,0.35,0.20,0.45,1186942.00,996142.00,2522799.00,2136416.00,6840000.00,00027GCF_000165345.1_ASM16534v1.fna,8.00,0.34,96873.00,144646.00,188061.00,1198985.00,1189731.00,2307790.00,2301353.00,TRUE,6997859.00,155560.00,0.23,0.34,0.44,0.02,205632.00,-50072.00,1.32,5344.00,-15052.00,-19916.00
00028GCF_000165365.1_ASM16536v1.fna,4071.00,118.00,0.03,568.00,477.00,2908.00,0.14,0.12,0.74,0.38,138105.00,60038.00,154759.00,0.39,0.17,0.44,1121590.00,1041271.00,1931517.00,1622387.00,5720000.00,00028GCF_000165365.1_ASM16536v1.fna,9.00,0.38,90456.00,145620.00,169009.00,1290287.00,1297137.00,2121702.00,2126484.00,TRUE,6835610.00,1118845.00,0.22,0.36,0.42,0.16,424563.00,694282.00,0.38,30418.00,7515.00,14250.00
00029GCF_000165395.1_ASM16539v1.fna,3710.00,99.00,0.03,1087.00,885.00,1639.00,0.30,0.25,0.45,0.44,125276.00,64734.00,90828.00,0.45,0.23,0.32,1303612.00,1149887.00,1643762.00,1489674.00,5590000.00,00029GCF_000165395.1_ASM16539v1.fna,14.00,0.42,109036.00,141623.00,145260.00,1603443.00,1610514.00,2216531.00,2202813.00,TRUE,7633301.00,2046366.00,0.28,0.36,0.37,0.27,760458.00,1285908.00,0.37,44302.00,16347.00,54432.00
00030GCF_000165425.1_ASM16542v1.fna,39730.00,1343.00,0.03,38378.00,1.00,8.00,1.00,0.00,0.00,0.30,1306277.00,890335.00,2168703.00,0.30,0.20,0.50,9108883.00,7187844.00,20920944.00,16831990.00,54000000.00,00030GCF_000165425.1_ASM16542v1.fna,697.00,0.28,1069977.00,1525544.00,2993734.00,10043058.00,10018678.00,25741204.00,25715242.00,TRUE,71518182.00,17468521.00,0.19,0.27,0.54,0.24,3765009.00,13703512.00,0.22,179642.00,219267.00,825031.00
00031GCF_000186865.1_v_1.0.fna,14778.00,6959.00,0.47,2281.00,3125.00,2413.00,0.29,0.40,0.31,0.71,105707.00,21190.00,18678.00,0.73,0.15,0.13,6317216.00,6524459.00,2790019.00,2555209.00,18200000.00,00031GCF_000186865.1_v_1.0.fna,1185.00,0.61,159038.00,297348.00,93686.00,7754436.00,7750488.00,4954213.00,4946822.00,TRUE,25405959.00,7219056.00,0.29,0.54,0.17,0.28,2663249.00,4555807.00,0.37,137848.00,191641.00,75008.00
00032GCF_000189635.1_JCVI-TTA1-2.2.fna,27299.00,1209.00,0.04,26060.00,14.00,16.00,1.00,0.00,0.00,0.28,1066828.00,990321.00,2580841.00,0.23,0.21,0.56,7511276.00,6506687.00,20326496.00,16556246.00,50900000.00,00032GCF_000189635.1_JCVI-TTA1-2.2.fna,1158.00,0.22,1595315.00,1754519.00,5806361.00,11498125.00,11476533.00,39975901.00,40001282.00,TRUE,102951841.00,52051136.00,0.17,0.19,0.63,0.51,8956695.00,43094441.00,0.17,604994.00,687691.00,3225520.00
00033GCF_000190715.1_v1.0.fna,13253.00,1940.00,0.15,454.00,909.00,9950.00,0.04,0.08,0.88,0.30,300740.00,263898.00,617212.00,0.25,0.22,0.52,2615408.00,2811065.00,7058255.00,5527010.00,18000000.00,00033GCF_000190715.1_v1.0.fna,799.00,0.34,225647.00,378107.00,466124.00,2940918.00,2949173.00,5813173.00,5792267.00,TRUE,17495531.00,-516207.00,0.21,0.35,0.44,-0.03,463618.00,-979825.00,-0.90,-38251.00,77367.00,-151088.00
00034GCF_000203815.1_DFas_2.0.fna,12178.00,345.00,0.03,1151.00,1182.00,9500.00,0.10,0.10,0.80,0.37,389050.00,209209.00,382656.00,0.40,0.21,0.39,3543421.00,3955689.00,7077911.00,5794165.00,20400000.00,00034GCF_000203815.1_DFas_2.0.fna,25.00,0.39,260753.00,478516.00,353128.00,4192606.00,4202727.00,6603878.00,6611951.00,TRUE,21611162.00,1239976.00,0.24,0.44,0.32,0.06,896223.00,343753.00,0.72,51544.00,89466.00,-29528.00
00035GCF_000208865.1_ASM20886v2.fna,6956.00,240.00,0.03,3044.00,1901.00,1771.00,0.45,0.28,0.26,0.60,189040.00,45430.00,33805.00,0.70,0.17,0.13,5468058.00,5274459.00,3740598.00,3376004.00,17900000.00,00035GCF_000208865.1_ASM20886v2.fna,14.00,0.55,305525.00,619003.00,242766.00,13209353.00,13209348.00,10695055.00,10700781.00,TRUE,47814537.00,29955418.00,0.26,0.53,0.21,0.63,15676184.00,14279234.00,0.52,260095.00,429963.00,208961.00
00036GCF_000208925.1_JCVI_ESG2_1.0.fna,8225.00,372.00,0.05,1264.00,457.00,6132.00,0.16,0.06,0.78,0.28,263450.00,128776.00,342060.00,0.36,0.18,0.47,1620539.00,1272202.00,4081864.00,3317301.00,10300000.00,00036GCF_000208925.1_JCVI_ESG2_1.0.fna,1529.00,0.30,157919.00,294706.00,415863.00,1905336.00,1895575.00,4513932.00,4514782.00,TRUE,12829625.00,2537719.00,0.18,0.34,0.48,0.20,908170.00,1629549.00,0.36,29143.00,31256.00,73803.00
00037GCF_000209065.1_ASM20906v1.fna,21226.00,3641.00,0.17,9189.00,3907.00,4489.00,0.52,0.22,0.26,0.53,571863.00,113180.00,180332.00,0.66,0.13,0.21,8597468.00,7010032.00,6869487.00,6888857.00,29400000.00,00037GCF_000209065.1_ASM20906v1.fna,29495.00,0.51,268607.00,843404.00,470547.00,13778662.00,13868794.00,13070740.00,13069921.00,TRUE,53788117.00,24422273.00,0.17,0.53,0.30,0.45,12039956.00,12382317.00,0.49,155427.00,271541.00,290215.00
00038GCF_000209125.1_JCVI_EDISG_1.0.fna,8997.00,692.00,0.08,1473.00,559.00,6273.00,0.18,0.07,0.76,0.28,266533.00,136744.00,366338.00,0.35,0.18,0.48,1660971.00,1308788.00,4263798.00,3458244.00,10700000.00,00038GCF_000209125.1_JCVI_EDISG_1.0.fna,12258.00,0.28,201068.00,370445.00,574366.00,2265915.00,2271340.00,5803405.00,5790312.00,TRUE,16130972.00,5439171.00,0.18,0.32,0.50,0.34,1567496.00,3871675.00,0.29,64324.00,103912.00,208028.00
00039GCF_000210295.1_ASM21029v1.fna,9873.00,426.00,0.04,3540.00,2558.00,3349.00,0.37,0.27,0.35,0.51,263385.00,85739.00,119172.00,0.56,0.18,0.25,3642645.00,3119440.00,3317020.00,3287809.00,13400000.00,00039GCF_000210295.1_ASM21029v1.fna,11.00,0.49,147163.00,318016.00,222410.00,4636367.00,4628917.00,4749631.00,4752722.00,TRUE,18767637.00,5400723.00,0.21,0.46,0.32,0.29,2503199.00,2897524.00,0.46,61424.00,54631.00,103238.00
00040GCF_000220395.1_JCVI-IMG1-V.1.fna,8665.00,1262.00,0.15,7361.00,19.00,23.00,0.99,0.00,0.00,0.25,198158.00,175981.00,573194.00,0.21,0.19,0.61,1481341.00,985759.00,4168984.00,3409085.00,10000000.00,00040GCF_000220395.1_JCVI-IMG1-V.1.fna,2017.00,0.28,280660.00,254095.00,722579.00,2387959.00,2391035.00,6125169.00,6128225.00,TRUE,17032388.00,6987219.00,0.22,0.20,0.57,0.41,2311894.00,4675325.00,0.33,104679.00,55937.00,149385.00
00041GCF_000223845.1_GNI3.fna,6836.00,1221.00,0.18,1788.00,1567.00,2260.00,0.32,0.28,0.40,0.54,144653.00,56279.00,65223.00,0.54,0.21,0.25,2488695.00,2267456.00,2137661.00,1886794.00,8780000.00,00041GCF_000223845.1_GNI3.fna,469.00,0.53,111418.00,197034.00,111786.00,3425677.00,3419694.00,2999864.00,2998581.00,TRUE,12843816.00,4063210.00,0.27,0.47,0.27,0.32,2089220.00,1973990.00,0.51,55139.00,52381.00,46563.00
00042GCF_000227135.1_ASM22713v2.fna,8235.00,720.00,0.09,3268.00,2721.00,1526.00,0.43,0.36,0.20,0.62,191622.00,47370.00,31598.00,0.71,0.18,0.12,4640074.00,4603846.00,2876424.00,2705515.00,14800000.00,00042GCF_000227135.1_ASM22713v2.fna,36.00,0.59,143523.00,333242.00,91656.00,7330506.00,7372787.00,5187818.00,5229624.00,TRUE,25120735.00,10294876.00,0.25,0.59,0.16,0.41,5459373.00,4835503.00,0.53,96153.00,141620.00,60058.00
00043GCF_000234665.1_ASM23466v4.fna,8214.00,359.00,0.04,3335.00,2881.00,1639.00,0.42,0.37,0.21,0.62,205227.00,48691.00,32934.00,0.72,0.17,0.11,4842873.00,4766375.00,3014514.00,2832264.00,15500000.00,00043GCF_000234665.1_ASM23466v4.fna,588.00,0.59,142273.00,343928.00,91166.00,7508468.00,7547937.00,5288399.00,5329298.00,TRUE,25674102.00,10218076.00,0.25,0.60,0.16,0.40,5447157.00,4770919.00,0.53,93582.00,138701.00,58232.00
00044GCF_000240725.1_ASM24072v1.fna,4723.00,2549.00,0.54,967.00,619.00,588.00,0.44,0.28,0.27,0.58,41431.00,12944.00,11779.00,0.63,0.20,0.18,971954.00,882104.00,687454.00,642658.00,3180000.00,00044GCF_000240725.1_ASM24072v1.fna,1883.00,0.53,187833.00,404446.00,205240.00,6921605.00,6909143.00,6119114.00,6108508.00,TRUE,26058370.00,22874200.00,0.24,0.51,0.26,0.88,11976690.00,10897510.00,0.52,174889.00,363015.00,193461.00
00045GCF_000247585.1_PP_INRA-310_V2.fna,28235.00,1274.00,0.05,8404.00,8461.00,10096.00,0.31,0.31,0.37,0.53,623896.00,181808.00,213496.00,0.61,0.18,0.21,9790337.00,8978955.00,8828129.00,7891953.00,35500000.00,00045GCF_000247585.1_PP_INRA-310_V2.fna,708.00,0.50,489530.00,852210.00,523329.00,12423332.00,12437231.00,12645020.00,12618931.00,TRUE,50124514.00,14635140.00,0.26,0.46,0.28,0.29,6091271.00,8543869.00,0.42,307722.00,228314.00,309833.00
00046GCF_000257125.1_ENU1_v1.fna,6283.00,411.00,0.07,932.00,351.00,4589.00,0.16,0.06,0.78,0.28,204050.00,100668.00,270157.00,0.35,0.18,0.47,1241288.00,996841.00,3166660.00,2633791.00,8040000.00,00046GCF_000257125.1_ENU1_v1.fna,5233.00,0.30,113775.00,207954.00,294946.00,1369101.00,1387048.00,3207098.00,3229006.00,TRUE,9192253.00,1153673.00,0.18,0.34,0.48,0.13,518020.00,635653.00,0.45,13107.00,3904.00,24789.00
00047GCF_000258005.1_HHA1_v02.fna,8023.00,247.00,0.03,3640.00,2013.00,2123.00,0.47,0.26,0.27,0.58,219875.00,58180.00,44127.00,0.68,0.18,0.14,5738613.00,5546582.00,4238736.00,3888566.00,19400000.00,00047GCF_000258005.1_HHA1_v02.fna,14861.00,0.54,378750.00,819595.00,337043.00,15226969.00,15259181.00,13015495.00,13039987.00,TRUE,56541632.00,37129135.00,0.25,0.53,0.22,0.66,19200955.00,17928180.00,0.52,320570.00,599720.00,292916.00
00048GCF_000281045.1_Sap_diclina_VS20_V1.fna,18501.00,967.00,0.05,3490.00,6522.00,7522.00,0.20,0.37,0.43,0.62,249269.00,38678.00,29476.00,0.79,0.12,0.09,7852199.00,8736819.00,5175258.00,4914078.00,26700000.00,00048GCF_000281045.1_Sap_diclina_VS20_V1.fna,390.00,0.57,233938.00,432967.00,138708.00,9401903.00,9423722.00,7248970.00,7224199.00,TRUE,33298794.00,6620440.00,0.29,0.54,0.17,0.20,2236607.00,4383833.00,0.34,195260.00,183698.00,109232.00
00049GCF_000313135.1_Acastellanii.strNEFF_v1.fna,15516.00,1450.00,0.09,7321.00,2964.00,3781.00,0.52,0.21,0.27,0.63,202134.00,26652.00,27330.00,0.79,0.10,0.11,6033027.00,6425272.00,4097966.00,3250588.00,19800000.00,00049GCF_000313135.1_Acastellanii.strNEFF_v1.fna,384.00,0.57,172195.00,453790.00,140666.00,8758795.00,8753273.00,6483887.00,6480555.00,TRUE,30476510.00,10669657.00,0.22,0.59,0.18,0.35,5053769.00,5615888.00,0.47,145543.00,251656.00,113336.00
00050GCF_000315625.1_Guith1.fna,27455.00,5788.00,0.21,12655.00,4630.00,4382.00,0.58,0.21,0.20,0.55,550911.00,121559.00,81518.00,0.73,0.16,0.11,9020259.00,7821114.00,7514518.00,6368932.00,30700000.00,00050GCF_000315625.1_Guith1.fna,669.00,0.51,456961.00,1345276.00,368333.00,16353732.00,16392160.00,15462973.00,15473559.00,TRUE,63682424.00,32957601.00,0.21,0.62,0.17,0.52,15904519.00,17053082.00,0.48,335402.00,794365.00,286815.00
00051GCF_000321355.1_PcynB_1.0.fna,6575.00,1985.00,0.30,1833.00,1258.00,1499.00,0.40,0.27,0.33,0.42,200973.00,91994.00,195758.00,0.41,0.19,0.40,2297820.00,1864544.00,3426189.00,2299121.00,9890000.00,00051GCF_000321355.1_PcynB_1.0.fna,1663.00,0.45,189247.00,289681.00,316710.00,4273319.00,4270367.00,5158307.00,5189173.00,TRUE,18891166.00,9003492.00,0.24,0.36,0.40,0.48,4381322.00,4622170.00,0.49,97253.00,88708.00,120952.00
00052GCF_000330505.1_EIA2_v2.fna,13139.00,2212.00,0.17,3530.00,805.00,6592.00,0.32,0.07,0.60,0.39,383337.00,101330.00,246277.00,0.52,0.14,0.34,3250958.00,2773941.00,5248212.00,4303347.00,15600000.00,00052GCF_000330505.1_EIA2_v2.fna,1144.00,0.37,207643.00,566086.00,536584.00,4887661.00,4879596.00,8317777.00,8318053.00,TRUE,26403087.00,10826629.00,0.16,0.43,0.41,0.41,3742358.00,7084271.00,0.35,106313.00,182749.00,290307.00
00053GCF_000342415.1_JCVI-bewag-v1.1.fna,5330.00,121.00,0.02,1149.00,1538.00,2522.00,0.22,0.30,0.48,0.40,167732.00,94688.00,155483.00,0.40,0.23,0.37,1671028.00,1462386.00,2550261.00,2181983.00,7870000.00,00053GCF_000342415.1_JCVI-bewag-v1.1.fna,12.00,0.40,158680.00,197393.00,209783.00,2174820.00,2172556.00,3251600.00,3243599.00,TRUE,10842575.00,2976917.00,0.28,0.35,0.37,0.27,1213962.00,1762955.00,0.41,63992.00,29661.00,54300.00
00054GCF_000372725.1_Emiliana_huxleyi_CCMP1516_main_genome_assembly_v1.0.fna,42982.00,10345.00,0.24,18871.00,9785.00,3981.00,0.58,0.30,0.12,0.69,311696.00,55630.00,32428.00,0.78,0.14,0.08,13900279.00,13653614.00,6164175.00,6204724.00,39900000.00,00054GCF_000372725.1_Emiliana_huxleyi_CCMP1516_main_genome_assembly_v1.0.fna,7795.00,0.62,545894.00,1090349.00,301446.00,30004960.00,29974332.00,18153282.00,18151429.00,TRUE,96284003.00,56361211.00,0.28,0.56,0.16,0.59,32425399.00,23935812.00,0.58,490264.00,778653.00,269018.00
00055GCF_000499385.1_ENH001.fna,8913.00,959.00,0.11,2908.00,2661.00,2385.00,0.37,0.33,0.30,0.59,143092.00,69189.00,55284.00,0.53,0.26,0.21,4278712.00,4099037.00,3336849.00,2491311.00,14200000.00,00055GCF_000499385.1_ENH001.fna,3707.00,0.50,345025.00,519440.00,369609.00,8445557.00,8447476.00,8590186.00,8573710.00,TRUE,34056929.00,19851020.00,0.28,0.42,0.30,0.58,8515284.00,11335736.00,0.43,275836.00,376348.00,314325.00
00056GCF_000499425.1_EAH001.fna,7112.00,852.00,0.12,1942.00,1828.00,2490.00,0.31,0.29,0.40,0.56,150749.00,95763.00,77991.00,0.46,0.30,0.24,3986894.00,3752345.00,3497308.00,2590631.00,13800000.00,00056GCF_000499425.1_EAH001.fna,3415.00,0.50,272625.00,352196.00,302116.00,6122658.00,6127742.00,6259762.00,6231091.00,TRUE,24741253.00,10914075.00,0.29,0.38,0.33,0.44,4511161.00,6402914.00,0.41,176862.00,201447.00,224125.00
00057GCF_000499545.1_ETH001.fna,9864.00,2314.00,0.23,2823.00,2500.00,2227.00,0.37,0.33,0.29,0.58,142687.00,68185.00,53608.00,0.54,0.26,0.20,3883934.00,3697271.00,3099493.00,2386571.00,13100000.00,00057GCF_000499545.1_ETH001.fna,4664.00,0.50,329246.00,499163.00,349697.00,8227201.00,8116685.00,8164470.00,8226463.00,TRUE,32734819.00,19667550.00,0.28,0.42,0.30,0.60,8762681.00,10904869.00,0.45,261061.00,356476.00,296089.00
00058GCF_000499545.2_ETH001.fna,9859.00,2291.00,0.23,2817.00,2500.00,2251.00,0.37,0.33,0.30,0.58,142837.00,68487.00,55066.00,0.54,0.26,0.21,3885273.00,3698517.00,3108538.00,2394543.00,13100000.00,00058GCF_000499545.2_ETH001.fna,4665.00,0.50,329725.00,499512.00,351940.00,8230862.00,8120195.00,8178680.00,8239830.00,TRUE,32769567.00,19682696.00,0.28,0.42,0.30,0.60,8767267.00,10915429.00,0.45,261238.00,356675.00,296874.00
00059GCF_000499605.1_EMW001.fna,6223.00,668.00,0.11,1377.00,1702.00,2476.00,0.25,0.31,0.45,0.54,130731.00,100163.00,88347.00,0.41,0.31,0.28,3383949.00,3156545.00,3238068.00,2324061.00,12100000.00,00059GCF_000499605.1_EMW001.fna,3564.00,0.49,325123.00,372468.00,338289.00,6493492.00,6492826.00,6861959.00,6870972.00,TRUE,26719249.00,14616626.00,0.31,0.36,0.33,0.55,6445824.00,8170802.00,0.44,224960.00,241737.00,249942.00
00060GCF_000499745.1_EMH001.fna,8750.00,229.00,0.03,2786.00,3046.00,2689.00,0.33,0.36,0.32,0.58,111443.00,67927.00,45891.00,0.49,0.30,0.20,3433697.00,3328634.00,3155227.00,1837719.00,11800000.00,00060GCF_000499745.1_EMH001.fna,10336.00,0.50,302839.00,392542.00,282308.00,6827100.00,6821937.00,6752058.00,6761806.00,TRUE,27162901.00,15407624.00,0.31,0.40,0.29,0.57,6886706.00,8520918.00,0.45,234912.00,281099.00,236417.00
00061GCF_000520075.1_Apha_asta_APO3_V1.fna,26552.00,1231.00,0.05,7580.00,7644.00,10097.00,0.30,0.30,0.40,0.58,456918.00,104188.00,86495.00,0.71,0.16,0.13,10235333.00,10782914.00,8101474.00,7413185.00,36500000.00,00061GCF_000520075.1_Apha_asta_APO3_V1.fna,835.00,0.51,397312.00,803625.00,416840.00,12834407.00,12850893.00,12378168.00,12384919.00,TRUE,50448387.00,13915481.00,0.25,0.50,0.26,0.28,4667053.00,9248428.00,0.34,293124.00,346707.00,330345.00
00062GCF_000520115.1_Apha_inva_NJM9701_V1.fna,21028.00,866.00,0.04,6823.00,6355.00,6984.00,0.34,0.32,0.35,0.57,395628.00,65046.00,61142.00,0.76,0.12,0.12,8631162.00,9052600.00,6901547.00,6353210.00,30900000.00,00062GCF_000520115.1_Apha_inva_NJM9701_V1.fna,481.00,0.54,215823.00,586457.00,192080.00,10132388.00,10127498.00,8797757.00,8800472.00,TRUE,37858115.00,6919596.00,0.22,0.59,0.19,0.18,2576124.00,4343472.00,0.37,150777.00,190829.00,130938.00
00063GCF_000524495.1_Plas_inui_San_Antonio_1_V1.fna,5901.00,287.00,0.05,2245.00,1806.00,1563.00,0.40,0.32,0.28,0.44,220044.00,97477.00,200326.00,0.42,0.19,0.39,2680485.00,2263849.00,3845693.00,2527550.00,11300000.00,00063GCF_000524495.1_Plas_inui_San_Antonio_1_V1.fna,323.00,0.45,221460.00,332214.00,351420.00,4789536.00,4740512.00,5784967.00,5793777.00,TRUE,21108792.00,9791215.00,0.24,0.37,0.39,0.46,4585714.00,5205501.00,0.47,123983.00,112170.00,151094.00
00064GCF_000691245.1_Tgr_V1.fna,11215.00,1649.00,0.15,4501.00,2758.00,2307.00,0.47,0.29,0.24,0.57,243206.00,59040.00,67677.00,0.66,0.16,0.18,4163535.00,3673551.00,3099494.00,2917389.00,13900000.00,00064GCF_000691245.1_Tgr_V1.fna,2871.00,0.54,111330.00,273422.00,124458.00,4749725.00,4749331.00,4051027.00,4043765.00,TRUE,17593848.00,3739879.00,0.22,0.54,0.24,0.21,1661970.00,2077909.00,0.44,52290.00,30216.00,56781.00
00065GCF_000691945.1_ASM69194v1.fna,3494.00,91.00,0.03,887.00,793.00,1723.00,0.26,0.23,0.51,0.39,99652.00,57616.00,105719.00,0.38,0.22,0.40,951411.00,871578.00,1515675.00,1325312.00,4660000.00,00065GCF_000691945.1_ASM69194v1.fna,4.00,0.39,83182.00,101864.00,122717.00,1072849.00,1081425.00,1664436.00,1665344.00,TRUE,5484054.00,820078.00,0.27,0.33,0.40,0.15,331285.00,488793.00,0.40,25566.00,2212.00,16998.00
00066GCF_000691945.2_ASM69194v2.fna,3603.00,86.00,0.02,997.00,777.00,1743.00,0.28,0.22,0.50,0.39,102312.00,58616.00,109369.00,0.38,0.22,0.40,976083.00,893487.00,1560517.00,1358888.00,4790000.00,00066GCF_000691945.2_ASM69194v2.fna,6.00,0.39,83763.00,102421.00,125572.00,1077363.00,1084954.00,1681227.00,1679685.00,TRUE,5523229.00,734254.00,0.27,0.33,0.40,0.13,292747.00,441507.00,0.40,25147.00,109.00,16203.00
00067GCF_000709005.1_Plas_vinc_vinckei_V1.fna,4973.00,171.00,0.03,797.00,791.00,3214.00,0.17,0.16,0.67,0.25,249087.00,139389.00,468576.00,0.29,0.16,0.55,1403890.00,1072736.00,4458375.00,3091514.00,10000000.00,00067GCF_000709005.1_Plas_vinc_vinckei_V1.fna,49.00,0.31,121011.00,153457.00,268191.00,1303509.00,1314304.00,2965312.00,2978014.00,TRUE,8561139.00,-1465376.00,0.22,0.28,0.49,-0.17,141187.00,-1606563.00,-0.10,-18378.00,-95630.00,-200385.00
00068GCF_000723685.1_PREICH001.fna,5872.00,349.00,0.06,1090.00,651.00,3782.00,0.20,0.12,0.68,0.24,336632.00,163638.00,668329.00,0.29,0.14,0.57,1814532.00,1285085.00,5755705.00,3972877.00,12800000.00,00068GCF_000723685.1_PREICH001.fna,372.00,0.30,118977.00,175961.00,296593.00,1367425.00,1360504.00,3232585.00,3237157.00,TRUE,9197671.00,-3630528.00,0.20,0.30,0.50,-0.39,-371688.00,-3258840.00,0.10,-44661.00,-160671.00,-371736.00
00069GCF_000740895.1_ASM74089v1.fna,4002.00,86.00,0.02,754.00,882.00,2280.00,0.19,0.23,0.58,0.46,124447.00,52900.00,107373.00,0.44,0.19,0.38,1536251.00,1311434.00,1940376.00,1394342.00,6180000.00,00069GCF_000740895.1_ASM74089v1.fna,6.00,0.45,92879.00,142942.00,137596.00,1752855.00,1739884.00,2169949.00,2170357.00,TRUE,7833045.00,1650642.00,0.25,0.38,0.37,0.21,645054.00,1005588.00,0.39,39979.00,18495.00,30223.00
00070GCF_000743755.1_ASM74375v1.fna,5789.00,370.00,0.06,1744.00,1426.00,2249.00,0.32,0.26,0.42,0.42,205624.00,49438.00,77999.00,0.62,0.15,0.23,1642656.00,1331773.00,2049861.00,2130401.00,7150000.00,00070GCF_000743755.1_ASM74375v1.fna,1301.00,0.40,133670.00,265961.00,165715.00,2295207.00,2297932.00,3387768.00,3381648.00,TRUE,11362555.00,4207864.00,0.24,0.47,0.29,0.37,1618710.00,2589154.00,0.38,84232.00,60337.00,87716.00
00071GCF_000755165.1_ASM75516v1.fna,7816.00,327.00,0.04,3057.00,2684.00,1748.00,0.41,0.36,0.23,0.60,209972.00,59108.00,42428.00,0.67,0.19,0.14,4407299.00,4371385.00,2977088.00,2811429.00,14600000.00,00071GCF_000755165.1_ASM75516v1.fna,35.00,0.57,166318.00,358795.00,112521.00,6965934.00,7011655.00,5264247.00,5280053.00,TRUE,24521889.00,9954688.00,0.26,0.56,0.18,0.41,5198905.00,4755783.00,0.52,107210.00,148823.00,70093.00
00072GCF_000787575.1_Asub_2.0.fna,14774.00,4948.00,0.33,2641.00,1978.00,5207.00,0.27,0.20,0.53,0.48,354287.00,89648.00,115693.00,0.63,0.16,0.21,4311532.00,4935150.00,5537815.00,4344106.00,19100000.00,00072GCF_000787575.1_Asub_2.0.fna,106.00,0.47,213928.00,532471.00,233011.00,5638501.00,5621891.00,6412422.00,6423977.00,TRUE,24096791.00,4968188.00,0.22,0.54,0.24,0.21,2013710.00,2954478.00,0.41,124280.00,178184.00,117318.00
00073GCF_000956335.1_Plas_frag_nilgiri_V1.fna,5720.00,246.00,0.04,2213.00,1601.00,1660.00,0.40,0.29,0.30,0.42,240843.00,105089.00,229431.00,0.42,0.18,0.40,2711813.00,2256137.00,4090390.00,2737253.00,11800000.00,00073GCF_000956335.1_Plas_frag_nilgiri_V1.fna,248.00,0.45,165149.00,269390.00,288077.00,3918225.00,3931831.00,4791826.00,4799616.00,TRUE,17441498.00,5645905.00,0.23,0.37,0.40,0.32,2882106.00,2763799.00,0.51,60060.00,28547.00,58646.00
00074GCF_000981445.1_Bbig001.fna,5169.00,278.00,0.05,2017.00,1148.00,1726.00,0.41,0.23,0.35,0.52,157375.00,53440.00,92432.00,0.52,0.18,0.30,2315287.00,2197380.00,2302944.00,1902856.00,8720000.00,00074GCF_000981445.1_Bbig001.fna,483.00,0.50,107318.00,200015.00,141429.00,3002720.00,2996382.00,2970047.00,2957218.00,TRUE,11926367.00,3207900.00,0.24,0.45,0.32,0.27,1486435.00,1721465.00,0.46,53878.00,42640.00,48997.00
00075GCF_001293395.1_ASM129339v1.fna,13933.00,495.00,0.04,4529.00,3988.00,4921.00,0.34,0.30,0.37,0.63,301208.00,55943.00,53555.00,0.73,0.14,0.13,7430851.00,7315755.00,4597092.00,4172111.00,23500000.00,00075GCF_001293395.1_ASM129339v1.fna,60.00,0.56,137350.00,327267.00,139329.00,6714779.00,6752166.00,5191583.00,5240213.00,TRUE,23898741.00,382932.00,0.23,0.54,0.23,0.02,-1279661.00,1662593.00,-3.34,81407.00,26059.00,85774.00
00076GCF_001601855.1_ASM160185v1.fna,5892.00,1222.00,0.21,1004.00,417.00,3249.00,0.21,0.09,0.70,0.23,297383.00,141346.00,615796.00,0.28,0.13,0.58,1515553.00,1066691.00,5101929.00,3533858.00,11200000.00,00076GCF_001601855.1_ASM160185v1.fna,777.00,0.29,95558.00,147277.00,252988.00,1105516.00,1104564.00,2698551.00,2700129.00,TRUE,7608760.00,-3609271.00,0.19,0.30,0.51,-0.47,-372164.00,-3237107.00,0.10,-45788.00,-150106.00,-362808.00
00077GCF_001602025.1_ASM160202v1.fna,5908.00,1035.00,0.18,1015.00,418.00,3440.00,0.21,0.09,0.71,0.23,307404.00,147754.00,620073.00,0.29,0.14,0.58,1507476.00,1049423.00,5187792.00,3605091.00,11300000.00,00077GCF_001602025.1_ASM160202v1.fna,833.00,0.29,101211.00,153365.00,258656.00,1103446.00,1104099.00,2750353.00,2748695.00,TRUE,7706593.00,-3643189.00,0.20,0.30,0.50,-0.47,-349354.00,-3293835.00,0.10,-46543.00,-154039.00,-361417.00
00078GCF_001680005.1_ASM168000v1.fna,5551.00,200.00,0.04,2002.00,1569.00,1780.00,0.37,0.29,0.33,0.42,232007.00,107034.00,230270.00,0.41,0.19,0.40,2662144.00,2218076.00,4043192.00,2691789.00,11600000.00,00078GCF_001680005.1_ASM168000v1.fna,14.00,0.44,211292.00,306910.00,359896.00,4397204.00,4410598.00,5669815.00,5690580.00,TRUE,20168197.00,8552996.00,0.24,0.35,0.41,0.42,3927582.00,4625414.00,0.46,104258.00,74903.00,129626.00
00079GCF_900002335.1_PCHAS01.fna,5135.00,140.00,0.03,887.00,818.00,3290.00,0.18,0.16,0.66,0.26,255208.00,141883.00,469215.00,0.29,0.16,0.54,1504810.00,1173179.00,4595821.00,3174338.00,10400000.00,00079GCF_900002335.1_PCHAS01.fna,38.00,0.31,128623.00,162931.00,280907.00,1445695.00,1460057.00,3182922.00,3171053.00,TRUE,9259727.00,-1188421.00,0.22,0.28,0.49,-0.13,227763.00,-1416184.00,-0.19,-13260.00,-92277.00,-188308.00
00080GCF_900002335.2_PCHAS01.fna,5166.00,140.00,0.03,895.00,819.00,3312.00,0.18,0.16,0.66,0.26,255409.00,142150.00,471171.00,0.29,0.16,0.54,1506348.00,1174250.00,4606196.00,3183599.00,10500000.00,00080GCF_900002335.2_PCHAS01.fna,39.00,0.31,128940.00,163210.00,283308.00,1447775.00,1462036.00,3195934.00,3183609.00,TRUE,9289354.00,-1181039.00,0.22,0.28,0.49,-0.13,229213.00,-1410252.00,-0.19,-13210.00,-92199.00,-187863.00
