00001GCF_000002035.5_GRCz10.fna,48098.00,3208.00,0.07,21952.00,8309.00,14629.00,0.49,0.19,0.33,0.50,2041824.00,467651.00,813494.00,0.61,0.14,0.24,24189696.00,23435280.00,26263805.00,21314928.00,95203709.00,00001GCF_000002035.5_GRCz10.fna,1061.00,0.39,8051119.00,14688239.00,15940864.00,136098673.00,136217256.00,212090700.00,211779078.00,TRUE,696185707.00,600981998.00,0.21,0.38,0.41,0.86,224690953.00,376291045.00,0.37,7583468.00,12646415.00,15127370.00
00002GCF_000002035.6_GRCz11.fna,58860.00,3861.00,0.07,26755.00,10233.00,18011.00,0.49,0.19,0.33,0.50,2608483.00,605137.00,1041743.00,0.61,0.14,0.24,30667821.00,29679192.00,33528437.00,27017561.00,120893011.00,00002GCF_000002035.6_GRCz11.fna,1923.00,0.39,9990332.00,18174708.00,19763847.00,168170805.00,168234419.00,262655524.00,262416026.00,TRUE,861476774.00,740583763.00,0.21,0.38,0.41,0.86,276058211.00,464525552.00,0.37,9385195.00,15566225.00,18722104.00
00003GCF_000002315.4_Gallus_gallus-5.0.fna,47213.00,2539.00,0.05,20944.00,10051.00,13679.00,0.47,0.22,0.31,0.50,2068875.00,573908.00,822515.00,0.60,0.17,0.24,25481922.00,23950017.00,26922158.00,21632234.00,97986331.00,00003GCF_000002315.4_Gallus_gallus-5.0.fna,23475.00,0.43,10791968.00,18139042.00,16505050.00,197042021.00,196736068.00,261334555.00,261502915.00,TRUE,916615559.00,818629228.00,0.24,0.40,0.36,0.89,344346150.00,474283078.00,0.42,10218060.00,16070167.00,15682535.00
00004GCF_000004195.2_Xtropicalis_v7.fna,41759.00,2992.00,0.07,15249.00,7733.00,15785.00,0.39,0.20,0.41,0.46,1591140.00,554586.00,920933.00,0.52,0.18,0.30,18198090.00,17091529.00,22601602.00,18302932.00,76194153.00,00004GCF_000004195.2_Xtropicalis_v7.fna,7728.00,0.41,11621287.00,14525628.00,18374839.00,170866205.00,170758353.00,248648117.00,248696133.00,TRUE,838968808.00,762774655.00,0.26,0.33,0.41,0.91,306334939.00,456439716.00,0.40,11066701.00,12934488.00,17453906.00
00005GCF_000004195.3_Xenopus_tropicalis_v9.1.fna,41003.00,2777.00,0.07,15118.00,7580.00,15528.00,0.40,0.20,0.41,0.46,1596750.00,552509.00,925482.00,0.52,0.18,0.30,18108957.00,16983392.00,22566013.00,18190842.00,75849204.00,00005GCF_000004195.3_Xenopus_tropicalis_v9.1.fna,6822.00,0.41,11628092.00,14543319.00,18399366.00,171125019.00,171098268.00,249085915.00,248956010.00,TRUE,840265212.00,764416008.00,0.26,0.33,0.41,0.91,307130938.00,457285070.00,0.40,11075583.00,12946569.00,17473884.00
00006GCF_000090745.1_AnoCar2.0.fna,38020.00,5345.00,0.14,14797.00,6833.00,11045.00,0.45,0.21,0.34,0.48,1406986.00,447921.00,611342.00,0.57,0.18,0.25,16199324.00,15560672.00,19190644.00,15567447.00,66518087.00,00006GCF_000090745.1_AnoCar2.0.fna,6457.00,0.40,12979730.00,19434143.00,19229422.00,199923450.00,199805650.00,298235306.00,298394778.00,TRUE,996359184.00,929841097.00,0.25,0.38,0.37,0.93,367969104.00,561871993.00,0.40,12531809.00,18027157.00,18618080.00
00007GCF_000146605.2_Turkey_5.0.fna,34796.00,3057.00,0.09,14650.00,7275.00,9814.00,0.46,0.23,0.31,0.49,1224688.00,338067.00,492318.00,0.60,0.16,0.24,14410455.00,13563483.00,15821807.00,12949584.00,56745329.00,00007GCF_000146605.2_Turkey_5.0.fna,231286.00,0.42,10426594.00,17226636.00,15713257.00,181834324.00,182158668.00,247916999.00,247887069.00,TRUE,859797060.00,803051731.00,0.24,0.40,0.36,0.93,336019054.00,467032677.00,0.42,10088527.00,16001948.00,15220939.00
00008GCF_000151805.1_Taeniopygia_guttata-3.2.4.fna,21277.00,3757.00,0.18,8154.00,3756.00,5610.00,0.47,0.21,0.32,0.51,684192.00,165238.00,255854.00,0.62,0.15,0.23,8508901.00,8075223.00,8844726.00,7162540.00,32591390.00,00008GCF_000151805.1_Taeniopygia_guttata-3.2.4.fna,37096.00,0.43,11018352.00,19606608.00,17575154.00,209853936.00,209788743.00,281208942.00,281356566.00,TRUE,982208187.00,949616797.00,0.23,0.41,0.36,0.97,403058555.00,546558242.00,0.42,10853114.00,18922416.00,17319300.00
00009GCF_000165045.1_Callorhinchus_milii-6.1.3.fna,30796.00,4193.00,0.14,11846.00,5162.00,9595.00,0.45,0.19,0.36,0.49,1152409.00,282929.00,477028.00,0.60,0.15,0.25,13247372.00,12334262.00,14988658.00,11861775.00,52432067.00,00009GCF_000165045.1_Callorhinchus_milii-6.1.3.fna,21204.00,0.41,6338867.00,12306470.00,11333358.00,121733035.00,121813472.00,171689196.00,171686828.00,TRUE,586922531.00,534490464.00,0.21,0.41,0.38,0.91,217964873.00,316525591.00,0.41,6055938.00,11154061.00,10856330.00
00010GCF_000180615.1_FUGU5.fna,31927.00,2421.00,0.08,15633.00,5881.00,7992.00,0.53,0.20,0.27,0.54,1060052.00,205633.00,335591.00,0.66,0.13,0.21,15513872.00,15461254.00,14524633.00,11691595.00,57191354.00,00010GCF_000180615.1_FUGU5.fna,6835.00,0.46,2508899.00,5864327.00,4663383.00,66324878.00,66363668.00,77148065.00,77190119.00,TRUE,287026730.00,229835376.00,0.19,0.45,0.36,0.80,101713420.00,128121956.00,0.44,2303266.00,4804275.00,4327792.00
00011GCF_000186305.1_Python_molurus_bivittatus-5.0.2.fna,27835.00,3972.00,0.14,10636.00,4780.00,8447.00,0.45,0.20,0.35,0.47,938569.00,304758.00,422887.00,0.56,0.18,0.25,10394443.00,9816672.00,12377157.00,10360221.00,42948493.00,00011GCF_000186305.1_Python_molurus_bivittatus-5.0.2.fna,39113.00,0.41,13668317.00,20112616.00,19770124.00,210498327.00,210513858.00,303275254.00,303266980.00,TRUE,1027554419.00,984605926.00,0.26,0.38,0.37,0.96,400801070.00,583804856.00,0.41,13363559.00,19174047.00,19347237.00
00012GCF_000188235.2_Orenil1.1.fna,49589.00,3950.00,0.08,22577.00,9617.00,13445.00,0.49,0.21,0.29,0.52,1881545.00,432699.00,661277.00,0.63,0.15,0.22,24526913.00,24247563.00,24769615.00,19889367.00,93433458.00,00012GCF_000188235.2_Orenil1.1.fna,5678.00,0.42,6672741.00,13117479.00,11862136.00,130069425.00,130081618.00,176318340.00,176345807.00,TRUE,612815190.00,519381732.00,0.21,0.41,0.37,0.85,211376567.00,308005165.00,0.41,6240042.00,11235934.00,11200859.00
00013GCF_000225785.1_LatCha1.fna,37246.00,4874.00,0.13,11911.00,6644.00,13817.00,0.37,0.21,0.43,0.47,1352635.00,458203.00,700222.00,0.54,0.18,0.28,14756625.00,13443560.00,17961467.00,14384763.00,60546415.00,00013GCF_000225785.1_LatCha1.fna,22819.00,0.41,16104284.00,22525402.00,25058789.00,243896233.00,243952528.00,356729080.00,356644875.00,TRUE,1201222716.00,1140676301.00,0.25,0.35,0.39,0.95,459648576.00,681027725.00,0.40,15646081.00,21172767.00,24358567.00
00014GCF_000230535.1_PelSin_1.0.fna,33854.00,2157.00,0.06,13523.00,6795.00,11379.00,0.43,0.21,0.36,0.47,1337103.00,455231.00,639147.00,0.55,0.19,0.26,14970049.00,14152824.00,17834668.00,14433199.00,61390740.00,00014GCF_000230535.1_PelSin_1.0.fna,19904.00,0.44,18287948.00,26162768.00,24625600.00,307896242.00,307562722.00,394418767.00,394698347.00,TRUE,1404576078.00,1343185338.00,0.26,0.38,0.36,0.96,586336091.00,756849247.00,0.44,17832717.00,24825665.00,23986453.00
00015GCF_000233375.1_ICSASG_v2.fna,103007.00,11776.00,0.11,44471.00,23139.00,23621.00,0.49,0.25,0.26,0.55,3821483.00,1005543.00,1137589.00,0.64,0.17,0.19,55412127.00,55663986.00,50894054.00,39438747.00,201408914.00,00015GCF_000233375.1_ICSASG_v2.fna,232155.00,0.43,15383471.00,22322110.00,20108951.00,241715452.00,241775850.00,319694662.00,319372298.00,TRUE,1122558262.00,921149348.00,0.27,0.39,0.35,0.82,372415189.00,548734159.00,0.40,14377928.00,18500627.00,18971362.00
00016GCF_000238935.1_Melopsittacus_undulatus_6.3.fna,17908.00,1832.00,0.10,7208.00,3433.00,5435.00,0.45,0.21,0.34,0.49,669974.00,187152.00,272822.00,0.59,0.17,0.24,7631443.00,7145547.00,8481950.00,6961598.00,30220538.00,00016GCF_000238935.1_Melopsittacus_undulatus_6.3.fna,25212.00,0.42,10940659.00,17628538.00,16447996.00,185323261.00,185468366.00,253985124.00,253806035.00,TRUE,878582786.00,848362248.00,0.24,0.39,0.37,0.97,356014637.00,492347611.00,0.42,10753507.00,16958564.00,16175174.00
00017GCF_000238955.2_M_zebra_UMD1.fna,43727.00,2216.00,0.05,20697.00,8699.00,12115.00,0.50,0.21,0.29,0.52,1874938.00,436855.00,663316.00,0.63,0.15,0.22,24321532.00,23989028.00,24677547.00,19746820.00,92734927.00,00017GCF_000238955.2_M_zebra_UMD1.fna,3555.00,0.42,6245088.00,12269420.00,11186712.00,122180154.00,122174732.00,165830306.00,165829604.00,TRUE,576014796.00,483279869.00,0.21,0.41,0.38,0.84,196044326.00,287235543.00,0.41,5808233.00,10394482.00,10523396.00
00018GCF_000239375.1_PunNye1.0.fna,39151.00,1932.00,0.05,18439.00,7840.00,10940.00,0.50,0.21,0.29,0.52,1603233.00,377273.00,564519.00,0.63,0.15,0.22,21106322.00,20871023.00,21220179.00,17040341.00,80237865.00,00018GCF_000239375.1_PunNye1.0.fna,7236.00,0.43,5774347.00,11313207.00,10225012.00,113065835.00,113309525.00,152531809.00,152135570.00,TRUE,531042739.00,450804874.00,0.21,0.41,0.37,0.85,184398015.00,266406859.00,0.41,5397074.00,9709974.00,9660493.00
00019GCF_000239395.1_NeoBri1.0.fna,32206.00,2244.00,0.07,14651.00,6214.00,9097.00,0.49,0.21,0.30,0.52,1184639.00,278122.00,424219.00,0.63,0.15,0.22,15471886.00,15241795.00,15633161.00,12606036.00,58952878.00,00019GCF_000239395.1_NeoBri1.0.fna,9099.00,0.43,5708677.00,11144166.00,10090612.00,111748123.00,112117258.00,150526740.00,150060599.00,TRUE,524452720.00,465499842.00,0.21,0.41,0.37,0.89,193151700.00,272348142.00,0.41,5430555.00,9959527.00,9666393.00
00020GCF_000239415.1_AstBur1.0.fna,47697.00,5327.00,0.11,21218.00,8860.00,12292.00,0.50,0.21,0.29,0.52,1887547.00,446058.00,669250.00,0.63,0.15,0.22,24667106.00,24355459.00,24977373.00,19958018.00,93957956.00,00020GCF_000239415.1_AstBur1.0.fna,8001.00,0.43,5829764.00,11394782.00,10286668.00,113793856.00,113912451.00,153402082.00,153287166.00,TRUE,534395555.00,440437599.00,0.21,0.41,0.37,0.82,178683742.00,261753857.00,0.41,5383706.00,9507235.00,9617418.00
00021GCF_000241075.1_Xiphophorus_maculatus-4.4.2.fna,24621.00,2742.00,0.11,11150.00,4514.00,6215.00,0.51,0.21,0.28,0.54,764293.00,150709.00,252687.00,0.65,0.13,0.22,10876349.00,10699719.00,10323536.00,8397243.00,40296847.00,00021GCF_000241075.1_Xiphophorus_maculatus-4.4.2.fna,20632.00,0.42,5226030.00,10186467.00,9397891.00,101873946.00,101904165.00,139956743.00,139431360.00,TRUE,483166214.00,442869367.00,0.21,0.41,0.38,0.92,182202043.00,260667324.00,0.41,5075321.00,9422174.00,9145204.00
00022GCF_000241765.3_Chrysemys_picta_bellii-3.0.3.fna,43626.00,2614.00,0.06,17752.00,9138.00,14122.00,0.43,0.22,0.34,0.48,1965283.00,645822.00,911806.00,0.56,0.18,0.26,22393960.00,21118086.00,26042957.00,20703272.00,90258275.00,00022GCF_000241765.3_Chrysemys_picta_bellii-3.0.3.fna,78595.00,0.44,19678393.00,28135701.00,26400962.00,328768674.00,328804489.00,421890061.00,421943249.00,TRUE,1501406473.00,1411148198.00,0.27,0.38,0.36,0.94,614061117.00,797087081.00,0.44,19032571.00,26170418.00,25489156.00
00023GCF_000242695.1_LepOcu1.fna,42003.00,1649.00,0.04,19441.00,9145.00,11768.00,0.48,0.23,0.29,0.53,1693284.00,392665.00,587473.00,0.63,0.15,0.22,23921215.00,23004861.00,22935692.00,18189981.00,88051749.00,00023GCF_000242695.1_LepOcu1.fna,1926.00,0.42,7638772.00,13193311.00,12783784.00,138718664.00,138724584.00,190390524.00,190376506.00,TRUE,658210278.00,570158529.00,0.23,0.39,0.38,0.87,230517172.00,339641357.00,0.40,7246107.00,11500027.00,12196311.00
00024GCF_000247815.1_FicAlb1.5.fna,27144.00,1686.00,0.06,12485.00,5451.00,7522.00,0.49,0.21,0.30,0.51,1066919.00,251821.00,389056.00,0.62,0.15,0.23,13535840.00,12913862.00,13913618.00,11108015.00,51471335.00,00024GCF_000247815.1_FicAlb1.5.fna,21428.00,0.43,9395606.00,16939046.00,15072731.00,181360118.00,181389636.00,242018035.00,241986670.00,TRUE,846754459.00,795283124.00,0.23,0.41,0.36,0.94,336300052.00,458983072.00,0.42,9143785.00,15872127.00,14683675.00
00025GCF_000277835.1_GeoFor_1.0.fna,17268.00,1298.00,0.08,7556.00,3385.00,5029.00,0.47,0.21,0.31,0.51,632432.00,143897.00,225446.00,0.63,0.14,0.23,7700571.00,7313284.00,8038515.00,6516155.00,29568525.00,00025GCF_000277835.1_GeoFor_1.0.fna,27239.00,0.43,9309636.00,16914712.00,14972985.00,179429286.00,179588214.00,240920205.00,240782188.00,TRUE,840719893.00,811151368.00,0.23,0.41,0.36,0.96,344003645.00,467147723.00,0.42,9165739.00,16282280.00,14747539.00
00026GCF_000281125.2_ASM28112v3.fna,31207.00,2137.00,0.07,12966.00,6393.00,9711.00,0.45,0.22,0.33,0.49,1192496.00,371102.00,524530.00,0.57,0.18,0.25,14024548.00,13303376.00,15765453.00,12656253.00,55749630.00,00026GCF_000281125.2_ASM28112v3.fna,9857.00,0.43,20254154.00,28316071.00,27427890.00,328512127.00,328494909.00,431256369.00,431170379.00,TRUE,1519433784.00,1463684154.00,0.27,0.37,0.36,0.96,629679112.00,834005042.00,0.43,19883052.00,27123575.00,26903360.00
00027GCF_000281125.3_ASM28112v4.fna,43169.00,2176.00,0.05,18609.00,8981.00,13403.00,0.45,0.22,0.33,0.49,1807652.00,565751.00,788708.00,0.57,0.18,0.25,21485757.00,20406736.00,23939646.00,19263073.00,85095212.00,00027GCF_000281125.3_ASM28112v4.fna,7094.00,0.43,20285850.00,28374213.00,27463140.00,329569923.00,329562591.00,432052868.00,432114964.00,TRUE,1523300346.00,1438205134.00,0.27,0.37,0.36,0.94,617240021.00,820965113.00,0.43,19720099.00,26566561.00,26674432.00
00028GCF_000313675.1_ASM31367v1.fna,42933.00,4679.00,0.11,20503.00,7421.00,10330.00,0.54,0.19,0.27,0.53,1537536.00,303690.00,490939.00,0.66,0.13,0.21,21243776.00,21133968.00,20798881.00,16689461.00,79866086.00,00028GCF_000313675.1_ASM31367v1.fna,7189.00,0.43,4682372.00,9951158.00,8559988.00,102035008.00,102102537.00,135058073.00,135026604.00,TRUE,474222222.00,394356136.00,0.20,0.43,0.37,0.83,161759801.00,232596335.00,0.41,4378682.00,8413622.00,8069049.00
00029GCF_000331425.1_PseHum1.0.fna,27834.00,1177.00,0.04,13182.00,5517.00,7958.00,0.49,0.21,0.30,0.51,1191590.00,283862.00,439149.00,0.62,0.15,0.23,15061848.00,14311583.00,15491357.00,12329781.00,57194569.00,00029GCF_000331425.1_PseHum1.0.fna,5406.00,0.43,9235801.00,16620528.00,14685382.00,179650752.00,179161235.00,236289984.00,236873812.00,TRUE,831975783.00,774781214.00,0.23,0.41,0.36,0.93,329438556.00,445342658.00,0.43,8951939.00,15428938.00,14246233.00
00030GCF_000337935.1_Cliv_1.0.fna,19401.00,1772.00,0.09,8197.00,3797.00,5635.00,0.46,0.22,0.32,0.50,700081.00,187730.00,285219.00,0.60,0.16,0.24,8663147.00,8202184.00,9294706.00,7522176.00,33682213.00,00030GCF_000337935.1_Cliv_1.0.fna,14923.00,0.43,10378318.00,17240450.00,15712560.00,189497096.00,189418917.00,249271016.00,249351636.00,TRUE,877538665.00,843856452.00,0.24,0.40,0.36,0.96,362050682.00,481805770.00,0.43,10190588.00,16540369.00,15427341.00
00031GCF_000337955.1_F_peregrinus_v1.0.fna,22064.00,1226.00,0.06,9330.00,4609.00,6899.00,0.45,0.22,0.33,0.49,864147.00,258312.00,373945.00,0.58,0.17,0.25,9930078.00,9278296.00,11204348.00,9121211.00,39533933.00,00031GCF_000337955.1_F_peregrinus_v1.0.fna,7021.00,0.43,11587943.00,18224652.00,16971926.00,204635895.00,204469862.00,267056096.00,267243047.00,TRUE,943404900.00,903870967.00,0.25,0.39,0.36,0.96,389897383.00,513973584.00,0.43,11329631.00,17360505.00,16597981.00
00032GCF_000337975.1_F_cherrug_v1.0.fna,21713.00,1246.00,0.06,9157.00,4579.00,6731.00,0.45,0.22,0.33,0.48,856172.00,257081.00,371918.00,0.58,0.17,0.25,9756105.00,9110591.00,11089767.00,9024902.00,38981365.00,00032GCF_000337975.1_F_cherrug_v1.0.fna,5863.00,0.43,11564618.00,18175466.00,16977816.00,203798124.00,204255894.00,267236534.00,266706450.00,TRUE,941997002.00,903015637.00,0.25,0.39,0.36,0.96,389187322.00,513828315.00,0.43,11307537.00,17319294.00,16605898.00
00033GCF_000344595.1_CheMyd_1.0.fna,21106.00,1739.00,0.08,8278.00,4178.00,6911.00,0.43,0.22,0.36,0.49,750773.00,236376.00,335707.00,0.57,0.18,0.25,8745423.00,8255871.00,9852140.00,8052182.00,34905616.00,00033GCF_000344595.1_CheMyd_1.0.fna,140023.00,0.44,19480539.00,28200037.00,26297634.00,326736227.00,327145213.00,420854273.00,420804609.00,TRUE,1495540322.00,1460634706.00,0.26,0.38,0.36,0.98,636880146.00,823754560.00,0.44,19244163.00,27449264.00,25961927.00
00034GCF_000355885.1_BGI_duck_1.0.fna,32174.00,2907.00,0.09,12892.00,6216.00,10159.00,0.44,0.21,0.35,0.48,1332580.00,417708.00,613049.00,0.56,0.18,0.26,15070792.00,14110110.00,17810087.00,14198026.00,61189015.00,00034GCF_000355885.1_BGI_duck_1.0.fna,78488.00,0.43,10456470.00,16728018.00,15557490.00,184994710.00,185274083.00,244563602.00,244317721.00,TRUE,859150116.00,797961101.00,0.24,0.39,0.36,0.93,341087891.00,456873210.00,0.43,10038762.00,15395438.00,14944441.00
00035GCF_000372685.1_Astyanax_mexicanus-1.0.2.fna,34148.00,2163.00,0.06,15022.00,6546.00,10417.00,0.47,0.20,0.33,0.52,1236862.00,290404.00,488447.00,0.61,0.14,0.24,16386727.00,15941562.00,16209701.00,13123204.00,61661194.00,00035GCF_000372685.1_Astyanax_mexicanus-1.0.2.fna,10735.00,0.41,7726021.00,11954279.00,12785703.00,124500724.00,124467078.00,175676883.00,175517067.00,TRUE,600161752.00,538500558.00,0.24,0.37,0.39,0.90,216639513.00,321861045.00,0.40,7435617.00,10717417.00,12297256.00
00036GCF_000385455.1_Zonotrichia_albicollis-1.0.1.fna,26867.00,4440.00,0.17,10649.00,4932.00,6846.00,0.47,0.22,0.31,0.50,1021093.00,243880.00,376656.00,0.62,0.15,0.23,12268950.00,11623503.00,13089908.00,10487085.00,47469446.00,00036GCF_000385455.1_Zonotrichia_albicollis-1.0.1.fna,6018.00,0.43,8849025.00,16448581.00,14456351.00,173599553.00,173351521.00,232864121.00,233150121.00,TRUE,812965316.00,765495870.00,0.22,0.41,0.36,0.94,323058621.00,442437249.00,0.42,8605145.00,15427488.00,14079695.00
00037GCF_000455745.1_ASM45574v1.fna,29208.00,1913.00,0.07,12147.00,6098.00,9050.00,0.45,0.22,0.33,0.49,1064579.00,329906.00,465718.00,0.57,0.18,0.25,12467189.00,11862233.00,14021808.00,11377724.00,49728954.00,00037GCF_000455745.1_ASM45574v1.fna,9317.00,0.43,20545792.00,28834417.00,27896173.00,334864431.00,334822611.00,439043177.00,439316679.00,TRUE,1548046898.00,1498317944.00,0.27,0.37,0.36,0.97,645357620.00,852960324.00,0.43,20215886.00,27769838.00,27430455.00
00038GCF_000485575.1_Poecilia_formosa-5.1.2.fna,49941.00,1788.00,0.04,24884.00,10141.00,13128.00,0.52,0.21,0.27,0.54,2059457.00,403066.00,678830.00,0.66,0.13,0.22,29838944.00,29666366.00,28460186.00,22398384.00,110363880.00,00038GCF_000485575.1_Poecilia_formosa-5.1.2.fna,3985.00,0.43,5409933.00,11048408.00,9978209.00,111570820.00,111675489.00,150143426.00,150202042.00,TRUE,523591777.00,413227897.00,0.20,0.42,0.38,0.79,163740999.00,249486898.00,0.40,5006867.00,8988951.00,9299379.00
00039GCF_000523025.1_Cse_v1.0.fna,37504.00,1926.00,0.05,18419.00,7236.00,9923.00,0.52,0.20,0.28,0.52,1488682.00,305545.00,479902.00,0.65,0.13,0.21,19596536.00,19551526.00,19721076.00,15719988.00,74589126.00,00039GCF_000523025.1_Cse_v1.0.fna,29643.00,0.44,3402078.00,7226882.00,6003635.00,72813150.00,72885524.00,93893938.00,93972198.00,TRUE,333564810.00,258975684.00,0.20,0.43,0.36,0.78,106550612.00,152425072.00,0.41,3096533.00,5738200.00,5523733.00
00040GCF_000534875.1_SCA1.fna,30859.00,2285.00,0.07,13893.00,6105.00,8576.00,0.49,0.21,0.30,0.51,1317287.00,318011.00,486256.00,0.62,0.15,0.23,15932728.00,15059065.00,16895936.00,13456796.00,61344525.00,00040GCF_000534875.1_SCA1.fna,304400.00,0.43,9676579.00,17771509.00,15663284.00,191779582.00,192130167.00,254677328.00,253932421.00,TRUE,892519498.00,831174973.00,0.22,0.41,0.36,0.93,352917956.00,478257017.00,0.42,9358568.00,16454222.00,15177028.00
00041GCF_000633615.1_Guppy_female_1.0_MT.fna,44063.00,1634.00,0.04,22067.00,8909.00,11453.00,0.52,0.21,0.27,0.54,1782331.00,356250.00,591016.00,0.65,0.13,0.22,26092231.00,26053510.00,24866995.00,19638181.00,96650917.00,00041GCF_000633615.1_Guppy_female_1.0_MT.fna,2768.00,0.43,4972093.00,10112752.00,9214124.00,102213734.00,102187319.00,138172404.00,138172892.00,TRUE,480746349.00,384095432.00,0.20,0.42,0.38,0.80,152255312.00,231840120.00,0.40,4615843.00,8330421.00,8623108.00
00042GCF_000687185.1_ASM68718v1.fna,16577.00,1455.00,0.09,6625.00,3242.00,5255.00,0.44,0.21,0.35,0.49,603945.00,178411.00,261422.00,0.58,0.17,0.25,7068947.00,6648410.00,7920130.00,6480695.00,28118182.00,00042GCF_000687185.1_ASM68718v1.fna,11791.00,0.44,11287354.00,17776509.00,16552427.00,204311443.00,204283575.00,262354024.00,262416162.00,TRUE,933365204.00,905247022.00,0.25,0.39,0.36,0.97,394877661.00,510369361.00,0.44,11108943.00,17172564.00,16291005.00
00043GCF_000687205.1_ASM68720v1.fna,19509.00,8001.00,0.41,4697.00,2478.00,4333.00,0.41,0.22,0.38,0.47,501273.00,155322.00,230307.00,0.57,0.18,0.26,5321277.00,4896739.00,6424184.00,5273169.00,21915369.00,00043GCF_000687205.1_ASM68720v1.fna,62122.00,0.42,11517976.00,18105740.00,16806012.00,192931633.00,192980722.00,261508062.00,261466112.00,TRUE,908886529.00,886971160.00,0.25,0.39,0.36,0.98,375694339.00,511276821.00,0.42,11362654.00,17604467.00,16575705.00
00044GCF_000687285.1_ASM68728v1.fna,20721.00,7825.00,0.38,5417.00,2809.00,4670.00,0.42,0.22,0.36,0.48,532805.00,162987.00,237137.00,0.57,0.17,0.25,5888786.00,5461102.00,6871164.00,5635695.00,23856747.00,00044GCF_000687285.1_ASM68728v1.fna,66785.00,0.43,11465463.00,17764252.00,16657257.00,200556864.00,200682049.00,262102278.00,261801221.00,TRUE,925142412.00,901285665.00,0.25,0.39,0.36,0.97,389889025.00,511396640.00,0.43,11302476.00,17231447.00,16420120.00
00045GCF_000687375.1_ASM68737v1.fna,21345.00,8735.00,0.41,5250.00,2796.00,4564.00,0.42,0.22,0.36,0.48,512566.00,155786.00,227119.00,0.57,0.17,0.25,5710161.00,5307251.00,6632300.00,5439133.00,23088845.00,00045GCF_000687375.1_ASM68737v1.fna,63982.00,0.43,11722642.00,18060153.00,16943159.00,201499578.00,201318460.00,265812016.00,265768027.00,TRUE,934398081.00,911309236.00,0.25,0.39,0.36,0.98,391800626.00,519508610.00,0.43,11566856.00,17547587.00,16716040.00
00046GCF_000690535.1_ASM69053v1.fna,20617.00,7744.00,0.38,5435.00,2819.00,4619.00,0.42,0.22,0.36,0.48,527404.00,159883.00,233870.00,0.57,0.17,0.25,5870297.00,5456419.00,6830767.00,5602684.00,23760167.00,00046GCF_000690535.1_ASM69053v1.fna,53474.00,0.43,11562619.00,17950292.00,16692183.00,199657711.00,199635871.00,262973376.00,262906555.00,TRUE,925173513.00,901413346.00,0.25,0.39,0.36,0.97,387966866.00,513446480.00,0.43,11402736.00,17422888.00,16458313.00
00047GCF_000690715.1_ASM69071v1.fna,21219.00,9622.00,0.45,5101.00,2493.00,4003.00,0.44,0.21,0.35,0.48,486476.00,134753.00,200292.00,0.59,0.16,0.24,5417209.00,5068931.00,6213797.00,5067382.00,21767319.00,00047GCF_000690715.1_ASM69071v1.fna,70188.00,0.42,10864639.00,17836991.00,16111152.00,181858510.00,181864780.00,251967440.00,251844243.00,TRUE,867534973.00,845767654.00,0.24,0.40,0.36,0.97,353237150.00,492530504.00,0.42,10729886.00,17350515.00,15910860.00
00048GCF_000690725.1_Stegastes_partitus-1.0.2.fna,32287.00,1987.00,0.06,15531.00,6636.00,8133.00,0.51,0.22,0.27,0.54,1211333.00,227396.00,350640.00,0.68,0.13,0.20,17367181.00,17345562.00,16371498.00,12836457.00,63920698.00,00048GCF_000690725.1_Stegastes_partitus-1.0.2.fna,5818.00,0.44,5668803.00,12166918.00,10164566.00,124118055.00,124258047.00,159495554.00,159091018.00,TRUE,566962674.00,503041976.00,0.20,0.43,0.36,0.89,213663359.00,289378617.00,0.42,5441407.00,10955585.00,9813926.00
00049GCF_000690775.1_ASM69077v1.fna,20598.00,8810.00,0.43,5063.00,2650.00,4075.00,0.43,0.22,0.35,0.49,471157.00,136947.00,203785.00,0.58,0.17,0.25,5585335.00,5228266.00,6221462.00,5091191.00,22126254.00,00049GCF_000690775.1_ASM69077v1.fna,62699.00,0.44,10447432.00,17015561.00,15452439.00,193495317.00,193481838.00,247635624.00,247484093.00,TRUE,882096872.00,859970618.00,0.24,0.40,0.36,0.97,376163554.00,483807064.00,0.44,10310485.00,16544404.00,15248654.00
00050GCF_000690835.1_ASM69083v1.fna,20968.00,8249.00,0.39,5326.00,2744.00,4649.00,0.42,0.22,0.37,0.48,519665.00,161376.00,235745.00,0.57,0.18,0.26,5797597.00,5380824.00,6780365.00,5554237.00,23513023.00,00050GCF_000690835.1_ASM69083v1.fna,57389.00,0.43,11674590.00,17837283.00,16908774.00,200914890.00,200762388.00,263956629.00,263939159.00,TRUE,929573066.00,906060043.00,0.25,0.38,0.36,0.97,390498857.00,515561186.00,0.43,11513214.00,17317618.00,16673029.00
00051GCF_000690875.1_ASM69087v1.fna,20345.00,8114.00,0.40,5032.00,2651.00,4548.00,0.41,0.22,0.37,0.47,506019.00,157736.00,230574.00,0.57,0.18,0.26,5514433.00,5096872.00,6542828.00,5364263.00,22518396.00,00051GCF_000690875.1_ASM69087v1.fna,61831.00,0.43,11603856.00,17810372.00,16755335.00,198528590.00,198599514.00,262007266.00,261729865.00,TRUE,920865235.00,898346839.00,0.25,0.39,0.36,0.98,386516799.00,511830040.00,0.43,11446120.00,17304353.00,16524761.00
00052GCF_000691405.1_ASM69140v1.fna,23387.00,7257.00,0.31,6881.00,3444.00,5805.00,0.43,0.21,0.36,0.46,675473.00,215114.00,312643.00,0.56,0.18,0.26,7132879.00,6525402.00,8672190.00,7090427.00,29420898.00,00052GCF_000691405.1_ASM69140v1.fna,50905.00,0.43,11823768.00,18038243.00,17031564.00,198590102.00,198058445.00,264816840.00,265076672.00,TRUE,926542059.00,897121161.00,0.25,0.38,0.36,0.97,382990266.00,514130895.00,0.43,11608654.00,17362770.00,16718921.00
00053GCF_000691785.1_ASM69178v1.fna,21002.00,8182.00,0.39,5453.00,2879.00,4488.00,0.43,0.22,0.35,0.48,524010.00,155687.00,226525.00,0.58,0.17,0.25,6051707.00,5640308.00,6828561.00,5593228.00,24113804.00,00053GCF_000691785.1_ASM69178v1.fna,57160.00,0.44,11378542.00,17956372.00,16484817.00,201958906.00,201659789.00,261935123.00,262081332.00,TRUE,927635150.00,903521346.00,0.25,0.39,0.36,0.97,391926680.00,511594666.00,0.43,11222855.00,17432362.00,16258292.00
00054GCF_000691845.1_ASM69184v1.fna,20819.00,9401.00,0.45,5071.00,2614.00,3733.00,0.44,0.23,0.33,0.49,476511.00,129515.00,193384.00,0.60,0.16,0.24,5492684.00,5160754.00,6114866.00,4976231.00,21744535.00,00054GCF_000691845.1_ASM69184v1.fna,53499.00,0.43,10457678.00,17109134.00,15406576.00,183880127.00,183862150.00,245201752.00,245051851.00,TRUE,857995880.00,836251345.00,0.24,0.40,0.36,0.97,357088839.00,479162506.00,0.43,10328163.00,16632623.00,15213192.00
00055GCF_000691975.1_ASM69197v1.fna,30281.00,1947.00,0.06,13498.00,6017.00,8819.00,0.48,0.21,0.31,0.49,1306959.00,340275.00,522056.00,0.60,0.16,0.24,15326976.00,14433137.00,16980453.00,13606467.00,60347033.00,00055GCF_000691975.1_ASM69197v1.fna,10547.00,0.43,9628404.00,17007630.00,15184019.00,184709041.00,184187924.00,243749330.00,244282048.00,TRUE,856928343.00,796581310.00,0.23,0.41,0.36,0.93,339136852.00,457444458.00,0.43,9288129.00,15700671.00,14661963.00
00056GCF_000692015.1_ASM69201v2.fna,16520.00,1786.00,0.11,6863.00,3202.00,4669.00,0.47,0.22,0.32,0.50,573179.00,141201.00,219989.00,0.61,0.15,0.24,6957769.00,6585729.00,7437377.00,6035492.00,27016367.00,00056GCF_000692015.1_ASM69201v2.fna,92755.00,0.43,10567915.00,18250264.00,16527882.00,193254107.00,193205543.00,261104598.00,260958598.00,TRUE,908522846.00,881506479.00,0.23,0.40,0.36,0.97,372916152.00,508590327.00,0.42,10426714.00,17677085.00,16307893.00
00057GCF_000692075.1_ASM69207v1.fna,15599.00,1537.00,0.10,6161.00,3085.00,4816.00,0.44,0.22,0.34,0.49,569272.00,168428.00,244783.00,0.58,0.17,0.25,6641281.00,6166191.00,7439511.00,6098990.00,26345973.00,00057GCF_000692075.1_ASM69207v1.fna,10256.00,0.44,11088147.00,17689449.00,16055463.00,201567191.00,201639135.00,258993542.00,258986143.00,TRUE,921186011.00,894840038.00,0.25,0.39,0.36,0.97,390398854.00,504441184.00,0.44,10919719.00,17120177.00,15810680.00
00058GCF_000695195.1_ASM69519v1.fna,20323.00,8037.00,0.40,5202.00,2647.00,4437.00,0.42,0.22,0.36,0.48,501094.00,150429.00,221969.00,0.57,0.17,0.25,5607652.00,5211320.00,6490285.00,5316092.00,22625349.00,00058GCF_000695195.1_ASM69519v1.fna,59693.00,0.43,10768434.00,16921164.00,15582906.00,188109277.00,187780516.00,246424507.00,246603372.00,TRUE,868917672.00,846292323.00,0.25,0.39,0.36,0.97,365070821.00,481221502.00,0.43,10618005.00,16420070.00,15360937.00
00059GCF_000695765.1_ASM69576v1.fna,21541.00,8663.00,0.40,5603.00,2800.00,4475.00,0.44,0.22,0.35,0.49,508669.00,139982.00,211778.00,0.59,0.16,0.25,5984660.00,5627876.00,6621868.00,5420373.00,23654777.00,00059GCF_000695765.1_ASM69576v1.fna,67520.00,0.43,10527783.00,17313424.00,15879697.00,188845490.00,188678132.00,250327092.00,250283394.00,TRUE,878134108.00,854479331.00,0.24,0.40,0.36,0.97,365911086.00,488568245.00,0.43,10387801.00,16804755.00,15667919.00
00060GCF_000695815.1_ASM69581v1.fna,21067.00,8379.00,0.40,5732.00,2954.00,4002.00,0.45,0.23,0.32,0.49,528193.00,132076.00,193292.00,0.62,0.15,0.23,5994767.00,5625281.00,6614443.00,5406081.00,23640572.00,00060GCF_000695815.1_ASM69581v1.fna,53875.00,0.42,10250760.00,17307107.00,15244196.00,179033690.00,178764380.00,244262305.00,244347168.00,TRUE,846407543.00,822766971.00,0.24,0.40,0.36,0.97,346178022.00,476588949.00,0.42,10118684.00,16778914.00,15050904.00
00061GCF_000696875.1_ASM69687v1.fna,20299.00,7470.00,0.37,5560.00,2828.00,4441.00,0.43,0.22,0.35,0.48,542752.00,152435.00,225369.00,0.59,0.17,0.24,5999269.00,5594511.00,6883603.00,5632281.00,24109664.00,00061GCF_000696875.1_ASM69687v1.fna,42180.00,0.42,10787719.00,17164563.00,16040776.00,182725137.00,182964588.00,248894825.00,248513154.00,TRUE,863097704.00,838988040.00,0.25,0.39,0.36,0.97,354095945.00,484892095.00,0.42,10635284.00,16621811.00,15815407.00
00062GCF_000698965.1_ASM69896v1.fna,26150.00,1636.00,0.06,10427.00,5499.00,8588.00,0.43,0.22,0.35,0.47,1094752.00,364081.00,509512.00,0.56,0.18,0.26,12129512.00,11275782.00,14405667.00,11732519.00,49543480.00,00062GCF_000698965.1_ASM69896v1.fna,6915.00,0.43,13114965.00,18661346.00,17930712.00,209347145.00,209367631.00,276189995.00,276128605.00,TRUE,971033376.00,921489896.00,0.26,0.38,0.36,0.95,395309482.00,526180414.00,0.43,12750884.00,17566594.00,17421200.00
00063GCF_000699005.1_ASM69900v1.fna,16643.00,1728.00,0.10,6943.00,3430.00,4542.00,0.47,0.23,0.30,0.51,594098.00,149271.00,210941.00,0.62,0.16,0.22,7165316.00,6824402.00,7515849.00,6129774.00,27635341.00,00063GCF_000699005.1_ASM69900v1.fna,31254.00,0.43,9420418.00,16244626.00,14206867.00,172707010.00,172727469.00,230241095.00,230063583.00,TRUE,805739157.00,778103816.00,0.24,0.41,0.36,0.97,331444761.00,446659055.00,0.43,9271147.00,15650528.00,13995926.00
00064GCF_000699085.1_ASM69908v1.fna,17130.00,1725.00,0.10,7108.00,3250.00,5047.00,0.46,0.21,0.33,0.49,638287.00,156392.00,237980.00,0.62,0.15,0.23,7201183.00,6823733.00,7956713.00,6507980.00,28489609.00,00064GCF_000699085.1_ASM69908v1.fna,54736.00,0.42,10113895.00,17386152.00,15643254.00,181616990.00,181931177.00,247519264.00,247163013.00,TRUE,858230444.00,829740835.00,0.23,0.40,0.36,0.97,349523251.00,480217584.00,0.42,9957503.00,16747865.00,15405274.00
00065GCF_000699105.1_ASM69910v1.fna,17533.00,1405.00,0.08,6870.00,3482.00,5776.00,0.43,0.22,0.36,0.48,677533.00,209280.00,307322.00,0.57,0.18,0.26,7683943.00,7150558.00,8929397.00,7179554.00,30943452.00,00065GCF_000699105.1_ASM69910v1.fna,19265.00,0.43,11802361.00,18154226.00,17080386.00,204202504.00,204533269.00,267679515.00,267302697.00,TRUE,943717985.00,912774533.00,0.25,0.39,0.36,0.97,393901272.00,518873261.00,0.43,11593081.00,17476693.00,16773064.00
00066GCF_000699145.1_ASM69914v1.fna,19610.00,1290.00,0.07,7970.00,4005.00,6345.00,0.44,0.22,0.35,0.49,763668.00,231586.00,336781.00,0.57,0.17,0.25,8969479.00,8420522.00,10112968.00,8129794.00,35632763.00,00066GCF_000699145.1_ASM69914v1.fna,10672.00,0.43,11986333.00,18443766.00,17304366.00,209077546.00,209326397.00,271943835.00,271696243.00,TRUE,962044021.00,926411258.00,0.25,0.39,0.36,0.96,401013942.00,525397316.00,0.43,11754747.00,17680098.00,16967585.00
00067GCF_000699245.1_ASM69924v1.fna,20835.00,8511.00,0.41,5204.00,2747.00,4373.00,0.42,0.22,0.35,0.48,503776.00,148135.00,220091.00,0.58,0.17,0.25,5654766.00,5272358.00,6533218.00,5349910.00,22810252.00,00067GCF_000699245.1_ASM69924v1.fna,58607.00,0.43,10435315.00,16858704.00,15403550.00,186907626.00,186598996.00,245264579.00,245512204.00,TRUE,864283405.00,841473153.00,0.24,0.39,0.36,0.97,362579498.00,478893655.00,0.43,10287180.00,16354928.00,15183459.00
00068GCF_000700745.1_ASM70074v1.fna,21793.00,9364.00,0.43,5270.00,2676.00,4483.00,0.42,0.22,0.36,0.48,523080.00,150305.00,225082.00,0.58,0.17,0.25,5715243.00,5342615.00,6671692.00,5483218.00,23212768.00,00068GCF_000700745.1_ASM70074v1.fna,70122.00,0.43,10973654.00,17844224.00,16270238.00,189454056.00,189396557.00,256035815.00,256113889.00,TRUE,891000317.00,867787549.00,0.24,0.40,0.36,0.97,367792755.00,499994794.00,0.42,10823349.00,17321144.00,16045156.00
00069GCF_000703405.1_ASM70340v1.fna,19877.00,7788.00,0.39,5128.00,2627.00,4334.00,0.42,0.22,0.36,0.48,488191.00,143518.00,213852.00,0.58,0.17,0.25,5619863.00,5241120.00,6411769.00,5244765.00,22517517.00,00069GCF_000703405.1_ASM70340v1.fna,54728.00,0.43,10459870.00,16793129.00,15450013.00,184765281.00,184914283.00,243954293.00,243702645.00,TRUE,857336502.00,834818985.00,0.24,0.39,0.36,0.97,358818581.00,476000404.00,0.43,10316352.00,16304938.00,15236161.00
00070GCF_000705375.1_ASM70537v2.fna,20137.00,4355.00,0.22,6916.00,3639.00,5227.00,0.44,0.23,0.33,0.50,594190.00,179948.00,262693.00,0.57,0.17,0.25,7388800.00,6976114.00,8049719.00,6550277.00,28964910.00,00070GCF_000705375.1_ASM70537v2.fna,82514.00,0.44,10458527.00,15735601.00,14806039.00,181474433.00,181689240.00,234266589.00,234043246.00,TRUE,831473508.00,802508598.00,0.26,0.38,0.36,0.97,348798759.00,453709839.00,0.43,10278579.00,15141411.00,14543346.00
00071GCF_000708025.1_ASM70802v2.fna,17143.00,1567.00,0.09,6742.00,3368.00,5466.00,0.43,0.22,0.35,0.49,623764.00,183535.00,270387.00,0.58,0.17,0.25,7311923.00,6858208.00,8181993.00,6696509.00,29048633.00,00071GCF_000708025.1_ASM70802v2.fna,15167.00,0.44,11540830.00,18270311.00,17035198.00,207860024.00,207787947.00,269004352.00,269057388.00,TRUE,953709711.00,924661078.00,0.25,0.39,0.36,0.97,401477840.00,523183238.00,0.43,11357295.00,17646547.00,16764811.00
00072GCF_000708225.1_ASM70822v1.fna,17729.00,1513.00,0.09,7183.00,3542.00,5491.00,0.44,0.22,0.34,0.50,632352.00,186069.00,271809.00,0.58,0.17,0.25,7790753.00,7369748.00,8415708.00,6883371.00,30459580.00,00072GCF_000708225.1_ASM70822v1.fna,59555.00,0.44,11910462.00,18516394.00,17274046.00,211189323.00,210704872.00,272133066.00,272513607.00,TRUE,966540868.00,936081288.00,0.25,0.39,0.36,0.97,406733694.00,529347594.00,0.43,11724393.00,17884042.00,17002237.00
00073GCF_000708925.1_ASM70892v1.fna,20053.00,8195.00,0.41,4951.00,2573.00,4334.00,0.42,0.22,0.37,0.47,500959.00,153863.00,226672.00,0.57,0.17,0.26,5421015.00,5010224.00,6434876.00,5269037.00,22135152.00,00073GCF_000708925.1_ASM70892v1.fna,64312.00,0.43,11674407.00,18019254.00,16918423.00,200264365.00,199700125.00,263946810.00,264419484.00,TRUE,928330784.00,906195632.00,0.25,0.39,0.36,0.98,389533251.00,516662381.00,0.43,11520544.00,17518295.00,16691751.00
00074GCF_000709325.1_ASM70932v1.fna,17378.00,1313.00,0.08,7232.00,3477.00,5356.00,0.45,0.22,0.33,0.49,639893.00,178718.00,262260.00,0.59,0.17,0.24,7515150.00,7066284.00,8273194.00,6799837.00,29654465.00,00074GCF_000709325.1_ASM70932v1.fna,14930.00,0.43,11106716.00,17694348.00,16398695.00,193317988.00,193534093.00,258170375.00,257847274.00,TRUE,902869730.00,873215265.00,0.25,0.39,0.36,0.97,372270647.00,500944618.00,0.43,10927998.00,17054455.00,16136435.00
00075GCF_000709365.1_ASM70936v1.fna,20552.00,7756.00,0.38,5520.00,2793.00,4483.00,0.43,0.22,0.35,0.48,514619.00,153289.00,224910.00,0.58,0.17,0.25,5934797.00,5544528.00,6762186.00,5530662.00,23772173.00,00075GCF_000709365.1_ASM70936v1.fna,59587.00,0.43,11176072.00,17932865.00,16331362.00,198287707.00,198124688.00,260152057.00,260239745.00,TRUE,916804197.00,893032024.00,0.25,0.39,0.36,0.97,384933070.00,508098954.00,0.43,11022783.00,17418246.00,16106452.00
00076GCF_000709895.1_ASM70989v1.fna,20616.00,7713.00,0.37,5447.00,2781.00,4675.00,0.42,0.22,0.36,0.48,527930.00,160303.00,234547.00,0.57,0.17,0.25,5904097.00,5507625.00,6858914.00,5628328.00,23898964.00,00076GCF_000709895.1_ASM70989v1.fna,53491.00,0.43,11432846.00,17769207.00,16525107.00,197348625.00,197203786.00,260074549.00,260108350.00,TRUE,914735310.00,890836346.00,0.25,0.39,0.36,0.97,383140689.00,507695657.00,0.43,11272543.00,17241277.00,16290560.00
00077GCF_000710305.1_ASM71030v1.fna,20048.00,7849.00,0.39,5276.00,2782.00,4141.00,0.43,0.23,0.34,0.49,504601.00,144509.00,213121.00,0.59,0.17,0.25,5865086.00,5492063.00,6575572.00,5364840.00,23297561.00,00077GCF_000710305.1_ASM71030v1.fna,62257.00,0.44,10079159.00,16784054.00,14929306.00,190273203.00,190140884.00,241481349.00,241591649.00,TRUE,863487085.00,840189524.00,0.24,0.40,0.36,0.97,369056938.00,471132586.00,0.44,9934650.00,16279453.00,14716185.00
00078GCF_000721915.2_ASM72191v2.fna,44084.00,1841.00,0.04,20852.00,10264.00,11127.00,0.49,0.24,0.26,0.55,1633367.00,405304.00,525040.00,0.64,0.16,0.20,23599701.00,23530756.00,21684392.00,17307744.00,86122593.00,00078GCF_000721915.2_ASM72191v2.fna,1520.00,0.43,7953745.00,12481732.00,11443475.00,135449523.00,135538797.00,177884044.00,177871154.00,TRUE,626743518.00,540620925.00,0.25,0.39,0.36,0.86,223857863.00,316763062.00,0.41,7548441.00,10848365.00,10918435.00
00079GCF_000721915.3_Eluc_V3.fna,51839.00,1854.00,0.04,24622.00,12097.00,13266.00,0.49,0.24,0.27,0.55,2053108.00,515020.00,663826.00,0.64,0.16,0.21,29588194.00,29507858.00,27289659.00,21757840.00,108143551.00,00079GCF_000721915.3_Eluc_V3.fna,1019.00,0.43,7960391.00,12484062.00,11446147.00,135519491.00,135467348.00,177841401.00,177911772.00,TRUE,626740012.00,518596461.00,0.25,0.39,0.36,0.83,211890787.00,306705674.00,0.41,7445371.00,10430954.00,10782321.00
00080GCF_000732505.1_C_variegatus-1.0.fna,37167.00,1977.00,0.05,17303.00,7257.00,10630.00,0.49,0.21,0.30,0.52,1487912.00,345660.00,576253.00,0.62,0.14,0.24,19736603.00,19544567.00,20037470.00,16054453.00,75373093.00,00080GCF_000732505.1_C_variegatus-1.0.fna,9259.00,0.41,7445720.00,12698497.00,13184087.00,127636192.00,127795182.00,182605792.00,182521735.00,TRUE,620558901.00,545185808.00,0.22,0.38,0.40,0.88,216150204.00,329035604.00,0.40,7100060.00,11210585.00,12607834.00
00081GCF_000735185.1_NC01.fna,35046.00,6473.00,0.18,13679.00,6077.00,8817.00,0.48,0.21,0.31,0.54,885692.00,185546.00,290148.00,0.65,0.14,0.21,12623692.00,12569679.00,11995781.00,9473609.00,46662761.00,00081GCF_000735185.1_NC01.fna,38657.00,0.42,4861378.00,9065377.00,8689070.00,93186599.00,93225704.00,127132816.00,127126602.00,TRUE,440671721.00,394008960.00,0.21,0.40,0.38,0.89,161218932.00,232790028.00,0.41,4675832.00,8179685.00,8398922.00
00082GCF_000737465.1_Haliaeetus_leucocephalus-4.0.fna,25608.00,1083.00,0.04,11064.00,5294.00,8167.00,0.45,0.22,0.33,0.49,1067750.00,328950.00,468717.00,0.57,0.18,0.25,12557447.00,11745638.00,14039001.00,11364240.00,49706326.00,00082GCF_000737465.1_Haliaeetus_leucocephalus-4.0.fna,1023.00,0.43,11835339.00,18165163.00,17079360.00,205268550.00,205410431.00,267955248.00,267937376.00,TRUE,946571605.00,896865279.00,0.25,0.39,0.36,0.95,386375896.00,510489383.00,0.43,11506389.00,17097413.00,16610643.00
00083GCF_000738735.1_Hooded_Crow_genome.fna,30455.00,1639.00,0.05,13462.00,6228.00,9126.00,0.47,0.22,0.32,0.49,1402147.00,371774.00,569227.00,0.60,0.16,0.24,16113797.00,15167897.00,18155932.00,14541003.00,63978629.00,00083GCF_000738735.1_Hooded_Crow_genome.fna,1299.00,0.43,9411900.00,16610161.00,14885168.00,178537588.00,178752562.00,238519721.00,237552722.00,TRUE,833362593.00,769383964.00,0.23,0.41,0.36,0.92,326008456.00,443375508.00,0.42,9040126.00,15208014.00,14315941.00
00084GCF_000738735.2_ASM73873v2.fna,30152.00,1475.00,0.05,13299.00,6220.00,9158.00,0.46,0.22,0.32,0.49,1445759.00,383953.00,590776.00,0.60,0.16,0.24,16457298.00,15453392.00,18665274.00,14951883.00,65527847.00,00084GCF_000738735.2_ASM73873v2.fna,113.00,0.43,9357913.00,16470707.00,14755060.00,176941860.00,176996345.00,236189241.00,236142242.00,TRUE,826269688.00,760741841.00,0.23,0.41,0.36,0.92,322027515.00,438714326.00,0.42,8973960.00,15024948.00,14164284.00
00085GCF_000742935.1_ASM74293v1.fna,28891.00,1913.00,0.07,13607.00,5728.00,7643.00,0.50,0.21,0.28,0.53,994129.00,205514.00,308377.00,0.66,0.14,0.20,13625335.00,13499491.00,13145004.00,10497153.00,50766983.00,00085GCF_000742935.1_ASM74293v1.fna,10266.00,0.43,4908404.00,10401093.00,8671981.00,101714882.00,101736739.00,134129213.00,134132085.00,TRUE,471712919.00,420945936.00,0.20,0.43,0.36,0.89,176326795.00,244619141.00,0.42,4702890.00,9406964.00,8363604.00
00086GCF_000747805.1_ChaPel_1.0.fna,16773.00,1685.00,0.10,6887.00,3280.00,4921.00,0.46,0.22,0.33,0.49,624370.00,163067.00,241965.00,0.61,0.16,0.24,7125730.00,6720523.00,7868749.00,6438229.00,28153231.00,00086GCF_000747805.1_ChaPel_1.0.fna,19072.00,0.42,10446901.00,17236516.00,15672919.00,182365797.00,182193394.00,247228205.00,247448949.00,TRUE,859236345.00,831083114.00,0.24,0.40,0.36,0.97,350712938.00,480370176.00,0.42,10283834.00,16612146.00,15430954.00
00087GCF_000766835.1_Aquila_chrysaetos-1.0.2.fna,31627.00,1305.00,0.04,13907.00,6637.00,9778.00,0.46,0.22,0.32,0.49,1355671.00,421499.00,598309.00,0.57,0.18,0.25,16251815.00,15242335.00,18045131.00,14520451.00,64059732.00,00087GCF_000766835.1_Aquila_chrysaetos-1.0.2.fna,1142.00,0.44,11991927.00,18390233.00,17320769.00,209421223.00,209573840.00,271831308.00,271810003.00,TRUE,962636374.00,898576642.00,0.25,0.39,0.36,0.93,387500913.00,511075729.00,0.43,11570428.00,17034562.00,16722460.00
00088GCF_000788275.1_BP.fa.fna,25677.00,1526.00,0.06,11455.00,4533.00,8163.00,0.47,0.19,0.34,0.52,866644.00,198964.00,325551.00,0.62,0.14,0.23,11624399.00,11510457.00,11763200.00,9578742.00,44476798.00,00088GCF_000788275.1_BP.fa.fna,16620.00,0.42,5550041.00,10012754.00,9894971.00,103183469.00,103129658.00,144093462.00,144158444.00,TRUE,494565033.00,450088235.00,0.22,0.39,0.39,0.91,183178271.00,266909964.00,0.41,5351077.00,9146110.00,9569420.00
00089GCF_000826765.1_Fundulus_heteroclitus-3.0.2.fna,34933.00,2843.00,0.08,16372.00,6867.00,8851.00,0.51,0.21,0.28,0.55,1135918.00,225762.00,380649.00,0.65,0.13,0.22,17715169.00,17663285.00,16207726.00,12775701.00,64361881.00,00089GCF_000826765.1_Fundulus_heteroclitus-3.0.2.fna,10180.00,0.43,7203853.00,13417850.00,12664065.00,145298523.00,145643240.00,190202893.00,190162883.00,TRUE,671307539.00,606945658.00,0.22,0.40,0.38,0.90,255563309.00,351382349.00,0.42,6978091.00,12281932.00,12283416.00
00090GCF_000935625.1_ASM93562v1.fna,25433.00,1833.00,0.07,9987.00,4679.00,8934.00,0.42,0.20,0.38,0.47,904900.00,283184.00,456005.00,0.55,0.17,0.28,10454946.00,9878701.00,12360686.00,10218397.00,42912730.00,00090GCF_000935625.1_ASM93562v1.fna,25188.00,0.42,15929919.00,22307990.00,23188086.00,258964299.00,259103154.00,351748808.00,351392008.00,TRUE,1221208269.00,1178295539.00,0.26,0.36,0.38,0.96,497733806.00,680561733.00,0.42,15646735.00,21403090.00,22732081.00
00091GCF_000951615.1_common_carp_genome.fna,65699.00,4236.00,0.06,29277.00,11593.00,20593.00,0.48,0.19,0.34,0.50,1757697.00,415638.00,698011.00,0.61,0.14,0.24,20873687.00,20111617.00,22263197.00,18453672.00,81702173.00,00091GCF_000951615.1_common_carp_genome.fna,9378.00,0.41,11783131.00,22636271.00,21205534.00,212035599.00,212119428.00,308602681.00,308663378.00,TRUE,1041421086.00,959718913.00,0.21,0.41,0.38,0.92,383169723.00,576549190.00,0.40,11367493.00,20878574.00,20507523.00
00092GCF_000966335.1_ASM96633v1.fna,28985.00,1801.00,0.06,13697.00,6119.00,7368.00,0.50,0.23,0.27,0.56,937607.00,191309.00,267802.00,0.67,0.14,0.19,13949376.00,13833241.00,12284457.00,9900405.00,49967479.00,00092GCF_000966335.1_ASM96633v1.fna,6915.00,0.45,5908547.00,10729134.00,8777354.00,114738776.00,114814419.00,142981315.00,142698519.00,TRUE,515233029.00,465265550.00,0.23,0.42,0.35,0.90,201770578.00,263494972.00,0.43,5717238.00,9791527.00,8509552.00
00093GCF_000971095.1_AnsCyg_PRJNA183603_v1.0.fna,32538.00,1846.00,0.06,13535.00,6680.00,10477.00,0.44,0.22,0.34,0.48,1359340.00,428244.00,631099.00,0.56,0.18,0.26,15598973.00,14625105.00,18202050.00,14642728.00,63068856.00,00093GCF_000971095.1_AnsCyg_PRJNA183603_v1.0.fna,7593.00,0.43,10650267.00,16768477.00,15712577.00,188944517.00,189076243.00,246741052.00,246673964.00,TRUE,871435776.00,808366920.00,0.25,0.39,0.36,0.93,347796682.00,460570238.00,0.43,10222023.00,15409137.00,15081478.00
00094GCF_000972845.1_L_crocea_1.0.fna,41571.00,1807.00,0.04,20012.00,8518.00,11234.00,0.50,0.21,0.28,0.53,1660472.00,357220.00,526796.00,0.65,0.14,0.21,22923643.00,22958731.00,22342346.00,17564832.00,85789552.00,00094GCF_000972845.1_L_crocea_1.0.fna,6014.00,0.43,5255869.00,11135861.00,9220989.00,109495016.00,109499959.00,143572559.00,143663832.00,TRUE,506231366.00,420441814.00,0.21,0.43,0.36,0.83,173112601.00,247329213.00,0.41,4898649.00,9475389.00,8694193.00
00095GCF_001039765.1_AptMant0.fna,23941.00,2509.00,0.10,9465.00,4608.00,7359.00,0.44,0.22,0.34,0.48,819161.00,257167.00,367595.00,0.57,0.18,0.25,9453102.00,8839124.00,10782081.00,8834487.00,37908794.00,00095GCF_001039765.1_AptMant0.fna,24720.00,0.43,13988244.00,20857942.00,19867537.00,234966098.00,234963589.00,309159040.00,308959761.00,TRUE,1088048488.00,1050139694.00,0.26,0.38,0.36,0.97,451637461.00,598502233.00,0.43,13731077.00,20038781.00,19499942.00
00096GCF_001077635.1_Thamnophis_sirtalis-6.0.fna,31429.00,9598.00,0.31,9447.00,4322.00,8062.00,0.43,0.20,0.37,0.47,809790.00,283649.00,402409.00,0.54,0.19,0.27,9074835.00,8743570.00,11165898.00,9299652.00,38283955.00,00096GCF_001077635.1_Thamnophis_sirtalis-6.0.fna,7930.00,0.40,9753822.00,14412306.00,15336749.00,148808670.00,148739978.00,223120811.00,223166475.00,TRUE,743835934.00,705551979.00,0.25,0.36,0.39,0.95,279730243.00,425821736.00,0.40,9470173.00,13602516.00,14934340.00
00097GCF_001266775.1_Austrofundulus_limnaeus-1.0.fna,43118.00,12219.00,0.28,16238.00,5689.00,8972.00,0.53,0.18,0.29,0.53,1279150.00,241135.00,427623.00,0.66,0.12,0.22,17860771.00,17948922.00,17293118.00,13897431.00,67000242.00,00097GCF_001266775.1_Austrofundulus_limnaeus-1.0.fna,29785.00,0.42,4479176.00,9779241.00,8764893.00,95695544.00,95746337.00,130813460.00,130583399.00,TRUE,452838740.00,385838498.00,0.19,0.42,0.38,0.85,155632188.00,230206310.00,0.40,4238041.00,8500091.00,8337270.00
00098GCF_001431845.1_ASM143184v1.fna,31416.00,1682.00,0.05,13595.00,6518.00,9621.00,0.46,0.22,0.32,0.50,1258473.00,353007.00,526691.00,0.59,0.17,0.25,15956813.00,15272229.00,17060209.00,13610421.00,61899672.00,00098GCF_001431845.1_ASM143184v1.fna,3753.00,0.44,10977298.00,18093945.00,16611716.00,205097785.00,205120775.00,264404068.00,264316111.00,TRUE,938938739.00,877039067.00,0.24,0.40,0.36,0.93,378989518.00,498049549.00,0.43,10624291.00,16835472.00,16085025.00
00099GCF_001443285.1_P_latipinna-1.0.fna,47837.00,2262.00,0.05,23526.00,9572.00,12477.00,0.52,0.21,0.27,0.54,1885487.00,371696.00,619102.00,0.66,0.13,0.22,27450413.00,27317289.00,26085101.00,20568821.00,101421624.00,00099GCF_001443285.1_P_latipinna-1.0.fna,17988.00,0.43,5172013.00,10555291.00,9536175.00,106671257.00,106643412.00,143358517.00,143496154.00,TRUE,500169340.00,398747716.00,0.20,0.42,0.38,0.80,158546967.00,240200749.00,0.40,4800317.00,8669804.00,8917073.00
00100GCF_001443325.1_P_mexicana-1.0.fna,48134.00,2179.00,0.05,23695.00,9652.00,12608.00,0.52,0.21,0.27,0.54,1881544.00,371670.00,619559.00,0.65,0.13,0.22,27538225.00,27426205.00,26156583.00,20599708.00,101720721.00,00100GCF_001443325.1_P_mexicana-1.0.fna,18105.00,0.43,5178422.00,10572385.00,9546584.00,106865454.00,106868252.00,143556011.00,143665660.00,TRUE,500955377.00,399234656.00,0.20,0.42,0.38,0.80,158769276.00,240465380.00,0.40,4806752.00,8690841.00,8927025.00
00101GCF_001447265.1_Sturnus_vulgaris-1.0.fna,26840.00,1055.00,0.04,12396.00,5438.00,7951.00,0.48,0.21,0.31,0.50,1185635.00,289195.00,450346.00,0.62,0.15,0.23,14437371.00,13688209.00,15342728.00,12249529.00,55717837.00,00101GCF_001447265.1_Sturnus_vulgaris-1.0.fna,2361.00,0.43,9200229.00,16376484.00,14581297.00,175904035.00,175666894.00,233769797.00,234050846.00,TRUE,819391572.00,763673735.00,0.23,0.41,0.36,0.93,323445349.00,440228386.00,0.42,8911034.00,15190849.00,14130951.00
00102GCF_001447785.1_Gekko_japonicus_V1.1.fna,25888.00,3210.00,0.12,10424.00,4868.00,7386.00,0.46,0.21,0.33,0.50,811718.00,239898.00,324705.00,0.59,0.17,0.24,10412860.00,9980949.00,11095603.00,9146596.00,40636008.00,00102GCF_001447785.1_Gekko_japonicus_V1.1.fna,191500.00,0.44,16870779.00,26079549.00,23768560.00,317336656.00,316895320.00,402168159.00,402089784.00,TRUE,1438489919.00,1397853911.00,0.25,0.39,0.36,0.97,613838167.00,784015744.00,0.44,16630881.00,25267831.00,23443855.00
00103GCF_001465895.1_Nfu_20140520.fna,38628.00,3227.00,0.08,18033.00,7437.00,9931.00,0.51,0.21,0.28,0.53,1573953.00,343513.00,536358.00,0.64,0.14,0.22,21173576.00,20976520.00,20847054.00,16784448.00,79781598.00,00103GCF_001465895.1_Nfu_20140520.fna,5897.00,0.43,5436418.00,10826239.00,9650824.00,112348669.00,112350490.00,147388767.00,147212424.00,TRUE,519300350.00,439518752.00,0.21,0.42,0.37,0.85,182549063.00,256969689.00,0.42,5092905.00,9252286.00,9114466.00
00104GCF_001515605.1_SAMN03320099.WGS_v1.1.fna,69683.00,3781.00,0.05,32495.00,12737.00,20670.00,0.49,0.19,0.31,0.51,2690219.00,646520.00,1022254.00,0.62,0.15,0.23,32964590.00,31979380.00,34576282.00,28143601.00,127663853.00,00104GCF_001515605.1_SAMN03320099.WGS_v1.1.fna,85682.00,0.41,10246798.00,19976363.00,18462238.00,188468581.00,188576979.00,272117636.00,271629717.00,TRUE,920792913.00,793129060.00,0.21,0.41,0.38,0.86,312101590.00,481027470.00,0.39,9600278.00,17286144.00,17439984.00
00105GCF_001515625.1_SAMN03320098_v1.1.fna,70364.00,5030.00,0.07,32097.00,12487.00,20750.00,0.49,0.19,0.32,0.51,2577816.00,621104.00,984005.00,0.62,0.15,0.24,31642393.00,30652051.00,33126511.00,27018442.00,122439397.00,00105GCF_001515625.1_SAMN03320098_v1.1.fna,164173.00,0.41,10412732.00,20372387.00,18760953.00,192023225.00,192285697.00,276997378.00,276371233.00,TRUE,937677533.00,815238136.00,0.21,0.41,0.38,0.87,322014478.00,493223658.00,0.39,9791628.00,17794571.00,17776948.00
00106GCF_001515645.1_SAMN03320097.WGS_v1.1.fna,69531.00,5631.00,0.08,30961.00,12450.00,20489.00,0.48,0.19,0.32,0.51,2446828.00,593383.00,940064.00,0.61,0.15,0.24,29816677.00,28913250.00,31394610.00,25709977.00,115834514.00,00106GCF_001515645.1_SAMN03320097.WGS_v1.1.fna,31277.00,0.41,10343249.00,20143812.00,18703662.00,189681898.00,189810261.00,274786636.00,274299701.00,TRUE,928578496.00,812743982.00,0.21,0.41,0.38,0.88,320762232.00,491981750.00,0.39,9749866.00,17696984.00,17763598.00
00107GCF_001522545.1_Parus_major1.0.3.fna,39110.00,1517.00,0.04,18169.00,8029.00,11395.00,0.48,0.21,0.30,0.51,1809308.00,451096.00,699055.00,0.61,0.15,0.24,22185979.00,21125246.00,23586085.00,18856943.00,85754253.00,00107GCF_001522545.1_Parus_major1.0.3.fna,1676.00,0.43,9045984.00,16352206.00,14465973.00,174959807.00,175068678.00,232602117.00,232540747.00,TRUE,815171349.00,729417096.00,0.23,0.41,0.36,0.89,306717260.00,422699836.00,0.42,8594888.00,14542898.00,13766918.00
00108GCF_001522545.2_Parus_major1.1.fna,39961.00,1516.00,0.04,18632.00,8101.00,11712.00,0.48,0.21,0.30,0.51,1845137.00,460209.00,711942.00,0.61,0.15,0.24,22632476.00,21558238.00,24058417.00,19223743.00,87472874.00,00108GCF_001522545.2_Parus_major1.1.fna,1675.00,0.43,9046042.00,16350491.00,14464739.00,174948923.00,175079562.00,232595992.00,232546871.00,TRUE,815171348.00,727698474.00,0.23,0.41,0.36,0.89,305837771.00,421860703.00,0.42,8585833.00,14505354.00,13752797.00
00109GCF_001527695.1_P.Mucros_1.0.fna,24776.00,4294.00,0.17,8985.00,4066.00,7431.00,0.44,0.20,0.36,0.47,733261.00,237658.00,342242.00,0.56,0.18,0.26,8499193.00,8139150.00,9997174.00,8451900.00,35087417.00,00109GCF_001527695.1_P.Mucros_1.0.fna,52281.00,0.40,12657323.00,18628365.00,19782149.00,192972461.00,193099462.00,288455311.00,288381952.00,TRUE,962909186.00,927821769.00,0.25,0.36,0.39,0.96,369433580.00,558388189.00,0.40,12419665.00,17895104.00,19439907.00
00110GCF_001527695.2_P.Mucros_1.0.fna,24776.00,4294.00,0.17,8985.00,4066.00,7431.00,0.44,0.20,0.36,0.47,733261.00,237658.00,342242.00,0.56,0.18,0.26,8499193.00,8139150.00,9997174.00,8451900.00,35087417.00,00110GCF_001527695.2_P.Mucros_1.0.fna,52280.00,0.40,12657283.00,18628328.00,19782116.00,192972111.00,193099225.00,288454888.00,288381529.00,TRUE,962907753.00,927820336.00,0.25,0.36,0.39,0.96,369432993.00,558387343.00,0.40,12419625.00,17895067.00,19439874.00
00111GCF_001577835.1_Coturnix_japonica_2.0.fna,39303.00,1287.00,0.03,17966.00,8372.00,11678.00,0.47,0.22,0.31,0.49,1907778.00,524516.00,774703.00,0.59,0.16,0.24,22369473.00,20909532.00,24559822.00,19594395.00,87433222.00,00111GCF_001577835.1_Coturnix_japonica_2.0.fna,2012.00,0.43,8947266.00,14943987.00,13612640.00,157970205.00,157726932.00,212457788.00,212743058.00,TRUE,740897983.00,653464761.00,0.24,0.40,0.36,0.88,272418132.00,381046629.00,0.42,8422750.00,13036209.00,12837937.00
00112GCF_001604755.1_Lepidothrix_coronata-1.0.fna,36992.00,1431.00,0.04,17041.00,7663.00,10857.00,0.48,0.22,0.31,0.50,1628550.00,430062.00,659204.00,0.60,0.16,0.24,20051086.00,19021332.00,21623950.00,17124762.00,77821130.00,00112GCF_001604755.1_Lepidothrix_coronata-1.0.fna,4612.00,0.43,9809001.00,17040656.00,15323411.00,184911939.00,184856557.00,244335034.00,244461722.00,TRUE,858565252.00,780744122.00,0.23,0.40,0.36,0.91,330696078.00,450048044.00,0.42,9378939.00,15412106.00,14664207.00
00113GCF_001624265.1_ASM162426v1.fna,41896.00,1736.00,0.04,20437.00,9817.00,9906.00,0.51,0.24,0.25,0.55,1596785.00,340866.00,432268.00,0.67,0.14,0.18,23032972.00,22471215.00,20827027.00,16979817.00,83311031.00,00113GCF_001624265.1_ASM162426v1.fna,4819.00,0.45,5390043.00,10854301.00,9094524.00,127348000.00,127369547.00,152948634.00,153055385.00,TRUE,560721566.00,477410535.00,0.21,0.43,0.36,0.85,209213360.00,268197175.00,0.44,5049177.00,9257516.00,8662256.00
00114GCF_001640805.1_ASM164080v1.fna,45812.00,1776.00,0.04,22952.00,8914.00,12170.00,0.52,0.20,0.28,0.53,1836732.00,382552.00,567742.00,0.66,0.14,0.20,23900571.00,23742479.00,23559383.00,18788936.00,89991369.00,00114GCF_001640805.1_ASM164080v1.fna,3808.00,0.42,5551779.00,11542402.00,9923237.00,108285637.00,108279663.00,148344225.00,148319754.00,TRUE,513229279.00,423237910.00,0.21,0.43,0.37,0.82,168922250.00,254315660.00,0.40,5169227.00,9705670.00,9355495.00
00115GCF_001642345.1_ASM164234v2.fna,31178.00,6993.00,0.22,10577.00,4397.00,9211.00,0.44,0.18,0.38,0.46,943680.00,252242.00,430482.00,0.58,0.16,0.26,9534422.00,8732526.00,11754868.00,9635873.00,39657689.00,00115GCF_001642345.1_ASM164234v2.fna,57334.00,0.40,21401111.00,39321468.00,35469065.00,366083057.00,365739886.00,537557482.00,537788685.00,TRUE,1807169110.00,1767511421.00,0.22,0.41,0.37,0.98,713555995.00,1053955426.00,0.40,21148869.00,38377788.00,35038583.00
00116GCF_001649575.1_ASM164957v1.fna,39038.00,1915.00,0.05,19272.00,7310.00,10541.00,0.52,0.20,0.28,0.54,1641061.00,309314.00,544768.00,0.66,0.12,0.22,23510849.00,23404592.00,22419945.00,17817938.00,87153324.00,00116GCF_001649575.1_ASM164957v1.fna,3073.00,0.43,4511189.00,9833499.00,8749970.00,98840257.00,98826181.00,131335119.00,131301832.00,TRUE,460303389.00,373150065.00,0.20,0.43,0.38,0.81,150750997.00,222399068.00,0.40,4201875.00,8192438.00,8205202.00
00117GCF_001660625.1_IpCoco_1.2.fna,48984.00,2427.00,0.05,22161.00,9182.00,15214.00,0.48,0.20,0.33,0.52,2055269.00,522068.00,830217.00,0.60,0.15,0.24,26362477.00,25476846.00,26972016.00,21815452.00,100626791.00,00117GCF_001660625.1_IpCoco_1.2.fna,9341.00,0.42,6142550.00,10600328.00,10167259.00,107515414.00,107484213.00,148713681.00,148745988.00,TRUE,512459296.00,411832505.00,0.23,0.39,0.38,0.80,163160304.00,248672201.00,0.40,5620482.00,8545059.00,9337042.00
00118GCF_001663975.1_Xenopus_laevis_v2.fna,58267.00,3344.00,0.06,22055.00,10596.00,22272.00,0.40,0.19,0.41,0.46,2560927.00,853945.00,1446416.00,0.53,0.18,0.30,27663485.00,26054220.00,35447917.00,28426677.00,117592299.00,00118GCF_001663975.1_Xenopus_laevis_v2.fna,108033.00,0.41,19549848.00,26207060.00,30654498.00,292925986.00,292856552.00,429551809.00,429108041.00,TRUE,1444442388.00,1326850089.00,0.26,0.34,0.40,0.92,532064833.00,794785256.00,0.40,18695903.00,23646133.00,29208082.00
00119GCF_001682695.1_Pygocentrus_nattereri-1.0.2.fna,45447.00,2726.00,0.06,21379.00,8797.00,12545.00,0.50,0.21,0.29,0.52,1929065.00,471168.00,688440.00,0.62,0.15,0.22,24329503.00,23505779.00,24189112.00,19764737.00,91789131.00,00119GCF_001682695.1_Pygocentrus_nattereri-1.0.2.fna,283518.00,0.42,9957304.00,17330570.00,16544638.00,170431890.00,170469190.00,238071725.00,238040673.00,TRUE,817013478.00,725224347.00,0.23,0.40,0.38,0.89,293065798.00,432158549.00,0.40,9486136.00,15401505.00,15856198.00
00120GCF_001715985.1_ASM171598v1.fna,27314.00,2531.00,0.09,11591.00,5461.00,7731.00,0.47,0.22,0.31,0.50,1079889.00,287178.00,438004.00,0.60,0.16,0.24,12943469.00,12218150.00,14217972.00,11324101.00,50703692.00,00120GCF_001715985.1_ASM171598v1.fna,15315.00,0.43,10512783.00,18415283.00,16773369.00,197643761.00,197407718.00,265169158.00,265382518.00,TRUE,925603155.00,874899463.00,0.23,0.40,0.37,0.95,369889860.00,505009603.00,0.42,10225605.00,17335394.00,16335365.00
00121GCF_001723895.1_CroPor_comp1.fna,28967.00,990.00,0.03,12261.00,5965.00,9751.00,0.44,0.21,0.35,0.48,1321220.00,425614.00,596721.00,0.56,0.18,0.25,14904529.00,13966527.00,17354426.00,13877115.00,60102597.00,00121GCF_001723895.1_CroPor_comp1.fna,70.00,0.43,18905690.00,26415983.00,25837387.00,304190248.00,304056740.00,402647336.00,402606765.00,TRUE,1413501089.00,1353398492.00,0.27,0.37,0.36,0.96,579375932.00,774022560.00,0.43,18480076.00,25094763.00,25240666.00
00122GCF_001723915.1_GavGan_comp1.fna,27650.00,1035.00,0.04,11528.00,5604.00,9483.00,0.43,0.21,0.36,0.48,1260820.00,410834.00,578364.00,0.56,0.18,0.26,14080281.00,13198512.00,16614396.00,13263133.00,57156322.00,00122GCF_001723915.1_GavGan_comp1.fna,81.00,0.43,18750098.00,26280026.00,25767757.00,301157574.00,301324285.00,400647153.00,400470563.00,TRUE,1403599575.00,1346443253.00,0.26,0.37,0.36,0.96,575203066.00,771240187.00,0.43,18339264.00,25019206.00,25189393.00
00123GCF_001858045.1_ASM185804v2.fna,58633.00,1774.00,0.03,27882.00,11902.00,17075.00,0.49,0.21,0.30,0.52,2468589.00,566753.00,887618.00,0.63,0.14,0.23,30893067.00,30324845.00,31973874.00,25641771.00,118833557.00,00123GCF_001858045.1_ASM185804v2.fna,2567.00,0.43,7733937.00,15210178.00,13512736.00,152794496.00,152527199.00,204561864.00,204585490.00,TRUE,714469049.00,595635492.00,0.21,0.42,0.37,0.83,244103783.00,351531709.00,0.41,7167184.00,12741589.00,12625118.00
00124GCF_001891065.1_H_comes_QL1_v1.fna,42432.00,1953.00,0.05,21501.00,8255.00,10723.00,0.53,0.20,0.26,0.55,1533294.00,285507.00,423365.00,0.68,0.13,0.19,24224595.00,24533327.00,22113067.00,17644212.00,88515201.00,00124GCF_001891065.1_H_comes_QL1_v1.fna,37377.00,0.46,2893924.00,7041011.00,5024425.00,77668084.00,77742240.00,92617191.00,92461718.00,TRUE,340489233.00,251974032.00,0.19,0.47,0.34,0.74,106652402.00,145321630.00,0.42,2608417.00,5507717.00,4601060.00
00125GCF_001952655.1_M_albus_1.0.fna,40814.00,1872.00,0.05,19332.00,8492.00,11118.00,0.50,0.22,0.29,0.52,1687695.00,398723.00,543191.00,0.64,0.15,0.21,20864986.00,20525311.00,21088975.00,17194060.00,79673332.00,00125GCF_001952655.1_M_albus_1.0.fna,20622.00,0.42,5543458.00,10457664.00,9225736.00,101830509.00,101815836.00,139515184.00,139513573.00,TRUE,482675102.00,403001770.00,0.22,0.41,0.37,0.83,162256048.00,240745722.00,0.40,5144735.00,8769969.00,8682545.00
00126GCF_001970005.1_Flounder_ref_guided_V1.0.fna,37737.00,4052.00,0.11,17663.00,7070.00,8952.00,0.52,0.21,0.27,0.54,1332381.00,254388.00,392496.00,0.67,0.13,0.20,18416648.00,18333618.00,17611396.00,13932760.00,68294422.00,00126GCF_001970005.1_Flounder_ref_guided_V1.0.fna,9525.00,0.43,3904573.00,9323279.00,7376344.00,89810799.00,89753226.00,116960050.00,117093926.00,TRUE,413618001.00,345323579.00,0.19,0.45,0.36,0.83,142813759.00,202509820.00,0.41,3650185.00,7990898.00,6983848.00
00127GCF_002021735.1_Okis_V1.fna,59487.00,4735.00,0.08,27258.00,13437.00,14057.00,0.50,0.25,0.26,0.55,1907090.00,489426.00,562168.00,0.64,0.17,0.19,27304885.00,27446648.00,25194403.00,19848630.00,99794566.00,00127GCF_002021735.1_Okis_V1.fna,21247.00,0.43,16921015.00,23628241.00,21076379.00,260214940.00,260445367.00,338673801.00,338536465.00,TRUE,1197870573.00,1098076007.00,0.27,0.38,0.34,0.92,465908774.00,632167233.00,0.42,16431589.00,21721151.00,20514211.00
00128GCF_002078875.1_NumMel1.0.fna,44026.00,2176.00,0.05,19789.00,9250.00,12811.00,0.47,0.22,0.31,0.50,1981395.00,573591.00,826043.00,0.59,0.17,0.24,24067162.00,22625531.00,26072528.00,20984067.00,93749288.00,00128GCF_002078875.1_NumMel1.0.fna,2466.00,0.43,9919853.00,16184357.00,14647859.00,176559717.00,176466512.00,232860385.00,233027850.00,TRUE,818914464.00,725165176.00,0.24,0.40,0.36,0.89,306333536.00,418831640.00,0.42,9346262.00,14202962.00,13821816.00
00129GCF_002109545.1_ASM210954v1.fna,37843.00,3349.00,0.09,17429.00,7537.00,9528.00,0.51,0.22,0.28,0.54,1352917.00,268646.00,405902.00,0.67,0.13,0.20,18766041.00,18759671.00,18014793.00,14331405.00,69871910.00,00129GCF_002109545.1_ASM210954v1.fna,30414.00,0.43,6713723.00,13549383.00,11678803.00,132819292.00,132779653.00,179610074.00,179713933.00,TRUE,624922952.00,555051042.00,0.21,0.42,0.37,0.89,228073233.00,326977809.00,0.41,6445077.00,12196466.00,11272901.00
00130GCF_002163495.1_Omyk_1.0.fna,80774.00,14725.00,0.18,32100.00,16581.00,17368.00,0.49,0.25,0.26,0.54,2612997.00,669304.00,782426.00,0.64,0.16,0.19,36371360.00,36263519.00,34178129.00,26609811.00,133422819.00,00130GCF_002163495.1_Omyk_1.0.fna,131961.00,0.43,13366282.00,19994238.00,17605643.00,213708668.00,213913774.00,282571902.00,282351577.00,TRUE,992545921.00,859123102.00,0.26,0.39,0.35,0.87,354987563.00,504135539.00,0.41,12696978.00,17381241.00,16823217.00
00131GCF_002197715.1_LonStrDom1.fna,31747.00,1319.00,0.04,14425.00,6602.00,9401.00,0.47,0.22,0.31,0.51,1476136.00,377255.00,570791.00,0.61,0.16,0.24,18251347.00,17412284.00,19366657.00,15293650.00,70323938.00,00131GCF_002197715.1_LonStrDom1.fna,3014.00,0.43,9242080.00,16398654.00,14722742.00,177063202.00,178268628.00,236647361.00,235158730.00,TRUE,827137921.00,756813983.00,0.23,0.41,0.36,0.91,319668199.00,437145784.00,0.42,8864825.00,14922518.00,14151951.00
00132GCF_900067755.1_pvi1.1.fna,39283.00,1919.00,0.05,17000.00,7894.00,12470.00,0.45,0.21,0.33,0.48,1580111.00,495017.00,670712.00,0.58,0.18,0.24,18433420.00,17505108.00,21189280.00,17254198.00,74382006.00,00132GCF_900067755.1_pvi1.1.fna,13749.00,0.42,14313415.00,21921306.00,20109277.00,242513686.00,242277991.00,329511079.00,329911249.00,TRUE,1144214005.00,1069831999.00,0.25,0.39,0.36,0.93,448853149.00,620978850.00,0.42,13818398.00,20341195.00,19438565.00
00133GCF_900080235.1_BallGen_V1.fna,37260.00,3161.00,0.08,17700.00,6898.00,9501.00,0.52,0.20,0.28,0.53,1292272.00,254479.00,409321.00,0.66,0.13,0.21,17705645.00,17531798.00,17129190.00,13585153.00,65951786.00,00133GCF_900080235.1_BallGen_V1.fna,13466.00,0.42,5729998.00,12606198.00,11110543.00,119570565.00,119483054.00,164195166.00,164237371.00,TRUE,567486156.00,501534370.00,0.19,0.43,0.38,0.88,203816176.00,297718194.00,0.41,5475519.00,11313926.00,10701222.00
