00001GCF_000001405.33_GRCh38.p7.fna,115524,4864,0.04,55248,24747,30665,0.5,0.22,0.28,0.51,4649536,1336362,1857636,0.59,0.17,0.24,58900069,58067726,61102893,50017990,228088678,00001GCF_000001405.33_GRCh38.p7.fna,525,0.42,25463612,37254961,35837773,404639968,404310560,547275320,547998361,TRUE,1904224209,1676135531,0.26,0.38,0.36,0.88,691982733,984152798,0.41,24127250,32605425,33980137
00002GCF_000001405.34_GRCh38.p8.fna,115793,4938,0.04,55368,24763,30724,0.5,0.22,0.28,0.51,4654152,1337277,1858437,0.59,0.17,0.24,58966323,58145425,61161231,50074741,228347720,00002GCF_000001405.34_GRCh38.p8.fna,543,0.42,25488927,37301870,35865348,405249519,404899002,547915046,548615717,TRUE,1906679284,1678331564,0.26,0.38,0.36,0.88,693036773,985294791,0.41,24151650,32647718,34006911
00003GCF_000001405.35_GRCh38.p9.fna,115827,4942,0.04,55379,24770,30736,0.5,0.22,0.28,0.51,4655965,1337765,1859241,0.59,0.17,0.24,58986307,58164657,61182937,50092356,228426257,00003GCF_000001405.35_GRCh38.p9.fna,551,0.42,25506300,37328267,35889614,405534049,405182491,548296414,548994660,TRUE,1908007614,1679581357,0.26,0.38,0.36,0.88,693565576,986015781,0.41,24168535,32672302,34030373
00004GCF_000001405.36_GRCh38.p10.fna,115852,4939,0.04,55390,24774,30749,0.5,0.22,0.28,0.51,4657087,1338049,1859773,0.59,0.17,0.24,58997952,58174293,61195559,50102364,228470168,00004GCF_000001405.36_GRCh38.p10.fna,557,0.42,25532591,37367469,35927414,405967359,405627586,548888626,549570530,TRUE,1910054101,1681583933,0.26,0.38,0.36,0.88,694422700,987161233,0.41,24194542,32710382,34067641
00005GCF_000001405.37_GRCh38.p11.fna,116236,4994,0.04,55574,24849,30819,0.5,0.22,0.28,0.51,4666512,1340074,1861917,0.59,0.17,0.24,59146818,58443649,61315297,50212646,229118410,00005GCF_000001405.37_GRCh38.p11.fna,578,0.43,25629344,37517407,36052060,407765943,407417715,551040299,551726622,TRUE,1917950579,1688832169,0.26,0.38,0.36,0.88,697593191,991238978,0.41,24289270,32850895,34190143
00006GCF_000001515.7_Pan_tro_3.0.fna,80721,2849,0.04,38902,17323,21647,0.5,0.22,0.28,0.51,3383714,993485,1362452,0.59,0.17,0.24,43411113,42792233,44692875,36550552,167446773,00006GCF_000001515.7_Pan_tro_3.0.fna,44449,0.42,25837667,37652888,36321828,408725885,408568792,553918529,554491674,TRUE,1925704880,1758258107,0.26,0.38,0.36,0.91,731091331,1027166776,0.42,24844182,34269174,34959376
00007GCF_000001545.4_P_pygmaeus_2.0.2.fna,40403,5572,0.14,16793,7775,10263,0.48,0.22,0.29,0.52,1129262,329335,453077,0.59,0.17,0.24,14601449,14388832,14841068,12426945,56258294,00007GCF_000001545.4_P_pygmaeus_2.0.2.fna,61535,0.42,26070077,37961038,36675842,408841332,408627978,557971504,558418372,TRUE,1933859186,1877600892,0.26,0.38,0.36,0.97,788479029,1089121863,0.42,25740742,36831776,36222765
00008GCF_000001635.24_GRCm38.p4.fna,79189,2919,0.04,38167,18084,20019,0.5,0.24,0.26,0.52,3231891,929741,1148352,0.61,0.18,0.22,41755292,41572071,42168825,34822650,160318838,00008GCF_000001635.24_GRCm38.p4.fna,196,0.43,24370507,34359578,30949766,371262472,371161743,494567759,494896695,TRUE,1731888669,1571569831,0.27,0.38,0.35,0.91,659096852,912472979,0.42,23440766,31127687,29801414
00009GCF_000001635.25_GRCm38.p5.fna,79281,2926,0.04,38213,18100,20042,0.5,0.24,0.26,0.52,3234148,930410,1149131,0.61,0.18,0.22,41788877,41684165,42199665,34848276,160520983,00009GCF_000001635.25_GRCm38.p5.fna,207,0.43,24409443,34416509,30998178,371938042,371854677,495404290,495703224,TRUE,1734900233,1574379250,0.27,0.38,0.35,0.91,660319677,914059573,0.42,23479033,31182361,29849047
00010GCF_000001895.5_Rnor_6.0.fna,57650,2619,0.05,27213,13119,14699,0.49,0.24,0.27,0.52,2135123,616372,753734,0.61,0.18,0.22,27862459,27710747,27866831,23196727,106636764,00010GCF_000001895.5_Rnor_6.0.fna,955,0.43,24900128,35416416,31672688,388435846,388482632,510075387,510284670,TRUE,1797278535,1690641771,0.27,0.39,0.34,0.94,721345272,969296499,0.43,24283756,33281293,30918954
00011GCF_000001905.1_Loxafr3.0.fna,30158,1061,0.04,13977,6578,8542,0.48,0.23,0.29,0.51,1065920,314142,427362,0.59,0.17,0.24,13606304,13448313,13897414,11778100,52730131,00011GCF_000001905.1_Loxafr3.0.fna,2352,0.42,22679465,32818276,32896396,358658899,358844248,490857726,490802094,TRUE,1699162967,1646432836,0.26,0.37,0.37,0.97,690448530,955984306,0.42,22365323,31752356,32469034
00012GCF_000002165.2_Mm_Celera.fna,33977,4895,0.14,14409,6829,7844,0.5,0.23,0.27,0.52,991750,282812,350903,0.61,0.17,0.22,12920415,12809374,12848545,10920154,49498488,00012GCF_000002165.2_Mm_Celera.fna,12503,0.43,23458427,33050827,29935939,355864059,355851808,476267214,476503502,TRUE,1664486583,1614988095,0.27,0.38,0.35,0.97,685986078,929002017,0.42,23175615,32059077,29585036
00013GCF_000002265.2_Rn_Celera.fna,29855,2344,0.08,13401,6491,7619,0.49,0.24,0.28,0.52,1030917,302599,381703,0.6,0.18,0.22,13297241,13170545,13587666,11318881,51374333,00013GCF_000002265.2_Rn_Celera.fna,7041,0.43,23217370,33066627,29554468,361365724,361493722,474989141,475083360,TRUE,1672931947,1621557614,0.27,0.39,0.34,0.97,696391660,925165954,0.43,22914771,32035710,29172765
00014GCF_000002275.2_Ornithorhynchus_anatinus_5.0.1.fna,29028,8503,0.29,9727,4667,6131,0.47,0.23,0.3,0.54,626585,178416,252831,0.59,0.17,0.24,9465332,9423401,9035514,7368466,35292713,00014GCF_000002275.2_Ornithorhynchus_anatinus_5.0.1.fna,200154,0.45,11946217,18732098,16132397,224720002,224748095,274258764,274360097,TRUE,998086958,962794245,0.26,0.4,0.34,0.96,430579364,532214881,0.45,11767801,18105513,15879566
00015GCF_000002285.3_CanFam3.1.fna,47541,1613,0.03,22597,10670,12661,0.49,0.23,0.28,0.52,1887988,547886,747548,0.59,0.17,0.23,25039130,24659070,25035363,20670335,95403898,00015GCF_000002285.3_CanFam3.1.fna,3268,0.43,21415148,31005210,28955913,345562670,345603506,452973549,453262048,TRUE,1597401773,1501997875,0.26,0.38,0.36,0.94,641467976,860529899,0.43,20867262,29117222,28208365
00016GCF_000002295.2_MonDom5.fna,49499,1588,0.03,21939,10115,15857,0.46,0.21,0.33,0.48,2056234,700167,929612,0.56,0.19,0.25,23153790,22636544,27229406,22520773,95540513,00016GCF_000002295.2_MonDom5.fna,5016,0.4,31281656,40741308,40945547,398857363,398916899,602138028,602295738,TRUE,2002208028,1906667515,0.28,0.36,0.36,0.95,751983928,1154683587,0.39,30581489,38685074,40015935
00017GCF_000002305.2_EquCab2.0.fna,36757,1576,0.04,17371,7929,9881,0.49,0.23,0.28,0.52,1294933,359361,494661,0.6,0.17,0.23,16957361,16743339,16930463,14172173,64803336,00017GCF_000002305.2_EquCab2.0.fna,9637,0.44,21734087,33284834,30056410,372619488,372321232,478975159,479227222,TRUE,1703143101,1638339765,0.26,0.39,0.35,0.96,711240020,927099745,0.43,21374726,31989901,29561749
00018GCF_000003025.5_Sscrofa10.2.fna,50693,5814,0.11,22380,10131,12368,0.5,0.23,0.28,0.53,1443085,389760,543476,0.61,0.16,0.23,20479031,20423055,19386200,16236335,76524621,00018GCF_000003025.5_Sscrofa10.2.fna,4583,0.43,20867929,31812219,29736113,355307056,355252694,462661646,462813900,TRUE,1636035296,1559510675,0.25,0.39,0.36,0.95,669657664,889853011,0.43,20478169,30369134,29192637
00019GCF_000003025.6_Sscrofa11.1.fna,63841,1835,0.03,31290,13833,16883,0.5,0.22,0.27,0.53,2542813,698089,974661,0.6,0.17,0.23,35303773,35152507,34252629,28134400,132843309,00019GCF_000003025.6_Sscrofa11.1.fna,613,0.44,20013105,30617080,28470952,343600389,343316444,444512463,445116678,TRUE,1576545974,1443702665,0.25,0.39,0.36,0.92,616460553,827242112,0.43,19315016,28074267,27496291
00020GCF_000003055.6_Bos_taurus_UMD_3.1.1.fna,50872,3201,0.06,23994,11019,12658,0.5,0.23,0.27,0.53,1825934,477481,669470,0.61,0.16,0.23,25433130,25294083,24221370,20001840,94950423,00020GCF_000003055.6_Bos_taurus_UMD_3.1.1.fna,3144,0.43,20114934,31505831,29186419,337587288,337208221,449244033,450070669,TRUE,1574110211,1479159788,0.25,0.39,0.36,0.94,624068296,855091492,0.42,19637453,29679897,28516949
00021GCF_000003205.7_Btau_5.0.1.fna,30309,2163,0.07,14038,6453,7655,0.5,0.23,0.27,0.54,1033081,271798,383321,0.61,0.16,0.23,14587464,14633472,13782705,11493768,54497409,00021GCF_000003205.7_Btau_5.0.1.fna,3143,0.43,20507276,32148508,29699971,344613017,344220969,458167041,458978692,TRUE,1605979719,1551482310,0.25,0.39,0.36,0.97,659613050,891869260,0.43,20235478,31115427,29316650
00022GCF_000003625.3_OryCun2.0.fna,41641,4719,0.11,18962,8503,9457,0.51,0.23,0.26,0.53,1355551,366713,514189,0.61,0.16,0.23,18895283,18660862,18307872,15022881,70886898,00022GCF_000003625.3_OryCun2.0.fna,3241,0.44,19242197,30329849,26930694,346986493,346583997,437739508,438588467,TRUE,1569898465,1499011567,0.25,0.4,0.35,0.95,656014345,842997222,0.44,18875484,28974298,26416505
00023GCF_000004335.2_AilMel_1.0.fna,37337,2060,0.06,17625,7836,9816,0.5,0.22,0.28,0.52,1333553,377300,522423,0.6,0.17,0.23,17957713,17640141,17804964,14776724,68179542,00023GCF_000004335.2_AilMel_1.0.fna,81467,0.44,20372713,30575508,28031993,349682922,350287603,446908332,446175739,TRUE,1593054596,1524875054,0.26,0.39,0.35,0.96,664372671,860502383,0.44,19995413,29241955,27509570
00024GCF_000004665.1_Callithrix_jacchus-3.2.fna,47627,3869,0.08,21179,9381,13198,0.48,0.21,0.3,0.5,1698532,509942,708299,0.58,0.17,0.24,20851181,20322688,22256244,18361691,81791804,00024GCF_000004665.1_Callithrix_jacchus-3.2.fna,14205,0.42,23520992,34638796,33183886,371874890,371664546,505806404,506421789,TRUE,1755767629,1673975825,0.26,0.38,0.36,0.95,702365567,971610258,0.42,23011050,32940264,32475587
00025GCF_000146795.2_Nleu_3.0.fna,39081,1568,0.04,18065,8139,11309,0.48,0.22,0.3,0.51,1165682,336348,479217,0.59,0.17,0.24,14782531,14420893,15238549,12777393,57219366,00025GCF_000146795.2_Nleu_3.0.fna,17484,0.42,23111988,33566431,32570777,361727369,361677381,494356948,494155461,TRUE,1711917159,1654697793,0.26,0.38,0.36,0.97,694201326,960496467,0.42,22775640,32400749,32091560
00026GCF_000147115.1_Myoluc2.0.fna,42141,2505,0.06,19610,8895,11131,0.49,0.22,0.28,0.52,1442376,408740,578618,0.59,0.17,0.24,19188570,18937233,19330162,15886920,73342885,00026GCF_000147115.1_Myoluc2.0.fna,11654,0.44,16453057,24999691,23277819,284495079,284445593,363909869,363929515,TRUE,1296780056,1223437171,0.25,0.39,0.36,0.94,530814869,692622302,0.43,16044317,23557315,22699201
00027GCF_000151735.1_Cavpor3.0.fna,38257,1246,0.03,18879,8684,9448,0.51,0.23,0.26,0.53,1340838,356924,461012,0.62,0.17,0.21,18507147,18387740,17531100,14801012,69226999,00027GCF_000151735.1_Cavpor3.0.fna,3144,0.43,22858704,34692242,32171983,372072394,372050259,500965597,500937603,TRUE,1746025853,1676798854,0.25,0.39,0.36,0.96,707227766,969571088,0.42,22501780,33351404,31710971
00028GCF_000151845.1_Pvam_2.0.fna,34175,2121,0.06,16056,7132,8866,0.5,0.22,0.28,0.52,1167077,353362,478104,0.58,0.18,0.24,15611858,15420064,15700750,13057485,59790157,00028GCF_000151845.1_Pvam_2.0.fna,36094,0.43,19821677,28559364,27044375,321198559,321920211,418167335,417580759,TRUE,1478866864,1419076707,0.26,0.38,0.36,0.96,612086848,806989859,0.43,19468315,27392287,26566271
00029GCF_000151865.2_Ttru_1.4.fna,25083,5575,0.22,9639,4365,5504,0.49,0.22,0.28,0.54,590034,158503,220539,0.61,0.16,0.23,8375151,8233157,7798844,6573114,30980266,00029GCF_000151865.2_Ttru_1.4.fna,240558,0.44,20011249,30223963,28311237,339319424,339491964,440076784,438797169,TRUE,1557685341,1526705075,0.25,0.38,0.36,0.98,662203080,864501995,0.43,19852746,29633929,28090698
00030GCF_000151885.1_Dord_2.0.fna,30110,1687,0.06,13973,6523,7927,0.49,0.23,0.28,0.52,1007260,289933,373771,0.6,0.17,0.22,13218743,13156986,13178596,11153821,50708146,00030GCF_000151885.1_Dord_2.0.fna,65193,0.42,17789628,25152813,24011328,263927105,263892629,366378679,366702990,TRUE,1260901403,1210193257,0.27,0.38,0.36,0.96,501444005,708749252,0.41,17499695,24145553,23637557
00031GCF_000151905.2_gorGor4.fna,47003,1849,0.04,22403,10262,12489,0.5,0.23,0.28,0.52,1595005,447520,606324,0.6,0.17,0.23,20998090,20714370,20934645,17294978,79942083,00031GCF_000151905.2_gorGor4.fna,40711,0.42,24422489,35573352,34426536,383952397,383611104,523156176,523694330,TRUE,1814414007,1734471924,0.26,0.38,0.36,0.96,725851041,1008620883,0.42,23974969,33978347,33820212
00032GCF_000164805.1_Tarsius_syrichta-2.0.1.fna,28742,3614,0.13,12470,5672,6986,0.5,0.23,0.28,0.52,889239,250039,340537,0.6,0.17,0.23,11441307,11228197,11594889,9730958,43995351,00032GCF_000164805.1_Tarsius_syrichta-2.0.1.fna,337189,0.42,27230785,40779414,38231632,430971348,431422318,590294589,591249389,TRUE,2043937644,1999942293,0.26,0.38,0.36,0.98,839724162,1160218131,0.42,26980746,39890175,37891095
00033GCF_000164845.2_Vicugna_pacos-2.0.2.fna,34095,2224,0.07,16074,7294,8503,0.5,0.23,0.27,0.53,1200454,317864,442758,0.61,0.16,0.23,16235719,16045641,15772698,13055206,61109264,00033GCF_000164845.2_Vicugna_pacos-2.0.2.fna,276725,0.44,18780475,30106194,26972930,339669087,340715719,429102470,427273086,TRUE,1536760362,1475651098,0.25,0.4,0.36,0.96,648103446,827547652,0.44,18462611,28905740,26530172
00034GCF_000165445.1_Mmur_2.0.fna,56714,1797,0.03,27350,12634,14933,0.5,0.23,0.27,0.52,2152754,634534,871660,0.59,0.17,0.24,29607909,29375932,29379932,24007284,112371057,00034GCF_000165445.1_Mmur_2.0.fna,10311,0.44,21810005,31192252,29580689,361410946,361546582,464452367,464341240,TRUE,1651751135,1539380078,0.26,0.38,0.36,0.93,663973687,875406391,0.43,21175471,29039498,28709029
00035GCF_000165445.2_Mmur_3.0.fna,59298,1707,0.03,28745,13335,15511,0.5,0.23,0.27,0.52,2434037,718314,994812,0.59,0.17,0.24,32891536,32597411,33096300,26798662,125383909,00035GCF_000165445.2_Mmur_3.0.fna,7678,0.44,21878400,31297128,29627356,362513441,362111753,465162917,465622330,TRUE,1655410441,1530026532,0.26,0.38,0.36,0.92,659136247,870890285,0.43,21160086,28863091,28632544
00036GCF_000181275.1_SorAra2.0.fna,24156,1571,0.07,11480,5402,5703,0.51,0.24,0.25,0.55,712907,178010,253336,0.62,0.16,0.22,10845854,10883632,9713326,8225284,39668096,00036GCF_000181275.1_SorAra2.0.fna,12845,0.44,17014373,26136955,24226793,295928359,295977376,381196052,381098131,TRUE,1354199918,1314531822,0.25,0.39,0.36,0.97,570176249,744355573,0.43,16836363,25424048,23973457
00037GCF_000181295.1_OtoGar3.fna,27259,1089,0.04,12840,5935,7395,0.49,0.23,0.28,0.52,935088,263374,349559,0.6,0.17,0.23,12089017,11894253,11992452,10183931,46159653,00037GCF_000181295.1_OtoGar3.fna,7793,0.43,21524125,31472257,29607623,345121441,345559681,458420887,457702620,TRUE,1606804629,1560644976,0.26,0.38,0.36,0.97,666697852,893947124,0.43,21260751,30537169,29258064
00038GCF_000181335.2_Felis_catus_8.0.fna,53741,2301,0.04,25518,11686,14236,0.5,0.23,0.28,0.52,2086008,598231,829048,0.59,0.17,0.24,27665194,27317782,27865621,22991759,105840356,00038GCF_000181335.2_Felis_catus_8.0.fna,267625,0.44,21911539,32672774,30538407,372219771,372304872,480571406,480263767,TRUE,1705359816,1599519460,0.26,0.38,0.36,0.94,689541667,909977793,0.43,21313308,30586766,29709359
00039GCF_000189315.1_Devil_ref_v7.0.fna,26008,2564,0.1,10739,4846,7859,0.46,0.21,0.34,0.48,887129,294376,399119,0.56,0.19,0.25,10163863,9874844,11626695,9864181,41529583,00039GCF_000189315.1_Devil_ref_v7.0.fna,35974,0.39,27975643,36895596,38420458,349785646,349819048,544814440,544879509,TRUE,1789298643,1747769060,0.27,0.36,0.37,0.98,679565987,1068203073,0.39,27681267,36008467,38021339
00040GCF_000208655.1_Dasnov3.0.fna,39473,2695,0.07,18147,8153,10478,0.49,0.22,0.28,0.52,1200406,351976,500795,0.58,0.17,0.24,16521372,16443862,16333368,13697890,62996492,00040GCF_000208655.1_Dasnov3.0.fna,46559,0.43,25129845,36723900,36440209,413659068,413240130,552227232,552925520,TRUE,1932051950,1869055458,0.26,0.37,0.37,0.97,793933964,1075121494,0.42,24777869,35523494,35939414
00041GCF_000215625.1_MusPutFur1.0.fna,49307,2520,0.05,23474,10739,12574,0.5,0.23,0.27,0.53,1883536,531302,729515,0.6,0.17,0.23,26158117,25910473,25484039,21009684,98562313,00041GCF_000215625.1_MusPutFur1.0.fna,7783,0.44,20388590,30277088,27889026,345058303,345200218,443046873,442581455,TRUE,1575886849,1477324536,0.26,0.39,0.36,0.94,638189931,839134605,0.43,19857288,28393552,27159511
00042GCF_000223135.1_CriGri_1.0.fna,36858,3346,0.09,16287,7837,9388,0.49,0.23,0.28,0.51,1336935,388175,478453,0.61,0.18,0.22,16018511,15731203,16842803,14168585,62761102,00042GCF_000223135.1_CriGri_1.0.fna,109152,0.42,22554391,32570903,28897413,341173347,341544912,464045294,463646599,TRUE,1610410152,1547649050,0.27,0.39,0.34,0.96,650968545,896680505,0.42,22166216,31233968,28418960
00043GCF_000235385.1_SaiBol1.0.fna,36665,1397,0.04,17580,7851,9837,0.5,0.22,0.28,0.52,1313073,366603,495461,0.6,0.17,0.23,17390363,17169386,17237686,14327072,66124507,00043GCF_000235385.1_SaiBol1.0.fna,2686,0.42,21822974,32102676,30742747,346120035,346556990,469125180,468690212,TRUE,1630492417,1564367910,0.26,0.38,0.36,0.96,658117276,906250634,0.42,21456371,30789603,30247286
00044GCF_000236235.1_SpeTri2.0.fna,38979,1363,0.03,18301,8633,10682,0.49,0.23,0.28,0.51,1598928,471645,622774,0.59,0.18,0.23,19824157,19485422,20744401,17189711,77243691,00044GCF_000236235.1_SpeTri2.0.fna,12483,0.43,21613775,32521951,29580045,348978543,349504942,466688306,466286104,TRUE,1631457895,1554214204,0.26,0.39,0.35,0.95,659173906,895040298,0.42,21142130,30923023,28957271
00045GCF_000243295.1_TriManLat1.0.fna,26588,932,0.04,12491,5748,7417,0.49,0.22,0.29,0.52,934942,266134,365641,0.6,0.17,0.23,12203239,12032267,12150656,10250111,46636273,00045GCF_000243295.1_TriManLat1.0.fna,6323,0.42,21434097,30796709,30922940,335545740,335958025,459682517,459179913,TRUE,1590366195,1543729922,0.26,0.37,0.37,0.97,647268259,896461663,0.42,21167963,29861767,30557299
00046GCF_000247695.1_HetGla_female_1.0.fna,42870,1352,0.03,21448,9453,10617,0.52,0.23,0.26,0.53,1607491,431255,562274,0.62,0.17,0.22,21912769,21710519,20942722,17504591,82070601,00046GCF_000247695.1_HetGla_female_1.0.fna,4229,0.43,21293331,31703068,29176317,342875290,342954573,459029076,458759485,TRUE,1603618424,1521547823,0.26,0.39,0.36,0.95,642206575,879341248,0.42,20862076,30095577,28614043
00047GCF_000247795.1_Bos_indicus_1.0.fna,36387,1319,0.04,17575,8055,9438,0.5,0.23,0.27,0.53,1268672,339251,477252,0.61,0.16,0.23,17401782,17294958,16853299,13980200,65530239,00047GCF_000247795.1_Bos_indicus_1.0.fna,32,0.43,19085700,29947036,28001301,321128822,320744263,430959925,431647817,TRUE,1504480827,1438950588,0.25,0.39,0.36,0.96,607176345,831774243,0.42,18746449,28678364,27524049
00048GCF_000258655.2_panpan1.1.fna,47893,1722,0.04,22911,10312,12948,0.5,0.22,0.28,0.52,1718984,492674,676329,0.6,0.17,0.23,22061226,21681454,22470424,18659599,84872703,00048GCF_000258655.2_panpan1.1.fna,10274,0.42,23569992,34247680,33146438,369159758,368879127,503650928,504290969,TRUE,1745980782,1661108079,0.26,0.38,0.36,0.95,694296205,966811874,0.42,23077318,32528696,32470109
00049GCF_000260255.1_OctDeg1.0.fna,27750,1148,0.04,13380,6152,7070,0.5,0.23,0.27,0.53,942002,251792,326663,0.62,0.17,0.21,12685122,12525351,12104259,10264448,47579180,00049GCF_000260255.1_OctDeg1.0.fna,7135,0.44,21823252,32211640,28739150,362543687,362971937,467936271,467239207,TRUE,1660691102,1613111922,0.26,0.39,0.35,0.97,700305151,912806771,0.43,21571460,31269638,28412487
00050GCF_000260355.1_ConCri1.0.fna,29581,1258,0.04,14407,6426,7490,0.51,0.23,0.26,0.53,1061438,293570,403422,0.6,0.17,0.23,14304908,14194014,14002495,11667828,54169245,00050GCF_000260355.1_ConCri1.0.fna,2040,0.43,16301706,24376953,22425462,267401610,267498496,348497298,348005714,TRUE,1231403118,1177233873,0.26,0.39,0.36,0.96,506401184,670832689,0.43,16008136,23315515,22022040
00051GCF_000264685.2_Panu_2.0.fna,61257,2157,0.04,29088,13320,16692,0.49,0.23,0.28,0.52,2265212,649831,892969,0.59,0.17,0.23,29474514,29153357,29951108,24733345,113312324,00051GCF_000264685.2_Panu_2.0.fna,63251,0.42,23906651,35023473,33670899,377682764,377700438,513693834,514005132,TRUE,1783082168,1669769844,0.26,0.38,0.36,0.94,696755331,973014513,0.42,23256820,32758261,32777930
00052GCF_000276665.1_ChiLan1.0.fna,48328,4383,0.09,22546,10357,11042,0.51,0.24,0.25,0.53,1707818,466324,618528,0.61,0.17,0.22,23786743,23531488,22690754,18840325,88849310,00052GCF_000276665.1_ChiLan1.0.fna,2839,0.44,21157415,31604784,28667783,353304178,353446763,457946759,457821383,TRUE,1622519083,1533669773,0.26,0.39,0.35,0.95,659432710,874237063,0.43,20691091,29896966,28049255
00053GCF_000280705.1_JacJac1.0.fna,25741,1000,0.04,12475,5626,6640,0.5,0.23,0.27,0.53,915460,244828,313108,0.62,0.17,0.21,12088197,11958419,11683032,9895880,45625528,00053GCF_000280705.1_JacJac1.0.fna,10898,0.43,20479937,30518993,27454352,324595605,324497297,435207186,435244496,TRUE,1519544584,1473919056,0.26,0.39,0.35,0.97,625046286,848872770,0.42,20235109,29603533,27141244
00054GCF_000283155.1_CerSimSim1.0.fna,33959,1146,0.03,16369,7206,9238,0.5,0.22,0.28,0.52,1310339,371643,504476,0.6,0.17,0.23,17284340,17060937,17154513,14257674,65757464,00054GCF_000283155.1_CerSimSim1.0.fna,3087,0.43,21935645,32575976,29887434,361801989,362040121,471660425,471698555,TRUE,1667201090,1601443626,0.26,0.39,0.35,0.96,689496833,911946793,0.43,21564002,31265637,29382958
00055GCF_000292845.1_OchPri3.0.fna,26003,1181,0.05,12775,5909,6138,0.51,0.24,0.25,0.54,840987,203218,276326,0.64,0.15,0.21,11986895,11899652,11035553,9272945,44195045,00055GCF_000292845.1_OchPri3.0.fna,10421,0.44,16702806,26720748,22800057,299249667,299405136,380224292,379899300,TRUE,1358778395,1314583350,0.25,0.4,0.34,0.97,574768256,739815094,0.44,16499588,25879761,22523731
00056GCF_000296735.1_ChrAsi1.0.fna,25578,1025,0.04,11932,5300,7321,0.49,0.22,0.3,0.51,900092,260569,345716,0.6,0.17,0.23,11295585,11170021,11574941,9877374,43917921,00056GCF_000296735.1_ChrAsi1.0.fna,20500,0.4,23082466,33091737,33451921,332827478,333118517,490263068,490042153,TRUE,1646251216,1602333295,0.26,0.37,0.37,0.97,643480389,958852906,0.4,22821897,32191645,33106205
00057GCF_000296755.1_EriEur2.0.fna,29843,1303,0.04,14495,6511,7534,0.51,0.23,0.26,0.53,1001705,272650,352241,0.62,0.17,0.22,13509350,13540904,12980172,10982876,51013302,00057GCF_000296755.1_EriEur2.0.fna,5803,0.42,16830553,24385040,23172955,252712424,252586446,350791807,351067372,TRUE,1207158049,1156144747,0.26,0.38,0.36,0.96,478248616,677896131,0.41,16557903,23383335,22820714
00058GCF_000298275.1_OryAfe1.0.fna,25963,1177,0.05,12096,5523,7167,0.49,0.22,0.29,0.51,911740,260838,351375,0.6,0.17,0.23,11463228,11298345,11620306,9904439,44286318,00058GCF_000298275.1_OryAfe1.0.fna,22509,0.41,23438896,33866204,34416048,346407633,346580348,502087957,501805193,TRUE,1696881131,1652594813,0.26,0.37,0.38,0.97,670226408,982368405,0.41,23178058,32954464,34064673
00059GCF_000298355.1_BosGru_v2.0.fna,29634,1868,0.06,13736,6256,7774,0.49,0.23,0.28,0.53,900990,235507,332416,0.61,0.16,0.23,12178488,12046252,11741966,9959104,45925810,00059GCF_000298355.1_BosGru_v2.0.fna,41192,0.43,20091231,31401959,29041256,336135672,336253411,448042131,448211934,TRUE,1568643148,1522717338,0.25,0.39,0.36,0.97,648164343,874552995,0.43,19855724,30500969,28708840
00060GCF_000298735.2_Oar_v4.0.fna,43602,1786,0.04,20259,9295,12262,0.48,0.22,0.29,0.51,1756361,505573,731365,0.59,0.17,0.24,21775212,21233057,23048406,18921916,84978591,00060GCF_000298735.2_Oar_v4.0.fna,5466,0.43,20278973,31639281,29170884,341412894,341074913,451123014,451847923,TRUE,1585458744,1500480153,0.25,0.39,0.36,0.95,639479538,861000615,0.43,19773400,29882920,28439519
00061GCF_000299155.1_EleEdw1.0.fna,25607,1202,0.05,12088,5478,6839,0.5,0.22,0.28,0.52,838581,221306,307885,0.61,0.16,0.23,11061879,11012409,10870789,9229471,42174548,00061GCF_000299155.1_EleEdw1.0.fna,8768,0.41,23107389,34308109,34167282,350405032,350495004,502703142,502418790,TRUE,1706021968,1663847420,0.25,0.37,0.37,0.98,678825748,985021672,0.41,22886083,33469528,33859397
00062GCF_000306695.2_CHM1_1.1.fna,45321,2446,0.05,21285,9509,12081,0.5,0.22,0.28,0.52,1442609,400262,559666,0.6,0.17,0.23,18768743,18419622,18850096,15729137,71767598,00062GCF_000306695.2_CHM1_1.1.fna,23,0.42,24162882,35174481,34110969,379982830,379726892,517574054,518286699,TRUE,1795570475,1723802877,0.26,0.38,0.37,0.96,722521357,1001281520,0.42,23762620,33731872,33551303
00063GCF_000308155.1_EptFus1.0.fna,24526,1152,0.05,11801,5340,6233,0.5,0.23,0.27,0.54,794322,206250,293457,0.61,0.16,0.23,11345400,11252840,10622081,8843743,42064064,00063GCF_000308155.1_EptFus1.0.fna,6789,0.44,15555359,23577164,22088243,273145181,273416280,345422072,344773932,TRUE,1236757465,1194693401,0.25,0.39,0.36,0.97,523963221,670730180,0.44,15349109,22782842,21794786
00064GCF_000311805.1_CB1.fna,32598,2067,0.06,15310,6919,8302,0.5,0.23,0.27,0.52,1288183,341885,496961,0.61,0.16,0.23,16440503,16080965,16696932,13628501,62846901,00064GCF_000311805.1_CB1.fna,13334,0.44,18360313,29276396,26128261,329467886,329425697,415309063,415468870,TRUE,1489671516,1426824615,0.25,0.4,0.35,0.96,626372115,800452500,0.44,18018428,27988213,25631300
00065GCF_000313985.1_EchTel2.0.fna,23276,976,0.04,11224,5194,5882,0.5,0.23,0.26,0.54,713233,181561,247999,0.62,0.16,0.22,10371356,10422069,9586652,8093156,38473233,00065GCF_000313985.1_EchTel2.0.fna,8402,0.44,20929931,32241727,27974408,368651196,369801547,465760429,464114182,TRUE,1668327354,1629854121,0.26,0.4,0.34,0.98,717659318,912194803,0.44,20748370,31528494,27726409
00066GCF_000317375.1_MicOch1.0.fna,31073,1104,0.04,14842,7036,8091,0.5,0.23,0.27,0.52,1156012,322244,399062,0.62,0.17,0.21,14970284,14846045,14871266,12436471,57124066,00066GCF_000317375.1_MicOch1.0.fna,6335,0.44,20245844,29372787,25261467,326238590,326420119,418787469,418824477,TRUE,1490270655,1433146589,0.27,0.39,0.34,0.96,622842380,810304209,0.43,19923600,28216775,24862405
00067GCF_000317765.1_CHIR_1.0.fna,37123,9112,0.25,13792,6107,8112,0.49,0.22,0.29,0.51,1084165,299502,427434,0.6,0.17,0.24,13653710,13407741,14152192,11713394,52927037,00067GCF_000317765.1_CHIR_1.0.fna,77021,0.43,20206713,31521607,29161378,336473836,336267107,448915915,449803129,TRUE,1571459987,1518532950,0.25,0.39,0.36,0.97,645679492,872853458,0.43,19907211,30437442,28733944
00068GCF_000321225.1_Oros_1.0.fna,31648,1176,0.04,15164,6747,8561,0.5,0.22,0.28,0.53,1063872,292631,404854,0.6,0.17,0.23,14509285,14244564,13985055,11746627,54485531,00068GCF_000321225.1_Oros_1.0.fna,3893,0.44,20609875,30520653,28414271,344684705,344834350,446921811,446533062,TRUE,1582973928,1528488397,0.26,0.38,0.36,0.97,660765206,867723191,0.43,20317244,29456781,28009417
00069GCF_000325575.1_ASM32557v1.fna,33456,1337,0.04,16036,7195,8888,0.5,0.22,0.28,0.52,1203956,360957,495583,0.58,0.18,0.24,15930684,15669516,16153836,13430980,61185016,00069GCF_000325575.1_ASM32557v1.fna,65598,0.43,19224918,27625756,26154046,310312805,310344907,403915683,403942021,TRUE,1428515416,1367330400,0.26,0.38,0.36,0.96,589057512,778272888,0.43,18863961,26421800,25658463
00070GCF_000327345.1_ASM32734v1.fna,34050,2212,0.06,15711,7411,8716,0.49,0.23,0.27,0.52,1157351,326027,455013,0.6,0.17,0.23,15414826,15210628,15508186,12686868,58820508,00070GCF_000327345.1_ASM32734v1.fna,101769,0.44,16160752,24563602,22749312,282194595,282400600,357906068,357614711,TRUE,1280115974,1221295466,0.25,0.39,0.36,0.95,533969741,687325725,0.44,15834725,23406251,22294299
00071GCF_000331955.2_Oorc_1.1.fna,28009,846,0.03,13454,6192,7517,0.5,0.23,0.28,0.53,950035,256689,359241,0.61,0.16,0.23,13346277,13180027,12652350,10557264,49735918,00071GCF_000331955.2_Oorc_1.1.fna,1668,0.44,19506466,29442333,27528390,329767371,329705696,427182252,427226888,TRUE,1513882207,1464146289,0.26,0.38,0.36,0.97,632946763,831199526,0.43,19249777,28492298,27169149
00072GCF_000334495.1_TupChi_1.0.fna,38219,3501,0.09,17288,7983,9447,0.5,0.23,0.27,0.52,1201055,347885,478387,0.59,0.17,0.24,16062879,15945091,16146645,13472832,61627447,00072GCF_000334495.1_TupChi_1.0.fna,50750,0.43,22008313,31828837,29821093,354671715,354582940,463626567,463873978,TRUE,1636755200,1575127753,0.26,0.38,0.36,0.96,677246685,897881068,0.43,21660428,30627782,29342706
00073GCF_000349665.1_MesAur1.0.fna,33413,2052,0.06,15462,7540,8359,0.49,0.24,0.27,0.53,1201848,338030,406739,0.62,0.17,0.21,15790076,15718619,15430524,12980534,59919753,00073GCF_000349665.1_MesAur1.0.fna,21484,0.43,20366098,29642176,25973338,318927098,318954569,420934506,420731862,TRUE,1479548035,1419628282,0.27,0.39,0.34,0.96,606372972,813255310,0.43,20028068,28440328,25566599
00074GCF_000349705.1_LepWed1.0.fna,26838,2725,0.1,11936,5362,6815,0.5,0.22,0.28,0.53,739969,206898,288901,0.6,0.17,0.23,10090361,9877823,9758142,8211013,37937339,00074GCF_000349705.1_LepWed1.0.fna,16711,0.44,20059758,29691664,27564531,335238284,334962569,433636925,433708606,TRUE,1537546384,1499609045,0.26,0.38,0.36,0.98,650232669,849376376,0.43,19852860,28951695,27275630
00075GCF_000364345.1_Macaca_fascicularis_5.0.fna,63248,2081,0.03,29772,13696,17699,0.49,0.22,0.29,0.51,2786191,821162,1147899,0.59,0.17,0.24,34643488,33913801,36594249,29788552,134940090,00075GCF_000364345.1_Macaca_fascicularis_5.0.fna,7601,0.42,23740828,34729062,33307264,374440825,374011656,508489577,509266055,TRUE,1766208113,1631268023,0.26,0.38,0.36,0.92,679895192,951372831,0.42,22919666,31942871,32159365
00076GCF_000400835.1_PHO1.0.fna,32945,1691,0.05,15662,6602,8990,0.5,0.21,0.29,0.54,962826,241608,343948,0.62,0.16,0.22,13498042,13311530,12477472,10707860,49994904,00076GCF_000400835.1_PHO1.0.fna,15059,0.43,20070570,31573797,28690465,343657295,343347599,448764634,449153957,TRUE,1584923485,1534928581,0.25,0.39,0.36,0.97,660195322,874733259,0.43,19828962,30610971,28346517
00077GCF_000409795.2_Chlorocebus_sabeus_1.1.fna,62312,1836,0.03,29998,13643,16835,0.5,0.23,0.28,0.51,2733361,792070,1101959,0.59,0.17,0.24,35083959,34486971,35996123,29543964,135111017,00077GCF_000409795.2_Chlorocebus_sabeus_1.1.fna,2004,0.42,23897040,34900086,33425868,375891952,375733326,511092038,511356333,TRUE,1774073649,1638962632,0.26,0.38,0.36,0.92,682054348,956908284,0.42,23104970,32166725,32323909
00078GCF_000412655.1_ASM41265v1.fna,41802,2431,0.06,19364,9035,10972,0.49,0.23,0.28,0.52,1492386,421644,592900,0.6,0.17,0.24,19500926,19249775,19917080,16287195,74954976,00078GCF_000412655.1_ASM41265v1.fna,169750,0.44,16949211,25760149,23898057,294118769,294139915,374987993,374970347,TRUE,1338217024,1263262048,0.25,0.39,0.36,0.94,549507983,713754065,0.43,16527567,24267763,23305157
00079GCF_000419365.1_C_griseus_v1.0.fna,34313,2578,0.08,15492,7412,8831,0.49,0.23,0.28,0.51,1211171,351154,434866,0.61,0.18,0.22,14574771,14329985,15273455,12894209,57072420,00079GCF_000419365.1_C_griseus_v1.0.fna,52710,0.42,22412541,32348133,28683381,339145267,339309290,460647184,460531262,TRUE,1599633003,1542560583,0.27,0.39,0.34,0.96,649549801,893010782,0.42,22061387,31136962,28248515
00080GCF_000442215.1_Lipotes_vexillifer_v1.fna,27293,1447,0.05,12941,5646,7259,0.5,0.22,0.28,0.53,897157,238733,336644,0.61,0.16,0.23,12510799,12280393,11800171,9896873,46488236,00080GCF_000442215.1_Lipotes_vexillifer_v1.fna,30713,0.43,19972215,30268908,28419726,337909573,337896467,439348880,439171359,TRUE,1554326279,1507838043,0.25,0.38,0.36,0.97,651014848,856823195,0.43,19733482,29371751,28083082
00081GCF_000464555.1_PanTig1.0.fna,30140,1539,0.05,14070,6383,8148,0.49,0.22,0.28,0.51,1016413,294768,409983,0.59,0.17,0.24,13065117,12787381,13408266,11243004,50503768,00081GCF_000464555.1_PanTig1.0.fna,1479,0.44,20486621,30481151,28515894,344291340,344803868,447608149,447268089,TRUE,1583971446,1533467678,0.26,0.38,0.36,0.97,663242710,870224968,0.43,20191853,29464738,28105911
00082GCF_000471725.1_UMD_CASPUR_WB_2.0.fna,42505,2497,0.06,20193,9064,10751,0.5,0.23,0.27,0.53,1423052,371628,523591,0.61,0.16,0.23,19943092,19798394,18892545,15719619,74353650,00082GCF_000471725.1_UMD_CASPUR_WB_2.0.fna,366983,0.43,20860022,32629466,30426500,349399558,349998585,467620585,466876713,TRUE,1633895441,1559541791,0.25,0.39,0.36,0.95,659656657,899885134,0.42,20488394,31206414,29902909
00083GCF_000472045.1_Physeter_macrocephalus-2.0.2.fna,32473,2487,0.08,14844,6623,8519,0.5,0.22,0.28,0.52,1105885,315828,449421,0.59,0.17,0.24,14727912,14391944,14719458,12124803,55964117,00083GCF_000472045.1_Physeter_macrocephalus-2.0.2.fna,11711,0.43,19611765,29573595,27734919,330605826,330759501,429467977,429684288,TRUE,1520517592,1464553475,0.25,0.38,0.36,0.96,632245471,832308004,0.43,19295937,28467710,27285498
00084GCF_000493695.1_BalAcu1.0.fna,35261,1411,0.04,17050,7576,9224,0.5,0.22,0.27,0.52,1285639,358232,505968,0.6,0.17,0.24,17169019,16797013,17037765,14016493,65020290,00084GCF_000493695.1_BalAcu1.0.fna,10776,0.43,19945198,30159395,28117513,335865060,335982817,436953430,436532504,TRUE,1545333811,1480313521,0.25,0.39,0.36,0.96,637881845,842431676,0.43,19586966,28873756,27611545
00085GCF_000500345.1_Pman_1.0.fna,46378,2010,0.04,22116,10435,11817,0.5,0.24,0.27,0.52,1937365,520296,677897,0.62,0.17,0.22,24929140,24679571,24974804,20462916,95046431,00085GCF_000500345.1_Pman_1.0.fna,30921,0.44,22766044,33909806,29038097,368951698,369196235,479091134,478618941,TRUE,1695858008,1600811577,0.27,0.4,0.34,0.94,688539222,912272355,0.43,22245748,31972441,28360200
00086GCF_000622305.1_S.galili_v1.0.fna,39600,2312,0.06,18621,8533,10134,0.5,0.23,0.27,0.52,1506512,432600,530727,0.61,0.18,0.21,18858484,18665172,19153838,16079405,72756899,00086GCF_000622305.1_S.galili_v1.0.fna,154976,0.42,25207780,36854379,33360010,385111557,385111431,525780106,525870464,TRUE,1821873558,1749116659,0.26,0.39,0.35,0.96,732699332,1016417327,0.42,24775180,35347867,32829283
00087GCF_000687225.1_UrsMar_1.0.fna,29816,1735,0.06,13846,6351,7884,0.49,0.23,0.28,0.52,914683,261113,366408,0.59,0.17,0.24,12069471,11843157,12152902,10294898,46360428,00087GCF_000687225.1_UrsMar_1.0.fna,23819,0.44,20278511,30326023,27860169,348554737,348868739,444205330,443533147,TRUE,1585161953,1538801525,0.26,0.39,0.36,0.97,673510848,865290677,0.44,20017398,29411340,27493761
00088GCF_000696425.1_G_variegatus-3.0.2.fna,34399,4858,0.14,14466,6629,8446,0.49,0.22,0.29,0.51,1018247,293299,401909,0.59,0.17,0.23,13050838,12853161,13282530,11181619,50368148,00088GCF_000696425.1_G_variegatus-3.0.2.fna,179514,0.43,25168197,37127332,35407887,405157981,405026847,545071344,544683155,TRUE,1899939327,1849571179,0.26,0.38,0.36,0.97,784280829,1065290350,0.42,24874898,36109085,35005978
00089GCF_000696695.1_Burgud.fna,40088,3434,0.09,18127,8210,10317,0.49,0.22,0.28,0.51,1348159,384049,537259,0.59,0.17,0.24,17310617,16965548,17638288,14756973,66671426,00089GCF_000696695.1_Burgud.fna,53097,0.44,21805950,33356361,30139332,373316324,373345928,480452557,479966199,TRUE,1707081008,1640409582,0.26,0.39,0.35,0.96,712386087,928023495,0.43,21421901,32008202,29602073
00090GCF_000743615.1_DMR_v1.0.fna,44639,1951,0.04,21578,9722,11388,0.51,0.23,0.27,0.52,1696939,474575,629086,0.61,0.17,0.22,21917223,21590061,22070862,18442488,84020634,00090GCF_000743615.1_DMR_v1.0.fna,74730,0.43,20755888,31009690,28287252,340961222,340637523,449222567,449795837,TRUE,1580617149,1496596515,0.26,0.39,0.35,0.95,638091461,858505054,0.43,20281313,29312751,27658166
00091GCF_000754665.1_Bison_UMD1.0.fna,36645,2560,0.07,16832,7616,9637,0.49,0.22,0.28,0.52,1281508,355732,512063,0.6,0.17,0.24,16635473,16392455,16895554,14068937,63992419,00091GCF_000754665.1_Bison_UMD1.0.fna,128431,0.43,20280537,31738960,29651944,338703532,338620776,454399440,454218262,TRUE,1585942010,1521949591,0.25,0.39,0.36,0.96,644296380,877653211,0.42,19924805,30457452,29139881
00092GCF_000765115.1_Oori1.fna,54049,1920,0.04,26178,12144,13807,0.5,0.23,0.26,0.53,2382872,632733,904650,0.61,0.16,0.23,32572238,32101085,31627610,25631828,121932761,00092GCF_000765115.1_Oori1.fna,6173,0.43,19790195,30928052,28551473,334312136,334332919,441474413,441394661,TRUE,1551514129,1429581368,0.25,0.39,0.36,0.92,603971732,825609636,0.42,19157462,28545180,27646823
00093GCF_000767585.1_PRJNA234474_Ca_dromedarius_V1.0.fna,29769,4421,0.15,12711,5716,6921,0.5,0.23,0.27,0.52,896395,236390,338303,0.61,0.16,0.23,11981614,11834631,11746634,9843485,45406364,00093GCF_000767585.1_PRJNA234474_Ca_dromedarius_V1.0.fna,32573,0.44,18250889,29123788,26051560,328109516,328504266,413830302,413587864,TRUE,1484031948,1438625584,0.25,0.4,0.35,0.97,632797537,805828047,0.44,18014499,28227393,25713257
00094GCF_000767855.1_Ca_bactrianus_MBC_1.0.fna,30513,3072,0.1,13709,6274,7458,0.5,0.23,0.27,0.52,1000920,265663,376241,0.61,0.16,0.23,13361742,13181587,13117738,10916929,50577996,00094GCF_000767855.1_Ca_bactrianus_MBC_1.0.fna,35455,0.44,18241102,29100469,26003163,327894170,327846403,413040161,412852968,TRUE,1481633702,1431055706,0.25,0.4,0.35,0.97,629197244,801858462,0.44,17975439,28099549,25626922
00095GCF_000769185.1_Rrox_v1.fna,38286,2498,0.07,17696,7956,10136,0.49,0.22,0.28,0.51,1386219,392929,548458,0.6,0.17,0.24,17614889,17236131,18005409,14889922,67746351,00095GCF_000769185.1_Rrox_v1.fna,135512,0.42,24322112,35640057,34081511,382284411,381248968,520520616,521566922,TRUE,1805620917,1737874566,0.26,0.38,0.36,0.96,728682359,1009192207,0.42,23929183,34253838,33533053
00096GCF_000772875.2_Mmul_8.0.1.fna,56590,3102,0.05,26013,11948,15527,0.49,0.22,0.29,0.51,2329851,685092,950654,0.59,0.17,0.24,29199510,28588385,30603100,24929768,113320763,00096GCF_000772875.2_Mmul_8.0.1.fna,284728,0.42,24847108,36425202,35062630,393653206,393784757,534782339,534959070,TRUE,1857179372,1743858609,0.26,0.38,0.36,0.94,729650068,1014208541,0.42,24162016,34095351,34111976
00097GCF_000951035.1_Cang.pa_1.0.fna,39120,1616,0.04,18329,8175,11000,0.49,0.22,0.29,0.51,1221399,343269,477492,0.6,0.17,0.23,15583586,15235131,15850911,13291050,59960678,00097GCF_000951035.1_Cang.pa_1.0.fna,13124,0.42,23496016,34390387,32950320,368339589,368118866,503044100,503393183,TRUE,1742895738,1682935060,0.26,0.38,0.36,0.97,705639738,977295322,0.42,23152747,33168988,32472828
00098GCF_000951045.1_Mleu.le_1.0.fna,38968,1667,0.04,18135,8278,10888,0.49,0.22,0.29,0.51,1200169,338056,469877,0.6,0.17,0.23,15273128,14937805,15566889,13087186,58865008,00098GCF_000951045.1_Mleu.le_1.0.fna,12821,0.42,23942496,35019233,33592818,376069342,376356604,513268360,512787058,TRUE,1778481364,1719616356,0.26,0.38,0.36,0.97,722215013,997401343,0.42,23604440,33819064,33122941
00099GCF_000952055.1_Anan_1.0.fna,44328,1823,0.04,20948,9537,12020,0.49,0.22,0.28,0.51,1658232,488034,664007,0.59,0.17,0.24,21125569,20824762,21796931,18046674,81793936,00099GCF_000952055.1_Anan_1.0.fna,29223,0.42,22812042,33342169,31954012,358154337,358380488,487164452,486516779,TRUE,1690216056,1608422120,0.26,0.38,0.36,0.95,674584494,933837626,0.42,22324008,31683937,31290005
00100GCF_000952055.2_Anan_2.0.fna,47934,1757,0.04,22712,10302,13163,0.49,0.22,0.29,0.51,1860927,543826,746934,0.59,0.17,0.24,23517933,23210438,24425402,20104984,91258757,00100GCF_000952055.2_Anan_2.0.fna,28922,0.42,23846393,34841737,33334042,375599816,375429026,508736940,508831631,TRUE,1768597413,1677338656,0.26,0.38,0.36,0.95,704300471,973038185,0.42,23302567,32980810,32587108
00101GCF_000955945.1_Caty_1.0.fna,66301,2017,0.03,31736,14650,17898,0.49,0.23,0.28,0.52,2783909,812254,1109593,0.59,0.17,0.24,36019764,35557091,36813480,30315360,138705695,00101GCF_000955945.1_Caty_1.0.fna,11433,0.43,24098347,35269778,33700110,382576639,382814521,517276274,516993410,TRUE,1799660844,1660955149,0.26,0.38,0.36,0.92,693814305,967140844,0.42,23286093,32485869,32590517
00102GCF_000956065.1_Mnem_1.0.fna,63222,1940,0.03,29845,13891,17546,0.49,0.23,0.29,0.52,2592641,752601,1032554,0.59,0.17,0.24,33471996,32969095,34285013,28161883,128887987,00102GCF_000956065.1_Mnem_1.0.fna,9733,0.43,24507609,35869350,34298621,389607923,389871663,526461320,526183104,TRUE,1832124010,1703236023,0.26,0.38,0.36,0.93,713038495,990197528,0.42,23755008,33276709,33266067
00103GCF_000956105.1_Pcoq_1.0.fna,28579,1259,0.04,13695,6328,7297,0.5,0.23,0.27,0.54,886237,239136,324564,0.61,0.16,0.22,12852169,12781311,11949546,10019421,47602447,00103GCF_000956105.1_Pcoq_1.0.fna,22539,0.44,19530243,28485438,26713849,330389294,331039429,422798609,422043878,TRUE,1506271210,1458668763,0.26,0.38,0.36,0.97,635795243,822873520,0.44,19291107,27599201,26389285
00104GCF_001305755.1_ASM130575v1.fna,42785,1572,0.04,20403,9372,11438,0.5,0.23,0.28,0.52,1761924,490536,690885,0.6,0.17,0.23,22550476,22037060,22935534,18843347,86366417,00104GCF_001305755.1_ASM130575v1.fna,2167,0.44,21504484,32920517,29706303,368930612,369511898,474371631,473471309,TRUE,1686285450,1599919033,0.26,0.39,0.35,0.95,693854974,906064059,0.43,21013948,31158593,29015418
00105GCF_001443585.1_aciJub1.fna,28136,1880,0.07,12909,5762,7585,0.49,0.22,0.29,0.51,918026,267032,372731,0.59,0.17,0.24,11737386,11446233,12080211,10169241,45433071,00105GCF_001443585.1_aciJub1.fna,14383,0.43,20633802,30706344,28729215,345125269,345243243,450192740,450207206,TRUE,1590768458,1545335387,0.26,0.38,0.36,0.97,667184893,878150494,0.43,20366770,29788318,28356484
00106GCF_001458135.1_marMar2.1.fna,32438,1664,0.05,15165,6904,8705,0.49,0.22,0.28,0.52,1128140,321016,423650,0.6,0.17,0.23,14430484,14190612,14530940,12360395,55512431,00106GCF_001458135.1_marMar2.1.fna,14543,0.43,22082229,33247122,30553374,354027956,354119461,477980639,477827434,TRUE,1663955490,1608443059,0.26,0.39,0.36,0.97,679526321,928916738,0.42,21761213,32118982,30129724
00107GCF_001466805.2_Raegyp2.0.fna,49368,1733,0.04,23949,10736,12950,0.5,0.23,0.27,0.52,1890154,560288,766616,0.59,0.17,0.24,25915422,25634230,25689755,21236971,98476378,00107GCF_001466805.2_Raegyp2.0.fna,2490,0.44,18822935,26922519,25619524,308653649,308534250,395357381,395705021,TRUE,1408250301,1309773923,0.26,0.38,0.36,0.93,565638247,744135676,0.43,18262647,25032365,24852908
00108GCF_001595765.1_Mnat.v1.fna,30211,1282,0.04,14559,6564,7806,0.5,0.23,0.27,0.52,1116141,317199,440841,0.6,0.17,0.24,14656244,14441456,14703367,12241075,56042142,00108GCF_001595765.1_Mnat.v1.fna,1269,0.45,16017888,24216090,22279126,282503217,282486385,351836792,351934381,TRUE,1268760775,1212718633,0.26,0.39,0.36,0.96,535891902,676826731,0.44,15700689,23099949,21838285
00109GCF_001604975.1_Cebus_imitator-1.0.fna,53473,1668,0.03,25546,11558,14701,0.49,0.22,0.28,0.52,2235058,644893,886864,0.59,0.17,0.24,28802814,28150073,29316271,23961808,110230966,00109GCF_001604975.1_Cebus_imitator-1.0.fna,7156,0.42,22949175,33599336,32297490,362828928,362726954,491819755,492065685,TRUE,1709441322,1599210356,0.26,0.38,0.36,0.94,668602995,930607361,0.42,22304282,31364278,31410626
00110GCF_001685135.1_ManJav1.0.fna,43666,4653,0.11,20022,8649,10342,0.51,0.22,0.27,0.53,1424161,387272,518959,0.61,0.17,0.22,19365995,19154071,18518961,15673844,72712871,00110GCF_001685135.1_ManJav1.0.fna,80670,0.43,21003856,31767698,29897112,352354288,352231093,461424678,461826973,TRUE,1627837032,1555124161,0.25,0.38,0.36,0.96,666065315,889058846,0.43,20616584,30343537,29378153
00111GCF_001698545.1_ASM169854v1.fna,50530,2763,0.05,23809,10766,13192,0.5,0.23,0.28,0.53,1652770,456665,605146,0.61,0.17,0.22,22169728,21954855,21662503,18099157,83886243,00111GCF_001698545.1_ASM169854v1.fna,105032,0.42,24163678,35378043,33919248,380390487,380510867,518667225,517946457,TRUE,1797515036,1713628793,0.26,0.38,0.36,0.95,716776771,996852022,0.42,23707013,33725273,33314102
00112GCF_001704415.1_ARS1.fna,43127,1636,0.04,21347,9405,10739,0.51,0.23,0.26,0.54,1643916,427327,597057,0.62,0.16,0.22,23271092,23043261,21861534,17930295,86106182,00112GCF_001704415.1_ARS1.fna,29907,0.43,20690933,32412772,30259682,349378080,349260195,464392546,464714708,TRUE,1627745529,1541639347,0.25,0.39,0.36,0.95,652323922,889315425,0.42,20263606,30768856,29662625
00113GCF_001857705.1_PanPar1.0.fna,58283,1845,0.03,28244,12861,15333,0.5,0.23,0.27,0.52,2332051,667598,925088,0.59,0.17,0.24,31735738,31210510,31383528,25720721,120050497,00113GCF_001857705.1_PanPar1.0.fna,50377,0.44,21292041,31794609,29568142,364433747,364455428,466865805,466574057,TRUE,1662329037,1542278540,0.26,0.38,0.36,0.93,665942927,876335613,0.43,20624443,29462558,28643054
00114GCF_001888835.1_ASM188883v1.fna,48524,2589,0.05,22997,10366,12572,0.5,0.23,0.27,0.52,1919089,533799,741945,0.6,0.17,0.23,25383753,24846742,25411971,20849885,96492351,00114GCF_001888835.1_ASM188883v1.fna,63439,0.43,19081625,28557359,26239022,317564881,317230730,413350470,413726254,TRUE,1461872335,1365379984,0.26,0.39,0.36,0.93,584565116,780814868,0.43,18547826,26638270,25497077
00115GCF_001890085.1_ASM189008v1.fna,46370,1882,0.04,22181,10330,11977,0.5,0.23,0.27,0.53,1687070,458163,618769,0.61,0.17,0.22,23388527,23297503,22461258,18495566,87642854,00115GCF_001890085.1_ASM189008v1.fna,7571,0.44,18210068,27345405,25176338,303762675,303867138,394155574,393902680,TRUE,1395688067,1308045213,0.26,0.39,0.36,0.94,560943783,747101430,0.43,17751905,25658335,24557569
00116GCF_001922835.1_NIST_Tur_tru_v1.fna,39225,1596,0.04,18490,7981,11158,0.49,0.21,0.3,0.51,1461528,448164,644886,0.57,0.18,0.25,18408392,17693313,19438360,15914887,71454952,00116GCF_001922835.1_NIST_Tur_tru_v1.fna,2648,0.43,18973790,28422786,27065332,311389525,311369617,413274228,413167685,TRUE,1449201055,1377746103,0.25,0.38,0.36,0.95,586657437,791088666,0.43,18525626,26961258,26420446
00117GCF_001984765.1_C.can_genome_v1.0.fna,39263,3894,0.1,17472,8221,9676,0.49,0.23,0.27,0.52,1311094,374210,483060,0.6,0.17,0.22,16607762,16375570,16683216,14138193,63804741,00117GCF_001984765.1_C.can_genome_v1.0.fna,21157,0.42,23786953,35022272,32759273,360625804,360548435,502639281,502697017,TRUE,1726510537,1662705796,0.26,0.38,0.36,0.96,688190907,974514889,0.41,23412743,33711178,32276213
00118GCF_002102435.1_Ovir.te_1.0.fna,48781,2067,0.04,23753,10304,12657,0.51,0.22,0.27,0.53,1711438,459758,654332,0.61,0.16,0.23,23132659,22994095,22655534,18687258,87469546,00118GCF_002102435.1_Ovir.te_1.0.fna,17026,0.43,19938235,31285933,28559847,335313552,335375226,443048123,443081831,TRUE,1556818732,1469349186,0.25,0.39,0.36,0.94,624562024,844787162,0.43,19478477,29574495,27905515
00119GCF_002204375.1_MunDraft-v1.0.fna,40126,3296,0.08,19011,8742,9077,0.52,0.24,0.25,0.53,1382407,373906,456928,0.62,0.17,0.21,18822475,18735055,17857821,14900067,70315418,00119GCF_002204375.1_MunDraft-v1.0.fna,68793,0.44,21737940,32158610,28070094,355499444,355586743,457817229,457799908,TRUE,1626703324,1556387906,0.27,0.39,0.34,0.96,673528657,882859249,0.43,21364034,30776203,27613166
00120GCF_900095145.1_PAHARI_EIJ_v1.1.fna,36489,1145,0.03,17704,8063,9577,0.5,0.23,0.27,0.52,1282200,359500,446714,0.61,0.17,0.21,16658842,16535302,16463882,13943363,63601389,00120GCF_900095145.1_PAHARI_EIJ_v1.1.fna,2581,0.43,21916800,31094623,27476944,338266706,338271554,443812017,444011682,TRUE,1564361959,1500760570,0.27,0.39,0.34,0.96,643344116,857416454,0.43,21557300,29812423,27030230
00001GCF_000002035.5_GRCz10.fna,48098,3208,0.07,21952,8309,14629,0.49,0.19,0.33,0.5,2041824,467651,813494,0.61,0.14,0.24,24189696,23435280,26263805,21314928,95203709,00001GCF_000002035.5_GRCz10.fna,1061,0.39,8051119,14688239,15940864,136098673,136217256,212090700,211779078,TRUE,696185707,600981998,0.21,0.38,0.41,0.86,224690953,376291045,0.37,7583468,12646415,15127370
00002GCF_000002035.6_GRCz11.fna,58860,3861,0.07,26755,10233,18011,0.49,0.19,0.33,0.5,2608483,605137,1041743,0.61,0.14,0.24,30667821,29679192,33528437,27017561,120893011,00002GCF_000002035.6_GRCz11.fna,1923,0.39,9990332,18174708,19763847,168170805,168234419,262655524,262416026,TRUE,861476774,740583763,0.21,0.38,0.41,0.86,276058211,464525552,0.37,9385195,15566225,18722104
00003GCF_000002315.4_Gallus_gallus-5.0.fna,47213,2539,0.05,20944,10051,13679,0.47,0.22,0.31,0.5,2068875,573908,822515,0.6,0.17,0.24,25481922,23950017,26922158,21632234,97986331,00003GCF_000002315.4_Gallus_gallus-5.0.fna,23475,0.43,10791968,18139042,16505050,197042021,196736068,261334555,261502915,TRUE,916615559,818629228,0.24,0.4,0.36,0.89,344346150,474283078,0.42,10218060,16070167,15682535
00004GCF_000004195.2_Xtropicalis_v7.fna,41759,2992,0.07,15249,7733,15785,0.39,0.2,0.41,0.46,1591140,554586,920933,0.52,0.18,0.3,18198090,17091529,22601602,18302932,76194153,00004GCF_000004195.2_Xtropicalis_v7.fna,7728,0.41,11621287,14525628,18374839,170866205,170758353,248648117,248696133,TRUE,838968808,762774655,0.26,0.33,0.41,0.91,306334939,456439716,0.4,11066701,12934488,17453906
00005GCF_000004195.3_Xenopus_tropicalis_v9.1.fna,41003,2777,0.07,15118,7580,15528,0.4,0.2,0.41,0.46,1596750,552509,925482,0.52,0.18,0.3,18108957,16983392,22566013,18190842,75849204,00005GCF_000004195.3_Xenopus_tropicalis_v9.1.fna,6822,0.41,11628092,14543319,18399366,171125019,171098268,249085915,248956010,TRUE,840265212,764416008,0.26,0.33,0.41,0.91,307130938,457285070,0.4,11075583,12946569,17473884
00006GCF_000090745.1_AnoCar2.0.fna,38020,5345,0.14,14797,6833,11045,0.45,0.21,0.34,0.48,1406986,447921,611342,0.57,0.18,0.25,16199324,15560672,19190644,15567447,66518087,00006GCF_000090745.1_AnoCar2.0.fna,6457,0.4,12979730,19434143,19229422,199923450,199805650,298235306,298394778,TRUE,996359184,929841097,0.25,0.38,0.37,0.93,367969104,561871993,0.4,12531809,18027157,18618080
00007GCF_000146605.2_Turkey_5.0.fna,34796,3057,0.09,14650,7275,9814,0.46,0.23,0.31,0.49,1224688,338067,492318,0.6,0.16,0.24,14410455,13563483,15821807,12949584,56745329,00007GCF_000146605.2_Turkey_5.0.fna,231286,0.42,10426594,17226636,15713257,181834324,182158668,247916999,247887069,TRUE,859797060,803051731,0.24,0.4,0.36,0.93,336019054,467032677,0.42,10088527,16001948,15220939
00008GCF_000151805.1_Taeniopygia_guttata-3.2.4.fna,21277,3757,0.18,8154,3756,5610,0.47,0.21,0.32,0.51,684192,165238,255854,0.62,0.15,0.23,8508901,8075223,8844726,7162540,32591390,00008GCF_000151805.1_Taeniopygia_guttata-3.2.4.fna,37096,0.43,11018352,19606608,17575154,209853936,209788743,281208942,281356566,TRUE,982208187,949616797,0.23,0.41,0.36,0.97,403058555,546558242,0.42,10853114,18922416,17319300
00009GCF_000165045.1_Callorhinchus_milii-6.1.3.fna,30796,4193,0.14,11846,5162,9595,0.45,0.19,0.36,0.49,1152409,282929,477028,0.6,0.15,0.25,13247372,12334262,14988658,11861775,52432067,00009GCF_000165045.1_Callorhinchus_milii-6.1.3.fna,21204,0.41,6338867,12306470,11333358,121733035,121813472,171689196,171686828,TRUE,586922531,534490464,0.21,0.41,0.38,0.91,217964873,316525591,0.41,6055938,11154061,10856330
00010GCF_000180615.1_FUGU5.fna,31927,2421,0.08,15633,5881,7992,0.53,0.2,0.27,0.54,1060052,205633,335591,0.66,0.13,0.21,15513872,15461254,14524633,11691595,57191354,00010GCF_000180615.1_FUGU5.fna,6835,0.46,2508899,5864327,4663383,66324878,66363668,77148065,77190119,TRUE,287026730,229835376,0.19,0.45,0.36,0.8,101713420,128121956,0.44,2303266,4804275,4327792
00011GCF_000186305.1_Python_molurus_bivittatus-5.0.2.fna,27835,3972,0.14,10636,4780,8447,0.45,0.2,0.35,0.47,938569,304758,422887,0.56,0.18,0.25,10394443,9816672,12377157,10360221,42948493,00011GCF_000186305.1_Python_molurus_bivittatus-5.0.2.fna,39113,0.41,13668317,20112616,19770124,210498327,210513858,303275254,303266980,TRUE,1027554419,984605926,0.26,0.38,0.37,0.96,400801070,583804856,0.41,13363559,19174047,19347237
00012GCF_000188235.2_Orenil1.1.fna,49589,3950,0.08,22577,9617,13445,0.49,0.21,0.29,0.52,1881545,432699,661277,0.63,0.15,0.22,24526913,24247563,24769615,19889367,93433458,00012GCF_000188235.2_Orenil1.1.fna,5678,0.42,6672741,13117479,11862136,130069425,130081618,176318340,176345807,TRUE,612815190,519381732,0.21,0.41,0.37,0.85,211376567,308005165,0.41,6240042,11235934,11200859
00013GCF_000225785.1_LatCha1.fna,37246,4874,0.13,11911,6644,13817,0.37,0.21,0.43,0.47,1352635,458203,700222,0.54,0.18,0.28,14756625,13443560,17961467,14384763,60546415,00013GCF_000225785.1_LatCha1.fna,22819,0.41,16104284,22525402,25058789,243896233,243952528,356729080,356644875,TRUE,1201222716,1140676301,0.25,0.35,0.39,0.95,459648576,681027725,0.4,15646081,21172767,24358567
00014GCF_000230535.1_PelSin_1.0.fna,33854,2157,0.06,13523,6795,11379,0.43,0.21,0.36,0.47,1337103,455231,639147,0.55,0.19,0.26,14970049,14152824,17834668,14433199,61390740,00014GCF_000230535.1_PelSin_1.0.fna,19904,0.44,18287948,26162768,24625600,307896242,307562722,394418767,394698347,TRUE,1404576078,1343185338,0.26,0.38,0.36,0.96,586336091,756849247,0.44,17832717,24825665,23986453
00015GCF_000233375.1_ICSASG_v2.fna,103007,11776,0.11,44471,23139,23621,0.49,0.25,0.26,0.55,3821483,1005543,1137589,0.64,0.17,0.19,55412127,55663986,50894054,39438747,201408914,00015GCF_000233375.1_ICSASG_v2.fna,232155,0.43,15383471,22322110,20108951,241715452,241775850,319694662,319372298,TRUE,1122558262,921149348,0.27,0.39,0.35,0.82,372415189,548734159,0.4,14377928,18500627,18971362
00016GCF_000238935.1_Melopsittacus_undulatus_6.3.fna,17908,1832,0.1,7208,3433,5435,0.45,0.21,0.34,0.49,669974,187152,272822,0.59,0.17,0.24,7631443,7145547,8481950,6961598,30220538,00016GCF_000238935.1_Melopsittacus_undulatus_6.3.fna,25212,0.42,10940659,17628538,16447996,185323261,185468366,253985124,253806035,TRUE,878582786,848362248,0.24,0.39,0.37,0.97,356014637,492347611,0.42,10753507,16958564,16175174
00017GCF_000238955.2_M_zebra_UMD1.fna,43727,2216,0.05,20697,8699,12115,0.5,0.21,0.29,0.52,1874938,436855,663316,0.63,0.15,0.22,24321532,23989028,24677547,19746820,92734927,00017GCF_000238955.2_M_zebra_UMD1.fna,3555,0.42,6245088,12269420,11186712,122180154,122174732,165830306,165829604,TRUE,576014796,483279869,0.21,0.41,0.38,0.84,196044326,287235543,0.41,5808233,10394482,10523396
00018GCF_000239375.1_PunNye1.0.fna,39151,1932,0.05,18439,7840,10940,0.5,0.21,0.29,0.52,1603233,377273,564519,0.63,0.15,0.22,21106322,20871023,21220179,17040341,80237865,00018GCF_000239375.1_PunNye1.0.fna,7236,0.43,5774347,11313207,10225012,113065835,113309525,152531809,152135570,TRUE,531042739,450804874,0.21,0.41,0.37,0.85,184398015,266406859,0.41,5397074,9709974,9660493
00019GCF_000239395.1_NeoBri1.0.fna,32206,2244,0.07,14651,6214,9097,0.49,0.21,0.3,0.52,1184639,278122,424219,0.63,0.15,0.22,15471886,15241795,15633161,12606036,58952878,00019GCF_000239395.1_NeoBri1.0.fna,9099,0.43,5708677,11144166,10090612,111748123,112117258,150526740,150060599,TRUE,524452720,465499842,0.21,0.41,0.37,0.89,193151700,272348142,0.41,5430555,9959527,9666393
00020GCF_000239415.1_AstBur1.0.fna,47697,5327,0.11,21218,8860,12292,0.5,0.21,0.29,0.52,1887547,446058,669250,0.63,0.15,0.22,24667106,24355459,24977373,19958018,93957956,00020GCF_000239415.1_AstBur1.0.fna,8001,0.43,5829764,11394782,10286668,113793856,113912451,153402082,153287166,TRUE,534395555,440437599,0.21,0.41,0.37,0.82,178683742,261753857,0.41,5383706,9507235,9617418
00021GCF_000241075.1_Xiphophorus_maculatus-4.4.2.fna,24621,2742,0.11,11150,4514,6215,0.51,0.21,0.28,0.54,764293,150709,252687,0.65,0.13,0.22,10876349,10699719,10323536,8397243,40296847,00021GCF_000241075.1_Xiphophorus_maculatus-4.4.2.fna,20632,0.42,5226030,10186467,9397891,101873946,101904165,139956743,139431360,TRUE,483166214,442869367,0.21,0.41,0.38,0.92,182202043,260667324,0.41,5075321,9422174,9145204
00022GCF_000241765.3_Chrysemys_picta_bellii-3.0.3.fna,43626,2614,0.06,17752,9138,14122,0.43,0.22,0.34,0.48,1965283,645822,911806,0.56,0.18,0.26,22393960,21118086,26042957,20703272,90258275,00022GCF_000241765.3_Chrysemys_picta_bellii-3.0.3.fna,78595,0.44,19678393,28135701,26400962,328768674,328804489,421890061,421943249,TRUE,1501406473,1411148198,0.27,0.38,0.36,0.94,614061117,797087081,0.44,19032571,26170418,25489156
00023GCF_000242695.1_LepOcu1.fna,42003,1649,0.04,19441,9145,11768,0.48,0.23,0.29,0.53,1693284,392665,587473,0.63,0.15,0.22,23921215,23004861,22935692,18189981,88051749,00023GCF_000242695.1_LepOcu1.fna,1926,0.42,7638772,13193311,12783784,138718664,138724584,190390524,190376506,TRUE,658210278,570158529,0.23,0.39,0.38,0.87,230517172,339641357,0.4,7246107,11500027,12196311
00024GCF_000247815.1_FicAlb1.5.fna,27144,1686,0.06,12485,5451,7522,0.49,0.21,0.3,0.51,1066919,251821,389056,0.62,0.15,0.23,13535840,12913862,13913618,11108015,51471335,00024GCF_000247815.1_FicAlb1.5.fna,21428,0.43,9395606,16939046,15072731,181360118,181389636,242018035,241986670,TRUE,846754459,795283124,0.23,0.41,0.36,0.94,336300052,458983072,0.42,9143785,15872127,14683675
00025GCF_000277835.1_GeoFor_1.0.fna,17268,1298,0.08,7556,3385,5029,0.47,0.21,0.31,0.51,632432,143897,225446,0.63,0.14,0.23,7700571,7313284,8038515,6516155,29568525,00025GCF_000277835.1_GeoFor_1.0.fna,27239,0.43,9309636,16914712,14972985,179429286,179588214,240920205,240782188,TRUE,840719893,811151368,0.23,0.41,0.36,0.96,344003645,467147723,0.42,9165739,16282280,14747539
00026GCF_000281125.2_ASM28112v3.fna,31207,2137,0.07,12966,6393,9711,0.45,0.22,0.33,0.49,1192496,371102,524530,0.57,0.18,0.25,14024548,13303376,15765453,12656253,55749630,00026GCF_000281125.2_ASM28112v3.fna,9857,0.43,20254154,28316071,27427890,328512127,328494909,431256369,431170379,TRUE,1519433784,1463684154,0.27,0.37,0.36,0.96,629679112,834005042,0.43,19883052,27123575,26903360
00027GCF_000281125.3_ASM28112v4.fna,43169,2176,0.05,18609,8981,13403,0.45,0.22,0.33,0.49,1807652,565751,788708,0.57,0.18,0.25,21485757,20406736,23939646,19263073,85095212,00027GCF_000281125.3_ASM28112v4.fna,7094,0.43,20285850,28374213,27463140,329569923,329562591,432052868,432114964,TRUE,1523300346,1438205134,0.27,0.37,0.36,0.94,617240021,820965113,0.43,19720099,26566561,26674432
00028GCF_000313675.1_ASM31367v1.fna,42933,4679,0.11,20503,7421,10330,0.54,0.19,0.27,0.53,1537536,303690,490939,0.66,0.13,0.21,21243776,21133968,20798881,16689461,79866086,00028GCF_000313675.1_ASM31367v1.fna,7189,0.43,4682372,9951158,8559988,102035008,102102537,135058073,135026604,TRUE,474222222,394356136,0.2,0.43,0.37,0.83,161759801,232596335,0.41,4378682,8413622,8069049
00029GCF_000331425.1_PseHum1.0.fna,27834,1177,0.04,13182,5517,7958,0.49,0.21,0.3,0.51,1191590,283862,439149,0.62,0.15,0.23,15061848,14311583,15491357,12329781,57194569,00029GCF_000331425.1_PseHum1.0.fna,5406,0.43,9235801,16620528,14685382,179650752,179161235,236289984,236873812,TRUE,831975783,774781214,0.23,0.41,0.36,0.93,329438556,445342658,0.43,8951939,15428938,14246233
00030GCF_000337935.1_Cliv_1.0.fna,19401,1772,0.09,8197,3797,5635,0.46,0.22,0.32,0.5,700081,187730,285219,0.6,0.16,0.24,8663147,8202184,9294706,7522176,33682213,00030GCF_000337935.1_Cliv_1.0.fna,14923,0.43,10378318,17240450,15712560,189497096,189418917,249271016,249351636,TRUE,877538665,843856452,0.24,0.4,0.36,0.96,362050682,481805770,0.43,10190588,16540369,15427341
00031GCF_000337955.1_F_peregrinus_v1.0.fna,22064,1226,0.06,9330,4609,6899,0.45,0.22,0.33,0.49,864147,258312,373945,0.58,0.17,0.25,9930078,9278296,11204348,9121211,39533933,00031GCF_000337955.1_F_peregrinus_v1.0.fna,7021,0.43,11587943,18224652,16971926,204635895,204469862,267056096,267243047,TRUE,943404900,903870967,0.25,0.39,0.36,0.96,389897383,513973584,0.43,11329631,17360505,16597981
00032GCF_000337975.1_F_cherrug_v1.0.fna,21713,1246,0.06,9157,4579,6731,0.45,0.22,0.33,0.48,856172,257081,371918,0.58,0.17,0.25,9756105,9110591,11089767,9024902,38981365,00032GCF_000337975.1_F_cherrug_v1.0.fna,5863,0.43,11564618,18175466,16977816,203798124,204255894,267236534,266706450,TRUE,941997002,903015637,0.25,0.39,0.36,0.96,389187322,513828315,0.43,11307537,17319294,16605898
00033GCF_000344595.1_CheMyd_1.0.fna,21106,1739,0.08,8278,4178,6911,0.43,0.22,0.36,0.49,750773,236376,335707,0.57,0.18,0.25,8745423,8255871,9852140,8052182,34905616,00033GCF_000344595.1_CheMyd_1.0.fna,140023,0.44,19480539,28200037,26297634,326736227,327145213,420854273,420804609,TRUE,1495540322,1460634706,0.26,0.38,0.36,0.98,636880146,823754560,0.44,19244163,27449264,25961927
00034GCF_000355885.1_BGI_duck_1.0.fna,32174,2907,0.09,12892,6216,10159,0.44,0.21,0.35,0.48,1332580,417708,613049,0.56,0.18,0.26,15070792,14110110,17810087,14198026,61189015,00034GCF_000355885.1_BGI_duck_1.0.fna,78488,0.43,10456470,16728018,15557490,184994710,185274083,244563602,244317721,TRUE,859150116,797961101,0.24,0.39,0.36,0.93,341087891,456873210,0.43,10038762,15395438,14944441
00035GCF_000372685.1_Astyanax_mexicanus-1.0.2.fna,34148,2163,0.06,15022,6546,10417,0.47,0.2,0.33,0.52,1236862,290404,488447,0.61,0.14,0.24,16386727,15941562,16209701,13123204,61661194,00035GCF_000372685.1_Astyanax_mexicanus-1.0.2.fna,10735,0.41,7726021,11954279,12785703,124500724,124467078,175676883,175517067,TRUE,600161752,538500558,0.24,0.37,0.39,0.9,216639513,321861045,0.4,7435617,10717417,12297256
00036GCF_000385455.1_Zonotrichia_albicollis-1.0.1.fna,26867,4440,0.17,10649,4932,6846,0.47,0.22,0.31,0.5,1021093,243880,376656,0.62,0.15,0.23,12268950,11623503,13089908,10487085,47469446,00036GCF_000385455.1_Zonotrichia_albicollis-1.0.1.fna,6018,0.43,8849025,16448581,14456351,173599553,173351521,232864121,233150121,TRUE,812965316,765495870,0.22,0.41,0.36,0.94,323058621,442437249,0.42,8605145,15427488,14079695
00037GCF_000455745.1_ASM45574v1.fna,29208,1913,0.07,12147,6098,9050,0.45,0.22,0.33,0.49,1064579,329906,465718,0.57,0.18,0.25,12467189,11862233,14021808,11377724,49728954,00037GCF_000455745.1_ASM45574v1.fna,9317,0.43,20545792,28834417,27896173,334864431,334822611,439043177,439316679,TRUE,1548046898,1498317944,0.27,0.37,0.36,0.97,645357620,852960324,0.43,20215886,27769838,27430455
00038GCF_000485575.1_Poecilia_formosa-5.1.2.fna,49941,1788,0.04,24884,10141,13128,0.52,0.21,0.27,0.54,2059457,403066,678830,0.66,0.13,0.22,29838944,29666366,28460186,22398384,110363880,00038GCF_000485575.1_Poecilia_formosa-5.1.2.fna,3985,0.43,5409933,11048408,9978209,111570820,111675489,150143426,150202042,TRUE,523591777,413227897,0.2,0.42,0.38,0.79,163740999,249486898,0.4,5006867,8988951,9299379
00039GCF_000523025.1_Cse_v1.0.fna,37504,1926,0.05,18419,7236,9923,0.52,0.2,0.28,0.52,1488682,305545,479902,0.65,0.13,0.21,19596536,19551526,19721076,15719988,74589126,00039GCF_000523025.1_Cse_v1.0.fna,29643,0.44,3402078,7226882,6003635,72813150,72885524,93893938,93972198,TRUE,333564810,258975684,0.2,0.43,0.36,0.78,106550612,152425072,0.41,3096533,5738200,5523733
00040GCF_000534875.1_SCA1.fna,30859,2285,0.07,13893,6105,8576,0.49,0.21,0.3,0.51,1317287,318011,486256,0.62,0.15,0.23,15932728,15059065,16895936,13456796,61344525,00040GCF_000534875.1_SCA1.fna,304400,0.43,9676579,17771509,15663284,191779582,192130167,254677328,253932421,TRUE,892519498,831174973,0.22,0.41,0.36,0.93,352917956,478257017,0.42,9358568,16454222,15177028
00041GCF_000633615.1_Guppy_female_1.0_MT.fna,44063,1634,0.04,22067,8909,11453,0.52,0.21,0.27,0.54,1782331,356250,591016,0.65,0.13,0.22,26092231,26053510,24866995,19638181,96650917,00041GCF_000633615.1_Guppy_female_1.0_MT.fna,2768,0.43,4972093,10112752,9214124,102213734,102187319,138172404,138172892,TRUE,480746349,384095432,0.2,0.42,0.38,0.8,152255312,231840120,0.4,4615843,8330421,8623108
00042GCF_000687185.1_ASM68718v1.fna,16577,1455,0.09,6625,3242,5255,0.44,0.21,0.35,0.49,603945,178411,261422,0.58,0.17,0.25,7068947,6648410,7920130,6480695,28118182,00042GCF_000687185.1_ASM68718v1.fna,11791,0.44,11287354,17776509,16552427,204311443,204283575,262354024,262416162,TRUE,933365204,905247022,0.25,0.39,0.36,0.97,394877661,510369361,0.44,11108943,17172564,16291005
00043GCF_000687205.1_ASM68720v1.fna,19509,8001,0.41,4697,2478,4333,0.41,0.22,0.38,0.47,501273,155322,230307,0.57,0.18,0.26,5321277,4896739,6424184,5273169,21915369,00043GCF_000687205.1_ASM68720v1.fna,62122,0.42,11517976,18105740,16806012,192931633,192980722,261508062,261466112,TRUE,908886529,886971160,0.25,0.39,0.36,0.98,375694339,511276821,0.42,11362654,17604467,16575705
00044GCF_000687285.1_ASM68728v1.fna,20721,7825,0.38,5417,2809,4670,0.42,0.22,0.36,0.48,532805,162987,237137,0.57,0.17,0.25,5888786,5461102,6871164,5635695,23856747,00044GCF_000687285.1_ASM68728v1.fna,66785,0.43,11465463,17764252,16657257,200556864,200682049,262102278,261801221,TRUE,925142412,901285665,0.25,0.39,0.36,0.97,389889025,511396640,0.43,11302476,17231447,16420120
00045GCF_000687375.1_ASM68737v1.fna,21345,8735,0.41,5250,2796,4564,0.42,0.22,0.36,0.48,512566,155786,227119,0.57,0.17,0.25,5710161,5307251,6632300,5439133,23088845,00045GCF_000687375.1_ASM68737v1.fna,63982,0.43,11722642,18060153,16943159,201499578,201318460,265812016,265768027,TRUE,934398081,911309236,0.25,0.39,0.36,0.98,391800626,519508610,0.43,11566856,17547587,16716040
00046GCF_000690535.1_ASM69053v1.fna,20617,7744,0.38,5435,2819,4619,0.42,0.22,0.36,0.48,527404,159883,233870,0.57,0.17,0.25,5870297,5456419,6830767,5602684,23760167,00046GCF_000690535.1_ASM69053v1.fna,53474,0.43,11562619,17950292,16692183,199657711,199635871,262973376,262906555,TRUE,925173513,901413346,0.25,0.39,0.36,0.97,387966866,513446480,0.43,11402736,17422888,16458313
00047GCF_000690715.1_ASM69071v1.fna,21219,9622,0.45,5101,2493,4003,0.44,0.21,0.35,0.48,486476,134753,200292,0.59,0.16,0.24,5417209,5068931,6213797,5067382,21767319,00047GCF_000690715.1_ASM69071v1.fna,70188,0.42,10864639,17836991,16111152,181858510,181864780,251967440,251844243,TRUE,867534973,845767654,0.24,0.4,0.36,0.97,353237150,492530504,0.42,10729886,17350515,15910860
00048GCF_000690725.1_Stegastes_partitus-1.0.2.fna,32287,1987,0.06,15531,6636,8133,0.51,0.22,0.27,0.54,1211333,227396,350640,0.68,0.13,0.2,17367181,17345562,16371498,12836457,63920698,00048GCF_000690725.1_Stegastes_partitus-1.0.2.fna,5818,0.44,5668803,12166918,10164566,124118055,124258047,159495554,159091018,TRUE,566962674,503041976,0.2,0.43,0.36,0.89,213663359,289378617,0.42,5441407,10955585,9813926
00049GCF_000690775.1_ASM69077v1.fna,20598,8810,0.43,5063,2650,4075,0.43,0.22,0.35,0.49,471157,136947,203785,0.58,0.17,0.25,5585335,5228266,6221462,5091191,22126254,00049GCF_000690775.1_ASM69077v1.fna,62699,0.44,10447432,17015561,15452439,193495317,193481838,247635624,247484093,TRUE,882096872,859970618,0.24,0.4,0.36,0.97,376163554,483807064,0.44,10310485,16544404,15248654
00050GCF_000690835.1_ASM69083v1.fna,20968,8249,0.39,5326,2744,4649,0.42,0.22,0.37,0.48,519665,161376,235745,0.57,0.18,0.26,5797597,5380824,6780365,5554237,23513023,00050GCF_000690835.1_ASM69083v1.fna,57389,0.43,11674590,17837283,16908774,200914890,200762388,263956629,263939159,TRUE,929573066,906060043,0.25,0.38,0.36,0.97,390498857,515561186,0.43,11513214,17317618,16673029
00051GCF_000690875.1_ASM69087v1.fna,20345,8114,0.4,5032,2651,4548,0.41,0.22,0.37,0.47,506019,157736,230574,0.57,0.18,0.26,5514433,5096872,6542828,5364263,22518396,00051GCF_000690875.1_ASM69087v1.fna,61831,0.43,11603856,17810372,16755335,198528590,198599514,262007266,261729865,TRUE,920865235,898346839,0.25,0.39,0.36,0.98,386516799,511830040,0.43,11446120,17304353,16524761
00052GCF_000691405.1_ASM69140v1.fna,23387,7257,0.31,6881,3444,5805,0.43,0.21,0.36,0.46,675473,215114,312643,0.56,0.18,0.26,7132879,6525402,8672190,7090427,29420898,00052GCF_000691405.1_ASM69140v1.fna,50905,0.43,11823768,18038243,17031564,198590102,198058445,264816840,265076672,TRUE,926542059,897121161,0.25,0.38,0.36,0.97,382990266,514130895,0.43,11608654,17362770,16718921
00053GCF_000691785.1_ASM69178v1.fna,21002,8182,0.39,5453,2879,4488,0.43,0.22,0.35,0.48,524010,155687,226525,0.58,0.17,0.25,6051707,5640308,6828561,5593228,24113804,00053GCF_000691785.1_ASM69178v1.fna,57160,0.44,11378542,17956372,16484817,201958906,201659789,261935123,262081332,TRUE,927635150,903521346,0.25,0.39,0.36,0.97,391926680,511594666,0.43,11222855,17432362,16258292
00054GCF_000691845.1_ASM69184v1.fna,20819,9401,0.45,5071,2614,3733,0.44,0.23,0.33,0.49,476511,129515,193384,0.6,0.16,0.24,5492684,5160754,6114866,4976231,21744535,00054GCF_000691845.1_ASM69184v1.fna,53499,0.43,10457678,17109134,15406576,183880127,183862150,245201752,245051851,TRUE,857995880,836251345,0.24,0.4,0.36,0.97,357088839,479162506,0.43,10328163,16632623,15213192
00055GCF_000691975.1_ASM69197v1.fna,30281,1947,0.06,13498,6017,8819,0.48,0.21,0.31,0.49,1306959,340275,522056,0.6,0.16,0.24,15326976,14433137,16980453,13606467,60347033,00055GCF_000691975.1_ASM69197v1.fna,10547,0.43,9628404,17007630,15184019,184709041,184187924,243749330,244282048,TRUE,856928343,796581310,0.23,0.41,0.36,0.93,339136852,457444458,0.43,9288129,15700671,14661963
00056GCF_000692015.1_ASM69201v2.fna,16520,1786,0.11,6863,3202,4669,0.47,0.22,0.32,0.5,573179,141201,219989,0.61,0.15,0.24,6957769,6585729,7437377,6035492,27016367,00056GCF_000692015.1_ASM69201v2.fna,92755,0.43,10567915,18250264,16527882,193254107,193205543,261104598,260958598,TRUE,908522846,881506479,0.23,0.4,0.36,0.97,372916152,508590327,0.42,10426714,17677085,16307893
00057GCF_000692075.1_ASM69207v1.fna,15599,1537,0.1,6161,3085,4816,0.44,0.22,0.34,0.49,569272,168428,244783,0.58,0.17,0.25,6641281,6166191,7439511,6098990,26345973,00057GCF_000692075.1_ASM69207v1.fna,10256,0.44,11088147,17689449,16055463,201567191,201639135,258993542,258986143,TRUE,921186011,894840038,0.25,0.39,0.36,0.97,390398854,504441184,0.44,10919719,17120177,15810680
00058GCF_000695195.1_ASM69519v1.fna,20323,8037,0.4,5202,2647,4437,0.42,0.22,0.36,0.48,501094,150429,221969,0.57,0.17,0.25,5607652,5211320,6490285,5316092,22625349,00058GCF_000695195.1_ASM69519v1.fna,59693,0.43,10768434,16921164,15582906,188109277,187780516,246424507,246603372,TRUE,868917672,846292323,0.25,0.39,0.36,0.97,365070821,481221502,0.43,10618005,16420070,15360937
00059GCF_000695765.1_ASM69576v1.fna,21541,8663,0.4,5603,2800,4475,0.44,0.22,0.35,0.49,508669,139982,211778,0.59,0.16,0.25,5984660,5627876,6621868,5420373,23654777,00059GCF_000695765.1_ASM69576v1.fna,67520,0.43,10527783,17313424,15879697,188845490,188678132,250327092,250283394,TRUE,878134108,854479331,0.24,0.4,0.36,0.97,365911086,488568245,0.43,10387801,16804755,15667919
00060GCF_000695815.1_ASM69581v1.fna,21067,8379,0.4,5732,2954,4002,0.45,0.23,0.32,0.49,528193,132076,193292,0.62,0.15,0.23,5994767,5625281,6614443,5406081,23640572,00060GCF_000695815.1_ASM69581v1.fna,53875,0.42,10250760,17307107,15244196,179033690,178764380,244262305,244347168,TRUE,846407543,822766971,0.24,0.4,0.36,0.97,346178022,476588949,0.42,10118684,16778914,15050904
00061GCF_000696875.1_ASM69687v1.fna,20299,7470,0.37,5560,2828,4441,0.43,0.22,0.35,0.48,542752,152435,225369,0.59,0.17,0.24,5999269,5594511,6883603,5632281,24109664,00061GCF_000696875.1_ASM69687v1.fna,42180,0.42,10787719,17164563,16040776,182725137,182964588,248894825,248513154,TRUE,863097704,838988040,0.25,0.39,0.36,0.97,354095945,484892095,0.42,10635284,16621811,15815407
00062GCF_000698965.1_ASM69896v1.fna,26150,1636,0.06,10427,5499,8588,0.43,0.22,0.35,0.47,1094752,364081,509512,0.56,0.18,0.26,12129512,11275782,14405667,11732519,49543480,00062GCF_000698965.1_ASM69896v1.fna,6915,0.43,13114965,18661346,17930712,209347145,209367631,276189995,276128605,TRUE,971033376,921489896,0.26,0.38,0.36,0.95,395309482,526180414,0.43,12750884,17566594,17421200
00063GCF_000699005.1_ASM69900v1.fna,16643,1728,0.1,6943,3430,4542,0.47,0.23,0.3,0.51,594098,149271,210941,0.62,0.16,0.22,7165316,6824402,7515849,6129774,27635341,00063GCF_000699005.1_ASM69900v1.fna,31254,0.43,9420418,16244626,14206867,172707010,172727469,230241095,230063583,TRUE,805739157,778103816,0.24,0.41,0.36,0.97,331444761,446659055,0.43,9271147,15650528,13995926
00064GCF_000699085.1_ASM69908v1.fna,17130,1725,0.1,7108,3250,5047,0.46,0.21,0.33,0.49,638287,156392,237980,0.62,0.15,0.23,7201183,6823733,7956713,6507980,28489609,00064GCF_000699085.1_ASM69908v1.fna,54736,0.42,10113895,17386152,15643254,181616990,181931177,247519264,247163013,TRUE,858230444,829740835,0.23,0.4,0.36,0.97,349523251,480217584,0.42,9957503,16747865,15405274
00065GCF_000699105.1_ASM69910v1.fna,17533,1405,0.08,6870,3482,5776,0.43,0.22,0.36,0.48,677533,209280,307322,0.57,0.18,0.26,7683943,7150558,8929397,7179554,30943452,00065GCF_000699105.1_ASM69910v1.fna,19265,0.43,11802361,18154226,17080386,204202504,204533269,267679515,267302697,TRUE,943717985,912774533,0.25,0.39,0.36,0.97,393901272,518873261,0.43,11593081,17476693,16773064
00066GCF_000699145.1_ASM69914v1.fna,19610,1290,0.07,7970,4005,6345,0.44,0.22,0.35,0.49,763668,231586,336781,0.57,0.17,0.25,8969479,8420522,10112968,8129794,35632763,00066GCF_000699145.1_ASM69914v1.fna,10672,0.43,11986333,18443766,17304366,209077546,209326397,271943835,271696243,TRUE,962044021,926411258,0.25,0.39,0.36,0.96,401013942,525397316,0.43,11754747,17680098,16967585
00067GCF_000699245.1_ASM69924v1.fna,20835,8511,0.41,5204,2747,4373,0.42,0.22,0.35,0.48,503776,148135,220091,0.58,0.17,0.25,5654766,5272358,6533218,5349910,22810252,00067GCF_000699245.1_ASM69924v1.fna,58607,0.43,10435315,16858704,15403550,186907626,186598996,245264579,245512204,TRUE,864283405,841473153,0.24,0.39,0.36,0.97,362579498,478893655,0.43,10287180,16354928,15183459
00068GCF_000700745.1_ASM70074v1.fna,21793,9364,0.43,5270,2676,4483,0.42,0.22,0.36,0.48,523080,150305,225082,0.58,0.17,0.25,5715243,5342615,6671692,5483218,23212768,00068GCF_000700745.1_ASM70074v1.fna,70122,0.43,10973654,17844224,16270238,189454056,189396557,256035815,256113889,TRUE,891000317,867787549,0.24,0.4,0.36,0.97,367792755,499994794,0.42,10823349,17321144,16045156
00069GCF_000703405.1_ASM70340v1.fna,19877,7788,0.39,5128,2627,4334,0.42,0.22,0.36,0.48,488191,143518,213852,0.58,0.17,0.25,5619863,5241120,6411769,5244765,22517517,00069GCF_000703405.1_ASM70340v1.fna,54728,0.43,10459870,16793129,15450013,184765281,184914283,243954293,243702645,TRUE,857336502,834818985,0.24,0.39,0.36,0.97,358818581,476000404,0.43,10316352,16304938,15236161
00070GCF_000705375.1_ASM70537v2.fna,20137,4355,0.22,6916,3639,5227,0.44,0.23,0.33,0.5,594190,179948,262693,0.57,0.17,0.25,7388800,6976114,8049719,6550277,28964910,00070GCF_000705375.1_ASM70537v2.fna,82514,0.44,10458527,15735601,14806039,181474433,181689240,234266589,234043246,TRUE,831473508,802508598,0.26,0.38,0.36,0.97,348798759,453709839,0.43,10278579,15141411,14543346
00071GCF_000708025.1_ASM70802v2.fna,17143,1567,0.09,6742,3368,5466,0.43,0.22,0.35,0.49,623764,183535,270387,0.58,0.17,0.25,7311923,6858208,8181993,6696509,29048633,00071GCF_000708025.1_ASM70802v2.fna,15167,0.44,11540830,18270311,17035198,207860024,207787947,269004352,269057388,TRUE,953709711,924661078,0.25,0.39,0.36,0.97,401477840,523183238,0.43,11357295,17646547,16764811
00072GCF_000708225.1_ASM70822v1.fna,17729,1513,0.09,7183,3542,5491,0.44,0.22,0.34,0.5,632352,186069,271809,0.58,0.17,0.25,7790753,7369748,8415708,6883371,30459580,00072GCF_000708225.1_ASM70822v1.fna,59555,0.44,11910462,18516394,17274046,211189323,210704872,272133066,272513607,TRUE,966540868,936081288,0.25,0.39,0.36,0.97,406733694,529347594,0.43,11724393,17884042,17002237
00073GCF_000708925.1_ASM70892v1.fna,20053,8195,0.41,4951,2573,4334,0.42,0.22,0.37,0.47,500959,153863,226672,0.57,0.17,0.26,5421015,5010224,6434876,5269037,22135152,00073GCF_000708925.1_ASM70892v1.fna,64312,0.43,11674407,18019254,16918423,200264365,199700125,263946810,264419484,TRUE,928330784,906195632,0.25,0.39,0.36,0.98,389533251,516662381,0.43,11520544,17518295,16691751
00074GCF_000709325.1_ASM70932v1.fna,17378,1313,0.08,7232,3477,5356,0.45,0.22,0.33,0.49,639893,178718,262260,0.59,0.17,0.24,7515150,7066284,8273194,6799837,29654465,00074GCF_000709325.1_ASM70932v1.fna,14930,0.43,11106716,17694348,16398695,193317988,193534093,258170375,257847274,TRUE,902869730,873215265,0.25,0.39,0.36,0.97,372270647,500944618,0.43,10927998,17054455,16136435
00075GCF_000709365.1_ASM70936v1.fna,20552,7756,0.38,5520,2793,4483,0.43,0.22,0.35,0.48,514619,153289,224910,0.58,0.17,0.25,5934797,5544528,6762186,5530662,23772173,00075GCF_000709365.1_ASM70936v1.fna,59587,0.43,11176072,17932865,16331362,198287707,198124688,260152057,260239745,TRUE,916804197,893032024,0.25,0.39,0.36,0.97,384933070,508098954,0.43,11022783,17418246,16106452
00076GCF_000709895.1_ASM70989v1.fna,20616,7713,0.37,5447,2781,4675,0.42,0.22,0.36,0.48,527930,160303,234547,0.57,0.17,0.25,5904097,5507625,6858914,5628328,23898964,00076GCF_000709895.1_ASM70989v1.fna,53491,0.43,11432846,17769207,16525107,197348625,197203786,260074549,260108350,TRUE,914735310,890836346,0.25,0.39,0.36,0.97,383140689,507695657,0.43,11272543,17241277,16290560
00077GCF_000710305.1_ASM71030v1.fna,20048,7849,0.39,5276,2782,4141,0.43,0.23,0.34,0.49,504601,144509,213121,0.59,0.17,0.25,5865086,5492063,6575572,5364840,23297561,00077GCF_000710305.1_ASM71030v1.fna,62257,0.44,10079159,16784054,14929306,190273203,190140884,241481349,241591649,TRUE,863487085,840189524,0.24,0.4,0.36,0.97,369056938,471132586,0.44,9934650,16279453,14716185
00078GCF_000721915.2_ASM72191v2.fna,44084,1841,0.04,20852,10264,11127,0.49,0.24,0.26,0.55,1633367,405304,525040,0.64,0.16,0.2,23599701,23530756,21684392,17307744,86122593,00078GCF_000721915.2_ASM72191v2.fna,1520,0.43,7953745,12481732,11443475,135449523,135538797,177884044,177871154,TRUE,626743518,540620925,0.25,0.39,0.36,0.86,223857863,316763062,0.41,7548441,10848365,10918435
00079GCF_000721915.3_Eluc_V3.fna,51839,1854,0.04,24622,12097,13266,0.49,0.24,0.27,0.55,2053108,515020,663826,0.64,0.16,0.21,29588194,29507858,27289659,21757840,108143551,00079GCF_000721915.3_Eluc_V3.fna,1019,0.43,7960391,12484062,11446147,135519491,135467348,177841401,177911772,TRUE,626740012,518596461,0.25,0.39,0.36,0.83,211890787,306705674,0.41,7445371,10430954,10782321
00080GCF_000732505.1_C_variegatus-1.0.fna,37167,1977,0.05,17303,7257,10630,0.49,0.21,0.3,0.52,1487912,345660,576253,0.62,0.14,0.24,19736603,19544567,20037470,16054453,75373093,00080GCF_000732505.1_C_variegatus-1.0.fna,9259,0.41,7445720,12698497,13184087,127636192,127795182,182605792,182521735,TRUE,620558901,545185808,0.22,0.38,0.4,0.88,216150204,329035604,0.4,7100060,11210585,12607834
00081GCF_000735185.1_NC01.fna,35046,6473,0.18,13679,6077,8817,0.48,0.21,0.31,0.54,885692,185546,290148,0.65,0.14,0.21,12623692,12569679,11995781,9473609,46662761,00081GCF_000735185.1_NC01.fna,38657,0.42,4861378,9065377,8689070,93186599,93225704,127132816,127126602,TRUE,440671721,394008960,0.21,0.4,0.38,0.89,161218932,232790028,0.41,4675832,8179685,8398922
00082GCF_000737465.1_Haliaeetus_leucocephalus-4.0.fna,25608,1083,0.04,11064,5294,8167,0.45,0.22,0.33,0.49,1067750,328950,468717,0.57,0.18,0.25,12557447,11745638,14039001,11364240,49706326,00082GCF_000737465.1_Haliaeetus_leucocephalus-4.0.fna,1023,0.43,11835339,18165163,17079360,205268550,205410431,267955248,267937376,TRUE,946571605,896865279,0.25,0.39,0.36,0.95,386375896,510489383,0.43,11506389,17097413,16610643
00083GCF_000738735.1_Hooded_Crow_genome.fna,30455,1639,0.05,13462,6228,9126,0.47,0.22,0.32,0.49,1402147,371774,569227,0.6,0.16,0.24,16113797,15167897,18155932,14541003,63978629,00083GCF_000738735.1_Hooded_Crow_genome.fna,1299,0.43,9411900,16610161,14885168,178537588,178752562,238519721,237552722,TRUE,833362593,769383964,0.23,0.41,0.36,0.92,326008456,443375508,0.42,9040126,15208014,14315941
00084GCF_000738735.2_ASM73873v2.fna,30152,1475,0.05,13299,6220,9158,0.46,0.22,0.32,0.49,1445759,383953,590776,0.6,0.16,0.24,16457298,15453392,18665274,14951883,65527847,00084GCF_000738735.2_ASM73873v2.fna,113,0.43,9357913,16470707,14755060,176941860,176996345,236189241,236142242,TRUE,826269688,760741841,0.23,0.41,0.36,0.92,322027515,438714326,0.42,8973960,15024948,14164284
00085GCF_000742935.1_ASM74293v1.fna,28891,1913,0.07,13607,5728,7643,0.5,0.21,0.28,0.53,994129,205514,308377,0.66,0.14,0.2,13625335,13499491,13145004,10497153,50766983,00085GCF_000742935.1_ASM74293v1.fna,10266,0.43,4908404,10401093,8671981,101714882,101736739,134129213,134132085,TRUE,471712919,420945936,0.2,0.43,0.36,0.89,176326795,244619141,0.42,4702890,9406964,8363604
00086GCF_000747805.1_ChaPel_1.0.fna,16773,1685,0.1,6887,3280,4921,0.46,0.22,0.33,0.49,624370,163067,241965,0.61,0.16,0.24,7125730,6720523,7868749,6438229,28153231,00086GCF_000747805.1_ChaPel_1.0.fna,19072,0.42,10446901,17236516,15672919,182365797,182193394,247228205,247448949,TRUE,859236345,831083114,0.24,0.4,0.36,0.97,350712938,480370176,0.42,10283834,16612146,15430954
00087GCF_000766835.1_Aquila_chrysaetos-1.0.2.fna,31627,1305,0.04,13907,6637,9778,0.46,0.22,0.32,0.49,1355671,421499,598309,0.57,0.18,0.25,16251815,15242335,18045131,14520451,64059732,00087GCF_000766835.1_Aquila_chrysaetos-1.0.2.fna,1142,0.44,11991927,18390233,17320769,209421223,209573840,271831308,271810003,TRUE,962636374,898576642,0.25,0.39,0.36,0.93,387500913,511075729,0.43,11570428,17034562,16722460
00088GCF_000788275.1_BP.fa.fna,25677,1526,0.06,11455,4533,8163,0.47,0.19,0.34,0.52,866644,198964,325551,0.62,0.14,0.23,11624399,11510457,11763200,9578742,44476798,00088GCF_000788275.1_BP.fa.fna,16620,0.42,5550041,10012754,9894971,103183469,103129658,144093462,144158444,TRUE,494565033,450088235,0.22,0.39,0.39,0.91,183178271,266909964,0.41,5351077,9146110,9569420
00089GCF_000826765.1_Fundulus_heteroclitus-3.0.2.fna,34933,2843,0.08,16372,6867,8851,0.51,0.21,0.28,0.55,1135918,225762,380649,0.65,0.13,0.22,17715169,17663285,16207726,12775701,64361881,00089GCF_000826765.1_Fundulus_heteroclitus-3.0.2.fna,10180,0.43,7203853,13417850,12664065,145298523,145643240,190202893,190162883,TRUE,671307539,606945658,0.22,0.4,0.38,0.9,255563309,351382349,0.42,6978091,12281932,12283416
00090GCF_000935625.1_ASM93562v1.fna,25433,1833,0.07,9987,4679,8934,0.42,0.2,0.38,0.47,904900,283184,456005,0.55,0.17,0.28,10454946,9878701,12360686,10218397,42912730,00090GCF_000935625.1_ASM93562v1.fna,25188,0.42,15929919,22307990,23188086,258964299,259103154,351748808,351392008,TRUE,1221208269,1178295539,0.26,0.36,0.38,0.96,497733806,680561733,0.42,15646735,21403090,22732081
00091GCF_000951615.1_common_carp_genome.fna,65699,4236,0.06,29277,11593,20593,0.48,0.19,0.34,0.5,1757697,415638,698011,0.61,0.14,0.24,20873687,20111617,22263197,18453672,81702173,00091GCF_000951615.1_common_carp_genome.fna,9378,0.41,11783131,22636271,21205534,212035599,212119428,308602681,308663378,TRUE,1041421086,959718913,0.21,0.41,0.38,0.92,383169723,576549190,0.4,11367493,20878574,20507523
00092GCF_000966335.1_ASM96633v1.fna,28985,1801,0.06,13697,6119,7368,0.5,0.23,0.27,0.56,937607,191309,267802,0.67,0.14,0.19,13949376,13833241,12284457,9900405,49967479,00092GCF_000966335.1_ASM96633v1.fna,6915,0.45,5908547,10729134,8777354,114738776,114814419,142981315,142698519,TRUE,515233029,465265550,0.23,0.42,0.35,0.9,201770578,263494972,0.43,5717238,9791527,8509552
00093GCF_000971095.1_AnsCyg_PRJNA183603_v1.0.fna,32538,1846,0.06,13535,6680,10477,0.44,0.22,0.34,0.48,1359340,428244,631099,0.56,0.18,0.26,15598973,14625105,18202050,14642728,63068856,00093GCF_000971095.1_AnsCyg_PRJNA183603_v1.0.fna,7593,0.43,10650267,16768477,15712577,188944517,189076243,246741052,246673964,TRUE,871435776,808366920,0.25,0.39,0.36,0.93,347796682,460570238,0.43,10222023,15409137,15081478
00094GCF_000972845.1_L_crocea_1.0.fna,41571,1807,0.04,20012,8518,11234,0.5,0.21,0.28,0.53,1660472,357220,526796,0.65,0.14,0.21,22923643,22958731,22342346,17564832,85789552,00094GCF_000972845.1_L_crocea_1.0.fna,6014,0.43,5255869,11135861,9220989,109495016,109499959,143572559,143663832,TRUE,506231366,420441814,0.21,0.43,0.36,0.83,173112601,247329213,0.41,4898649,9475389,8694193
00095GCF_001039765.1_AptMant0.fna,23941,2509,0.1,9465,4608,7359,0.44,0.22,0.34,0.48,819161,257167,367595,0.57,0.18,0.25,9453102,8839124,10782081,8834487,37908794,00095GCF_001039765.1_AptMant0.fna,24720,0.43,13988244,20857942,19867537,234966098,234963589,309159040,308959761,TRUE,1088048488,1050139694,0.26,0.38,0.36,0.97,451637461,598502233,0.43,13731077,20038781,19499942
00096GCF_001077635.1_Thamnophis_sirtalis-6.0.fna,31429,9598,0.31,9447,4322,8062,0.43,0.2,0.37,0.47,809790,283649,402409,0.54,0.19,0.27,9074835,8743570,11165898,9299652,38283955,00096GCF_001077635.1_Thamnophis_sirtalis-6.0.fna,7930,0.4,9753822,14412306,15336749,148808670,148739978,223120811,223166475,TRUE,743835934,705551979,0.25,0.36,0.39,0.95,279730243,425821736,0.4,9470173,13602516,14934340
00097GCF_001266775.1_Austrofundulus_limnaeus-1.0.fna,43118,12219,0.28,16238,5689,8972,0.53,0.18,0.29,0.53,1279150,241135,427623,0.66,0.12,0.22,17860771,17948922,17293118,13897431,67000242,00097GCF_001266775.1_Austrofundulus_limnaeus-1.0.fna,29785,0.42,4479176,9779241,8764893,95695544,95746337,130813460,130583399,TRUE,452838740,385838498,0.19,0.42,0.38,0.85,155632188,230206310,0.4,4238041,8500091,8337270
00098GCF_001431845.1_ASM143184v1.fna,31416,1682,0.05,13595,6518,9621,0.46,0.22,0.32,0.5,1258473,353007,526691,0.59,0.17,0.25,15956813,15272229,17060209,13610421,61899672,00098GCF_001431845.1_ASM143184v1.fna,3753,0.44,10977298,18093945,16611716,205097785,205120775,264404068,264316111,TRUE,938938739,877039067,0.24,0.4,0.36,0.93,378989518,498049549,0.43,10624291,16835472,16085025
00099GCF_001443285.1_P_latipinna-1.0.fna,47837,2262,0.05,23526,9572,12477,0.52,0.21,0.27,0.54,1885487,371696,619102,0.66,0.13,0.22,27450413,27317289,26085101,20568821,101421624,00099GCF_001443285.1_P_latipinna-1.0.fna,17988,0.43,5172013,10555291,9536175,106671257,106643412,143358517,143496154,TRUE,500169340,398747716,0.2,0.42,0.38,0.8,158546967,240200749,0.4,4800317,8669804,8917073
00100GCF_001443325.1_P_mexicana-1.0.fna,48134,2179,0.05,23695,9652,12608,0.52,0.21,0.27,0.54,1881544,371670,619559,0.65,0.13,0.22,27538225,27426205,26156583,20599708,101720721,00100GCF_001443325.1_P_mexicana-1.0.fna,18105,0.43,5178422,10572385,9546584,106865454,106868252,143556011,143665660,TRUE,500955377,399234656,0.2,0.42,0.38,0.8,158769276,240465380,0.4,4806752,8690841,8927025
00101GCF_001447265.1_Sturnus_vulgaris-1.0.fna,26840,1055,0.04,12396,5438,7951,0.48,0.21,0.31,0.5,1185635,289195,450346,0.62,0.15,0.23,14437371,13688209,15342728,12249529,55717837,00101GCF_001447265.1_Sturnus_vulgaris-1.0.fna,2361,0.43,9200229,16376484,14581297,175904035,175666894,233769797,234050846,TRUE,819391572,763673735,0.23,0.41,0.36,0.93,323445349,440228386,0.42,8911034,15190849,14130951
00102GCF_001447785.1_Gekko_japonicus_V1.1.fna,25888,3210,0.12,10424,4868,7386,0.46,0.21,0.33,0.5,811718,239898,324705,0.59,0.17,0.24,10412860,9980949,11095603,9146596,40636008,00102GCF_001447785.1_Gekko_japonicus_V1.1.fna,191500,0.44,16870779,26079549,23768560,317336656,316895320,402168159,402089784,TRUE,1438489919,1397853911,0.25,0.39,0.36,0.97,613838167,784015744,0.44,16630881,25267831,23443855
00103GCF_001465895.1_Nfu_20140520.fna,38628,3227,0.08,18033,7437,9931,0.51,0.21,0.28,0.53,1573953,343513,536358,0.64,0.14,0.22,21173576,20976520,20847054,16784448,79781598,00103GCF_001465895.1_Nfu_20140520.fna,5897,0.43,5436418,10826239,9650824,112348669,112350490,147388767,147212424,TRUE,519300350,439518752,0.21,0.42,0.37,0.85,182549063,256969689,0.42,5092905,9252286,9114466
00104GCF_001515605.1_SAMN03320099.WGS_v1.1.fna,69683,3781,0.05,32495,12737,20670,0.49,0.19,0.31,0.51,2690219,646520,1022254,0.62,0.15,0.23,32964590,31979380,34576282,28143601,127663853,00104GCF_001515605.1_SAMN03320099.WGS_v1.1.fna,85682,0.41,10246798,19976363,18462238,188468581,188576979,272117636,271629717,TRUE,920792913,793129060,0.21,0.41,0.38,0.86,312101590,481027470,0.39,9600278,17286144,17439984
00105GCF_001515625.1_SAMN03320098_v1.1.fna,70364,5030,0.07,32097,12487,20750,0.49,0.19,0.32,0.51,2577816,621104,984005,0.62,0.15,0.24,31642393,30652051,33126511,27018442,122439397,00105GCF_001515625.1_SAMN03320098_v1.1.fna,164173,0.41,10412732,20372387,18760953,192023225,192285697,276997378,276371233,TRUE,937677533,815238136,0.21,0.41,0.38,0.87,322014478,493223658,0.39,9791628,17794571,17776948
00106GCF_001515645.1_SAMN03320097.WGS_v1.1.fna,69531,5631,0.08,30961,12450,20489,0.48,0.19,0.32,0.51,2446828,593383,940064,0.61,0.15,0.24,29816677,28913250,31394610,25709977,115834514,00106GCF_001515645.1_SAMN03320097.WGS_v1.1.fna,31277,0.41,10343249,20143812,18703662,189681898,189810261,274786636,274299701,TRUE,928578496,812743982,0.21,0.41,0.38,0.88,320762232,491981750,0.39,9749866,17696984,17763598
00107GCF_001522545.1_Parus_major1.0.3.fna,39110,1517,0.04,18169,8029,11395,0.48,0.21,0.3,0.51,1809308,451096,699055,0.61,0.15,0.24,22185979,21125246,23586085,18856943,85754253,00107GCF_001522545.1_Parus_major1.0.3.fna,1676,0.43,9045984,16352206,14465973,174959807,175068678,232602117,232540747,TRUE,815171349,729417096,0.23,0.41,0.36,0.89,306717260,422699836,0.42,8594888,14542898,13766918
00108GCF_001522545.2_Parus_major1.1.fna,39961,1516,0.04,18632,8101,11712,0.48,0.21,0.3,0.51,1845137,460209,711942,0.61,0.15,0.24,22632476,21558238,24058417,19223743,87472874,00108GCF_001522545.2_Parus_major1.1.fna,1675,0.43,9046042,16350491,14464739,174948923,175079562,232595992,232546871,TRUE,815171348,727698474,0.23,0.41,0.36,0.89,305837771,421860703,0.42,8585833,14505354,13752797
00109GCF_001527695.1_P.Mucros_1.0.fna,24776,4294,0.17,8985,4066,7431,0.44,0.2,0.36,0.47,733261,237658,342242,0.56,0.18,0.26,8499193,8139150,9997174,8451900,35087417,00109GCF_001527695.1_P.Mucros_1.0.fna,52281,0.4,12657323,18628365,19782149,192972461,193099462,288455311,288381952,TRUE,962909186,927821769,0.25,0.36,0.39,0.96,369433580,558388189,0.4,12419665,17895104,19439907
00110GCF_001527695.2_P.Mucros_1.0.fna,24776,4294,0.17,8985,4066,7431,0.44,0.2,0.36,0.47,733261,237658,342242,0.56,0.18,0.26,8499193,8139150,9997174,8451900,35087417,00110GCF_001527695.2_P.Mucros_1.0.fna,52280,0.4,12657283,18628328,19782116,192972111,193099225,288454888,288381529,TRUE,962907753,927820336,0.25,0.36,0.39,0.96,369432993,558387343,0.4,12419625,17895067,19439874
00111GCF_001577835.1_Coturnix_japonica_2.0.fna,39303,1287,0.03,17966,8372,11678,0.47,0.22,0.31,0.49,1907778,524516,774703,0.59,0.16,0.24,22369473,20909532,24559822,19594395,87433222,00111GCF_001577835.1_Coturnix_japonica_2.0.fna,2012,0.43,8947266,14943987,13612640,157970205,157726932,212457788,212743058,TRUE,740897983,653464761,0.24,0.4,0.36,0.88,272418132,381046629,0.42,8422750,13036209,12837937
00112GCF_001604755.1_Lepidothrix_coronata-1.0.fna,36992,1431,0.04,17041,7663,10857,0.48,0.22,0.31,0.5,1628550,430062,659204,0.6,0.16,0.24,20051086,19021332,21623950,17124762,77821130,00112GCF_001604755.1_Lepidothrix_coronata-1.0.fna,4612,0.43,9809001,17040656,15323411,184911939,184856557,244335034,244461722,TRUE,858565252,780744122,0.23,0.4,0.36,0.91,330696078,450048044,0.42,9378939,15412106,14664207
00113GCF_001624265.1_ASM162426v1.fna,41896,1736,0.04,20437,9817,9906,0.51,0.24,0.25,0.55,1596785,340866,432268,0.67,0.14,0.18,23032972,22471215,20827027,16979817,83311031,00113GCF_001624265.1_ASM162426v1.fna,4819,0.45,5390043,10854301,9094524,127348000,127369547,152948634,153055385,TRUE,560721566,477410535,0.21,0.43,0.36,0.85,209213360,268197175,0.44,5049177,9257516,8662256
00114GCF_001640805.1_ASM164080v1.fna,45812,1776,0.04,22952,8914,12170,0.52,0.2,0.28,0.53,1836732,382552,567742,0.66,0.14,0.2,23900571,23742479,23559383,18788936,89991369,00114GCF_001640805.1_ASM164080v1.fna,3808,0.42,5551779,11542402,9923237,108285637,108279663,148344225,148319754,TRUE,513229279,423237910,0.21,0.43,0.37,0.82,168922250,254315660,0.4,5169227,9705670,9355495
00115GCF_001642345.1_ASM164234v2.fna,31178,6993,0.22,10577,4397,9211,0.44,0.18,0.38,0.46,943680,252242,430482,0.58,0.16,0.26,9534422,8732526,11754868,9635873,39657689,00115GCF_001642345.1_ASM164234v2.fna,57334,0.4,21401111,39321468,35469065,366083057,365739886,537557482,537788685,TRUE,1807169110,1767511421,0.22,0.41,0.37,0.98,713555995,1053955426,0.4,21148869,38377788,35038583
00116GCF_001649575.1_ASM164957v1.fna,39038,1915,0.05,19272,7310,10541,0.52,0.2,0.28,0.54,1641061,309314,544768,0.66,0.12,0.22,23510849,23404592,22419945,17817938,87153324,00116GCF_001649575.1_ASM164957v1.fna,3073,0.43,4511189,9833499,8749970,98840257,98826181,131335119,131301832,TRUE,460303389,373150065,0.2,0.43,0.38,0.81,150750997,222399068,0.4,4201875,8192438,8205202
00117GCF_001660625.1_IpCoco_1.2.fna,48984,2427,0.05,22161,9182,15214,0.48,0.2,0.33,0.52,2055269,522068,830217,0.6,0.15,0.24,26362477,25476846,26972016,21815452,100626791,00117GCF_001660625.1_IpCoco_1.2.fna,9341,0.42,6142550,10600328,10167259,107515414,107484213,148713681,148745988,TRUE,512459296,411832505,0.23,0.39,0.38,0.8,163160304,248672201,0.4,5620482,8545059,9337042
00118GCF_001663975.1_Xenopus_laevis_v2.fna,58267,3344,0.06,22055,10596,22272,0.4,0.19,0.41,0.46,2560927,853945,1446416,0.53,0.18,0.3,27663485,26054220,35447917,28426677,117592299,00118GCF_001663975.1_Xenopus_laevis_v2.fna,108033,0.41,19549848,26207060,30654498,292925986,292856552,429551809,429108041,TRUE,1444442388,1326850089,0.26,0.34,0.4,0.92,532064833,794785256,0.4,18695903,23646133,29208082
00119GCF_001682695.1_Pygocentrus_nattereri-1.0.2.fna,45447,2726,0.06,21379,8797,12545,0.5,0.21,0.29,0.52,1929065,471168,688440,0.62,0.15,0.22,24329503,23505779,24189112,19764737,91789131,00119GCF_001682695.1_Pygocentrus_nattereri-1.0.2.fna,283518,0.42,9957304,17330570,16544638,170431890,170469190,238071725,238040673,TRUE,817013478,725224347,0.23,0.4,0.38,0.89,293065798,432158549,0.4,9486136,15401505,15856198
00120GCF_001715985.1_ASM171598v1.fna,27314,2531,0.09,11591,5461,7731,0.47,0.22,0.31,0.5,1079889,287178,438004,0.6,0.16,0.24,12943469,12218150,14217972,11324101,50703692,00120GCF_001715985.1_ASM171598v1.fna,15315,0.43,10512783,18415283,16773369,197643761,197407718,265169158,265382518,TRUE,925603155,874899463,0.23,0.4,0.37,0.95,369889860,505009603,0.42,10225605,17335394,16335365
00121GCF_001723895.1_CroPor_comp1.fna,28967,990,0.03,12261,5965,9751,0.44,0.21,0.35,0.48,1321220,425614,596721,0.56,0.18,0.25,14904529,13966527,17354426,13877115,60102597,00121GCF_001723895.1_CroPor_comp1.fna,70,0.43,18905690,26415983,25837387,304190248,304056740,402647336,402606765,TRUE,1413501089,1353398492,0.27,0.37,0.36,0.96,579375932,774022560,0.43,18480076,25094763,25240666
00122GCF_001723915.1_GavGan_comp1.fna,27650,1035,0.04,11528,5604,9483,0.43,0.21,0.36,0.48,1260820,410834,578364,0.56,0.18,0.26,14080281,13198512,16614396,13263133,57156322,00122GCF_001723915.1_GavGan_comp1.fna,81,0.43,18750098,26280026,25767757,301157574,301324285,400647153,400470563,TRUE,1403599575,1346443253,0.26,0.37,0.36,0.96,575203066,771240187,0.43,18339264,25019206,25189393
00123GCF_001858045.1_ASM185804v2.fna,58633,1774,0.03,27882,11902,17075,0.49,0.21,0.3,0.52,2468589,566753,887618,0.63,0.14,0.23,30893067,30324845,31973874,25641771,118833557,00123GCF_001858045.1_ASM185804v2.fna,2567,0.43,7733937,15210178,13512736,152794496,152527199,204561864,204585490,TRUE,714469049,595635492,0.21,0.42,0.37,0.83,244103783,351531709,0.41,7167184,12741589,12625118
00124GCF_001891065.1_H_comes_QL1_v1.fna,42432,1953,0.05,21501,8255,10723,0.53,0.2,0.26,0.55,1533294,285507,423365,0.68,0.13,0.19,24224595,24533327,22113067,17644212,88515201,00124GCF_001891065.1_H_comes_QL1_v1.fna,37377,0.46,2893924,7041011,5024425,77668084,77742240,92617191,92461718,TRUE,340489233,251974032,0.19,0.47,0.34,0.74,106652402,145321630,0.42,2608417,5507717,4601060
00125GCF_001952655.1_M_albus_1.0.fna,40814,1872,0.05,19332,8492,11118,0.5,0.22,0.29,0.52,1687695,398723,543191,0.64,0.15,0.21,20864986,20525311,21088975,17194060,79673332,00125GCF_001952655.1_M_albus_1.0.fna,20622,0.42,5543458,10457664,9225736,101830509,101815836,139515184,139513573,TRUE,482675102,403001770,0.22,0.41,0.37,0.83,162256048,240745722,0.4,5144735,8769969,8682545
00126GCF_001970005.1_Flounder_ref_guided_V1.0.fna,37737,4052,0.11,17663,7070,8952,0.52,0.21,0.27,0.54,1332381,254388,392496,0.67,0.13,0.2,18416648,18333618,17611396,13932760,68294422,00126GCF_001970005.1_Flounder_ref_guided_V1.0.fna,9525,0.43,3904573,9323279,7376344,89810799,89753226,116960050,117093926,TRUE,413618001,345323579,0.19,0.45,0.36,0.83,142813759,202509820,0.41,3650185,7990898,6983848
00127GCF_002021735.1_Okis_V1.fna,59487,4735,0.08,27258,13437,14057,0.5,0.25,0.26,0.55,1907090,489426,562168,0.64,0.17,0.19,27304885,27446648,25194403,19848630,99794566,00127GCF_002021735.1_Okis_V1.fna,21247,0.43,16921015,23628241,21076379,260214940,260445367,338673801,338536465,TRUE,1197870573,1098076007,0.27,0.38,0.34,0.92,465908774,632167233,0.42,16431589,21721151,20514211
00128GCF_002078875.1_NumMel1.0.fna,44026,2176,0.05,19789,9250,12811,0.47,0.22,0.31,0.5,1981395,573591,826043,0.59,0.17,0.24,24067162,22625531,26072528,20984067,93749288,00128GCF_002078875.1_NumMel1.0.fna,2466,0.43,9919853,16184357,14647859,176559717,176466512,232860385,233027850,TRUE,818914464,725165176,0.24,0.4,0.36,0.89,306333536,418831640,0.42,9346262,14202962,13821816
00129GCF_002109545.1_ASM210954v1.fna,37843,3349,0.09,17429,7537,9528,0.51,0.22,0.28,0.54,1352917,268646,405902,0.67,0.13,0.2,18766041,18759671,18014793,14331405,69871910,00129GCF_002109545.1_ASM210954v1.fna,30414,0.43,6713723,13549383,11678803,132819292,132779653,179610074,179713933,TRUE,624922952,555051042,0.21,0.42,0.37,0.89,228073233,326977809,0.41,6445077,12196466,11272901
00130GCF_002163495.1_Omyk_1.0.fna,80774,14725,0.18,32100,16581,17368,0.49,0.25,0.26,0.54,2612997,669304,782426,0.64,0.16,0.19,36371360,36263519,34178129,26609811,133422819,00130GCF_002163495.1_Omyk_1.0.fna,131961,0.43,13366282,19994238,17605643,213708668,213913774,282571902,282351577,TRUE,992545921,859123102,0.26,0.39,0.35,0.87,354987563,504135539,0.41,12696978,17381241,16823217
00131GCF_002197715.1_LonStrDom1.fna,31747,1319,0.04,14425,6602,9401,0.47,0.22,0.31,0.51,1476136,377255,570791,0.61,0.16,0.24,18251347,17412284,19366657,15293650,70323938,00131GCF_002197715.1_LonStrDom1.fna,3014,0.43,9242080,16398654,14722742,177063202,178268628,236647361,235158730,TRUE,827137921,756813983,0.23,0.41,0.36,0.91,319668199,437145784,0.42,8864825,14922518,14151951
00132GCF_900067755.1_pvi1.1.fna,39283,1919,0.05,17000,7894,12470,0.45,0.21,0.33,0.48,1580111,495017,670712,0.58,0.18,0.24,18433420,17505108,21189280,17254198,74382006,00132GCF_900067755.1_pvi1.1.fna,13749,0.42,14313415,21921306,20109277,242513686,242277991,329511079,329911249,TRUE,1144214005,1069831999,0.25,0.39,0.36,0.93,448853149,620978850,0.42,13818398,20341195,19438565
00133GCF_900080235.1_BallGen_V1.fna,37260,3161,0.08,17700,6898,9501,0.52,0.2,0.28,0.53,1292272,254479,409321,0.66,0.13,0.21,17705645,17531798,17129190,13585153,65951786,00133GCF_900080235.1_BallGen_V1.fna,13466,0.42,5729998,12606198,11110543,119570565,119483054,164195166,164237371,TRUE,567486156,501534370,0.19,0.43,0.38,0.88,203816176,297718194,0.41,5475519,11313926,10701222
